data,candidato,artigo,pageviews,fonte,url_fonte,observacao
2026-01-01,Augusto Cury,Augusto Cury,110,"Wikimedia REST API, pageviews per-article, all-access, agente user (coleta própria 1/9/2026)",https://pt.wikipedia.org/wiki/Augusto_Cury,
2026-01-01,Flávio Bolsonaro,Flávio Bolsonaro,827,"Wikimedia REST API, pageviews per-article, all-access, agente user (coleta própria 1/9/2026)",https://pt.wikipedia.org/wiki/Flávio_Bolsonaro,
2026-01-01,Lula,Luiz Inácio Lula da Silva,2208,"Wikimedia REST API, pageviews per-article, all-access, agente user (coleta própria 1/9/2026)",https://pt.wikipedia.org/wiki/Luiz_Inácio_Lula_da_Silva,
2026-01-01,Pablo Marçal,Pablo Marçal,345,"Wikimedia REST API, pageviews per-article, all-access, agente user (coleta própria 1/9/2026)",https://pt.wikipedia.org/wiki/Pablo_Marçal,
2026-01-01,Renan Santos,Renan Santos,593,"Wikimedia REST API, pageviews per-article, all-access, agente user (coleta própria 1/9/2026)",https://pt.wikipedia.org/wiki/Renan_Santos,verbete 'Renan Santos' (fundador do MBL); série corrigida em 1/9 à noite: a coleta anterior usara por engano o verbete do futebolista Renan dos Santos
2026-01-01,Romeu Zema,Romeu Zema,199,"Wikimedia REST API, pageviews per-article, all-access, agente user (coleta própria 1/9/2026)",https://pt.wikipedia.org/wiki/Romeu_Zema,
2026-01-01,Ronaldo Caiado,Ronaldo Caiado,295,"Wikimedia REST API, pageviews per-article, all-access, agente user (coleta própria 1/9/2026)",https://pt.wikipedia.org/wiki/Ronaldo_Caiado,
2026-01-02,Augusto Cury,Augusto Cury,179,"Wikimedia REST API, pageviews per-article, all-access, agente user (coleta própria 1/9/2026)",https://pt.wikipedia.org/wiki/Augusto_Cury,
2026-01-02,Flávio Bolsonaro,Flávio Bolsonaro,1568,"Wikimedia REST API, pageviews per-article, all-access, agente user (coleta própria 1/9/2026)",https://pt.wikipedia.org/wiki/Flávio_Bolsonaro,
2026-01-02,Lula,Luiz Inácio Lula da Silva,2105,"Wikimedia REST API, pageviews per-article, all-access, agente user (coleta própria 1/9/2026)",https://pt.wikipedia.org/wiki/Luiz_Inácio_Lula_da_Silva,
2026-01-02,Pablo Marçal,Pablo Marçal,450,"Wikimedia REST API, pageviews per-article, all-access, agente user (coleta própria 1/9/2026)",https://pt.wikipedia.org/wiki/Pablo_Marçal,
2026-01-02,Renan Santos,Renan Santos,737,"Wikimedia REST API, pageviews per-article, all-access, agente user (coleta própria 1/9/2026)",https://pt.wikipedia.org/wiki/Renan_Santos,
2026-01-02,Romeu Zema,Romeu Zema,304,"Wikimedia REST API, pageviews per-article, all-access, agente user (coleta própria 1/9/2026)",https://pt.wikipedia.org/wiki/Romeu_Zema,
2026-01-02,Ronaldo Caiado,Ronaldo Caiado,391,"Wikimedia REST API, pageviews per-article, all-access, agente user (coleta própria 1/9/2026)",https://pt.wikipedia.org/wiki/Ronaldo_Caiado,
2026-01-03,Augusto Cury,Augusto Cury,161,"Wikimedia REST API, pageviews per-article, all-access, agente user (coleta própria 1/9/2026)",https://pt.wikipedia.org/wiki/Augusto_Cury,
2026-01-03,Flávio Bolsonaro,Flávio Bolsonaro,1548,"Wikimedia REST API, pageviews per-article, all-access, agente user (coleta própria 1/9/2026)",https://pt.wikipedia.org/wiki/Flávio_Bolsonaro,
2026-01-03,Lula,Luiz Inácio Lula da Silva,3335,"Wikimedia REST API, pageviews per-article, all-access, agente user (coleta própria 1/9/2026)",https://pt.wikipedia.org/wiki/Luiz_Inácio_Lula_da_Silva,
2026-01-03,Pablo Marçal,Pablo Marçal,407,"Wikimedia REST API, pageviews per-article, all-access, agente user (coleta própria 1/9/2026)",https://pt.wikipedia.org/wiki/Pablo_Marçal,
2026-01-03,Renan Santos,Renan Santos,1236,"Wikimedia REST API, pageviews per-article, all-access, agente user (coleta própria 1/9/2026)",https://pt.wikipedia.org/wiki/Renan_Santos,
2026-01-03,Romeu Zema,Romeu Zema,308,"Wikimedia REST API, pageviews per-article, all-access, agente user (coleta própria 1/9/2026)",https://pt.wikipedia.org/wiki/Romeu_Zema,
2026-01-03,Ronaldo Caiado,Ronaldo Caiado,372,"Wikimedia REST API, pageviews per-article, all-access, agente user (coleta própria 1/9/2026)",https://pt.wikipedia.org/wiki/Ronaldo_Caiado,
2026-01-04,Augusto Cury,Augusto Cury,191,"Wikimedia REST API, pageviews per-article, all-access, agente user (coleta própria 1/9/2026)",https://pt.wikipedia.org/wiki/Augusto_Cury,
2026-01-04,Flávio Bolsonaro,Flávio Bolsonaro,1074,"Wikimedia REST API, pageviews per-article, all-access, agente user (coleta própria 1/9/2026)",https://pt.wikipedia.org/wiki/Flávio_Bolsonaro,
2026-01-04,Lula,Luiz Inácio Lula da Silva,3126,"Wikimedia REST API, pageviews per-article, all-access, agente user (coleta própria 1/9/2026)",https://pt.wikipedia.org/wiki/Luiz_Inácio_Lula_da_Silva,
2026-01-04,Pablo Marçal,Pablo Marçal,421,"Wikimedia REST API, pageviews per-article, all-access, agente user (coleta própria 1/9/2026)",https://pt.wikipedia.org/wiki/Pablo_Marçal,
2026-01-04,Renan Santos,Renan Santos,1066,"Wikimedia REST API, pageviews per-article, all-access, agente user (coleta própria 1/9/2026)",https://pt.wikipedia.org/wiki/Renan_Santos,
2026-01-04,Romeu Zema,Romeu Zema,257,"Wikimedia REST API, pageviews per-article, all-access, agente user (coleta própria 1/9/2026)",https://pt.wikipedia.org/wiki/Romeu_Zema,
2026-01-04,Ronaldo Caiado,Ronaldo Caiado,335,"Wikimedia REST API, pageviews per-article, all-access, agente user (coleta própria 1/9/2026)",https://pt.wikipedia.org/wiki/Ronaldo_Caiado,
2026-01-05,Augusto Cury,Augusto Cury,140,"Wikimedia REST API, pageviews per-article, all-access, agente user (coleta própria 1/9/2026)",https://pt.wikipedia.org/wiki/Augusto_Cury,
2026-01-05,Flávio Bolsonaro,Flávio Bolsonaro,847,"Wikimedia REST API, pageviews per-article, all-access, agente user (coleta própria 1/9/2026)",https://pt.wikipedia.org/wiki/Flávio_Bolsonaro,
2026-01-05,Lula,Luiz Inácio Lula da Silva,2636,"Wikimedia REST API, pageviews per-article, all-access, agente user (coleta própria 1/9/2026)",https://pt.wikipedia.org/wiki/Luiz_Inácio_Lula_da_Silva,
2026-01-05,Pablo Marçal,Pablo Marçal,347,"Wikimedia REST API, pageviews per-article, all-access, agente user (coleta própria 1/9/2026)",https://pt.wikipedia.org/wiki/Pablo_Marçal,
2026-01-05,Renan Santos,Renan Santos,959,"Wikimedia REST API, pageviews per-article, all-access, agente user (coleta própria 1/9/2026)",https://pt.wikipedia.org/wiki/Renan_Santos,
2026-01-05,Romeu Zema,Romeu Zema,327,"Wikimedia REST API, pageviews per-article, all-access, agente user (coleta própria 1/9/2026)",https://pt.wikipedia.org/wiki/Romeu_Zema,
2026-01-05,Ronaldo Caiado,Ronaldo Caiado,301,"Wikimedia REST API, pageviews per-article, all-access, agente user (coleta própria 1/9/2026)",https://pt.wikipedia.org/wiki/Ronaldo_Caiado,
2026-01-06,Augusto Cury,Augusto Cury,185,"Wikimedia REST API, pageviews per-article, all-access, agente user (coleta própria 1/9/2026)",https://pt.wikipedia.org/wiki/Augusto_Cury,
2026-01-06,Flávio Bolsonaro,Flávio Bolsonaro,796,"Wikimedia REST API, pageviews per-article, all-access, agente user (coleta própria 1/9/2026)",https://pt.wikipedia.org/wiki/Flávio_Bolsonaro,
2026-01-06,Lula,Luiz Inácio Lula da Silva,2503,"Wikimedia REST API, pageviews per-article, all-access, agente user (coleta própria 1/9/2026)",https://pt.wikipedia.org/wiki/Luiz_Inácio_Lula_da_Silva,
2026-01-06,Pablo Marçal,Pablo Marçal,396,"Wikimedia REST API, pageviews per-article, all-access, agente user (coleta própria 1/9/2026)",https://pt.wikipedia.org/wiki/Pablo_Marçal,
2026-01-06,Renan Santos,Renan Santos,1022,"Wikimedia REST API, pageviews per-article, all-access, agente user (coleta própria 1/9/2026)",https://pt.wikipedia.org/wiki/Renan_Santos,
2026-01-06,Romeu Zema,Romeu Zema,229,"Wikimedia REST API, pageviews per-article, all-access, agente user (coleta própria 1/9/2026)",https://pt.wikipedia.org/wiki/Romeu_Zema,
2026-01-06,Ronaldo Caiado,Ronaldo Caiado,295,"Wikimedia REST API, pageviews per-article, all-access, agente user (coleta própria 1/9/2026)",https://pt.wikipedia.org/wiki/Ronaldo_Caiado,
2026-01-07,Augusto Cury,Augusto Cury,182,"Wikimedia REST API, pageviews per-article, all-access, agente user (coleta própria 1/9/2026)",https://pt.wikipedia.org/wiki/Augusto_Cury,
2026-01-07,Flávio Bolsonaro,Flávio Bolsonaro,827,"Wikimedia REST API, pageviews per-article, all-access, agente user (coleta própria 1/9/2026)",https://pt.wikipedia.org/wiki/Flávio_Bolsonaro,
2026-01-07,Lula,Luiz Inácio Lula da Silva,2392,"Wikimedia REST API, pageviews per-article, all-access, agente user (coleta própria 1/9/2026)",https://pt.wikipedia.org/wiki/Luiz_Inácio_Lula_da_Silva,
2026-01-07,Pablo Marçal,Pablo Marçal,343,"Wikimedia REST API, pageviews per-article, all-access, agente user (coleta própria 1/9/2026)",https://pt.wikipedia.org/wiki/Pablo_Marçal,
2026-01-07,Renan Santos,Renan Santos,1013,"Wikimedia REST API, pageviews per-article, all-access, agente user (coleta própria 1/9/2026)",https://pt.wikipedia.org/wiki/Renan_Santos,
2026-01-07,Romeu Zema,Romeu Zema,169,"Wikimedia REST API, pageviews per-article, all-access, agente user (coleta própria 1/9/2026)",https://pt.wikipedia.org/wiki/Romeu_Zema,
2026-01-07,Ronaldo Caiado,Ronaldo Caiado,362,"Wikimedia REST API, pageviews per-article, all-access, agente user (coleta própria 1/9/2026)",https://pt.wikipedia.org/wiki/Ronaldo_Caiado,
2026-01-08,Augusto Cury,Augusto Cury,147,"Wikimedia REST API, pageviews per-article, all-access, agente user (coleta própria 1/9/2026)",https://pt.wikipedia.org/wiki/Augusto_Cury,
2026-01-08,Flávio Bolsonaro,Flávio Bolsonaro,717,"Wikimedia REST API, pageviews per-article, all-access, agente user (coleta própria 1/9/2026)",https://pt.wikipedia.org/wiki/Flávio_Bolsonaro,
2026-01-08,Lula,Luiz Inácio Lula da Silva,2418,"Wikimedia REST API, pageviews per-article, all-access, agente user (coleta própria 1/9/2026)",https://pt.wikipedia.org/wiki/Luiz_Inácio_Lula_da_Silva,
2026-01-08,Pablo Marçal,Pablo Marçal,337,"Wikimedia REST API, pageviews per-article, all-access, agente user (coleta própria 1/9/2026)",https://pt.wikipedia.org/wiki/Pablo_Marçal,
2026-01-08,Renan Santos,Renan Santos,955,"Wikimedia REST API, pageviews per-article, all-access, agente user (coleta própria 1/9/2026)",https://pt.wikipedia.org/wiki/Renan_Santos,
2026-01-08,Romeu Zema,Romeu Zema,222,"Wikimedia REST API, pageviews per-article, all-access, agente user (coleta própria 1/9/2026)",https://pt.wikipedia.org/wiki/Romeu_Zema,
2026-01-08,Ronaldo Caiado,Ronaldo Caiado,325,"Wikimedia REST API, pageviews per-article, all-access, agente user (coleta própria 1/9/2026)",https://pt.wikipedia.org/wiki/Ronaldo_Caiado,
2026-01-09,Augusto Cury,Augusto Cury,179,"Wikimedia REST API, pageviews per-article, all-access, agente user (coleta própria 1/9/2026)",https://pt.wikipedia.org/wiki/Augusto_Cury,
2026-01-09,Flávio Bolsonaro,Flávio Bolsonaro,702,"Wikimedia REST API, pageviews per-article, all-access, agente user (coleta própria 1/9/2026)",https://pt.wikipedia.org/wiki/Flávio_Bolsonaro,
2026-01-09,Lula,Luiz Inácio Lula da Silva,2204,"Wikimedia REST API, pageviews per-article, all-access, agente user (coleta própria 1/9/2026)",https://pt.wikipedia.org/wiki/Luiz_Inácio_Lula_da_Silva,
2026-01-09,Pablo Marçal,Pablo Marçal,304,"Wikimedia REST API, pageviews per-article, all-access, agente user (coleta própria 1/9/2026)",https://pt.wikipedia.org/wiki/Pablo_Marçal,
2026-01-09,Renan Santos,Renan Santos,957,"Wikimedia REST API, pageviews per-article, all-access, agente user (coleta própria 1/9/2026)",https://pt.wikipedia.org/wiki/Renan_Santos,
2026-01-09,Romeu Zema,Romeu Zema,223,"Wikimedia REST API, pageviews per-article, all-access, agente user (coleta própria 1/9/2026)",https://pt.wikipedia.org/wiki/Romeu_Zema,
2026-01-09,Ronaldo Caiado,Ronaldo Caiado,326,"Wikimedia REST API, pageviews per-article, all-access, agente user (coleta própria 1/9/2026)",https://pt.wikipedia.org/wiki/Ronaldo_Caiado,
2026-01-10,Augusto Cury,Augusto Cury,183,"Wikimedia REST API, pageviews per-article, all-access, agente user (coleta própria 1/9/2026)",https://pt.wikipedia.org/wiki/Augusto_Cury,
2026-01-10,Flávio Bolsonaro,Flávio Bolsonaro,640,"Wikimedia REST API, pageviews per-article, all-access, agente user (coleta própria 1/9/2026)",https://pt.wikipedia.org/wiki/Flávio_Bolsonaro,
2026-01-10,Lula,Luiz Inácio Lula da Silva,2124,"Wikimedia REST API, pageviews per-article, all-access, agente user (coleta própria 1/9/2026)",https://pt.wikipedia.org/wiki/Luiz_Inácio_Lula_da_Silva,
2026-01-10,Pablo Marçal,Pablo Marçal,334,"Wikimedia REST API, pageviews per-article, all-access, agente user (coleta própria 1/9/2026)",https://pt.wikipedia.org/wiki/Pablo_Marçal,
2026-01-10,Renan Santos,Renan Santos,667,"Wikimedia REST API, pageviews per-article, all-access, agente user (coleta própria 1/9/2026)",https://pt.wikipedia.org/wiki/Renan_Santos,
2026-01-10,Romeu Zema,Romeu Zema,195,"Wikimedia REST API, pageviews per-article, all-access, agente user (coleta própria 1/9/2026)",https://pt.wikipedia.org/wiki/Romeu_Zema,
2026-01-10,Ronaldo Caiado,Ronaldo Caiado,267,"Wikimedia REST API, pageviews per-article, all-access, agente user (coleta própria 1/9/2026)",https://pt.wikipedia.org/wiki/Ronaldo_Caiado,
2026-01-11,Augusto Cury,Augusto Cury,176,"Wikimedia REST API, pageviews per-article, all-access, agente user (coleta própria 1/9/2026)",https://pt.wikipedia.org/wiki/Augusto_Cury,
2026-01-11,Flávio Bolsonaro,Flávio Bolsonaro,704,"Wikimedia REST API, pageviews per-article, all-access, agente user (coleta própria 1/9/2026)",https://pt.wikipedia.org/wiki/Flávio_Bolsonaro,
2026-01-11,Lula,Luiz Inácio Lula da Silva,2312,"Wikimedia REST API, pageviews per-article, all-access, agente user (coleta própria 1/9/2026)",https://pt.wikipedia.org/wiki/Luiz_Inácio_Lula_da_Silva,
2026-01-11,Pablo Marçal,Pablo Marçal,332,"Wikimedia REST API, pageviews per-article, all-access, agente user (coleta própria 1/9/2026)",https://pt.wikipedia.org/wiki/Pablo_Marçal,
2026-01-11,Renan Santos,Renan Santos,892,"Wikimedia REST API, pageviews per-article, all-access, agente user (coleta própria 1/9/2026)",https://pt.wikipedia.org/wiki/Renan_Santos,
2026-01-11,Romeu Zema,Romeu Zema,229,"Wikimedia REST API, pageviews per-article, all-access, agente user (coleta própria 1/9/2026)",https://pt.wikipedia.org/wiki/Romeu_Zema,
2026-01-11,Ronaldo Caiado,Ronaldo Caiado,277,"Wikimedia REST API, pageviews per-article, all-access, agente user (coleta própria 1/9/2026)",https://pt.wikipedia.org/wiki/Ronaldo_Caiado,
2026-01-12,Augusto Cury,Augusto Cury,184,"Wikimedia REST API, pageviews per-article, all-access, agente user (coleta própria 1/9/2026)",https://pt.wikipedia.org/wiki/Augusto_Cury,
2026-01-12,Flávio Bolsonaro,Flávio Bolsonaro,807,"Wikimedia REST API, pageviews per-article, all-access, agente user (coleta própria 1/9/2026)",https://pt.wikipedia.org/wiki/Flávio_Bolsonaro,
2026-01-12,Lula,Luiz Inácio Lula da Silva,2405,"Wikimedia REST API, pageviews per-article, all-access, agente user (coleta própria 1/9/2026)",https://pt.wikipedia.org/wiki/Luiz_Inácio_Lula_da_Silva,
2026-01-12,Pablo Marçal,Pablo Marçal,349,"Wikimedia REST API, pageviews per-article, all-access, agente user (coleta própria 1/9/2026)",https://pt.wikipedia.org/wiki/Pablo_Marçal,
2026-01-12,Renan Santos,Renan Santos,1263,"Wikimedia REST API, pageviews per-article, all-access, agente user (coleta própria 1/9/2026)",https://pt.wikipedia.org/wiki/Renan_Santos,
2026-01-12,Romeu Zema,Romeu Zema,279,"Wikimedia REST API, pageviews per-article, all-access, agente user (coleta própria 1/9/2026)",https://pt.wikipedia.org/wiki/Romeu_Zema,
2026-01-12,Ronaldo Caiado,Ronaldo Caiado,277,"Wikimedia REST API, pageviews per-article, all-access, agente user (coleta própria 1/9/2026)",https://pt.wikipedia.org/wiki/Ronaldo_Caiado,
2026-01-13,Augusto Cury,Augusto Cury,189,"Wikimedia REST API, pageviews per-article, all-access, agente user (coleta própria 1/9/2026)",https://pt.wikipedia.org/wiki/Augusto_Cury,
2026-01-13,Flávio Bolsonaro,Flávio Bolsonaro,817,"Wikimedia REST API, pageviews per-article, all-access, agente user (coleta própria 1/9/2026)",https://pt.wikipedia.org/wiki/Flávio_Bolsonaro,
2026-01-13,Lula,Luiz Inácio Lula da Silva,2274,"Wikimedia REST API, pageviews per-article, all-access, agente user (coleta própria 1/9/2026)",https://pt.wikipedia.org/wiki/Luiz_Inácio_Lula_da_Silva,
2026-01-13,Pablo Marçal,Pablo Marçal,382,"Wikimedia REST API, pageviews per-article, all-access, agente user (coleta própria 1/9/2026)",https://pt.wikipedia.org/wiki/Pablo_Marçal,
2026-01-13,Renan Santos,Renan Santos,1385,"Wikimedia REST API, pageviews per-article, all-access, agente user (coleta própria 1/9/2026)",https://pt.wikipedia.org/wiki/Renan_Santos,
2026-01-13,Romeu Zema,Romeu Zema,280,"Wikimedia REST API, pageviews per-article, all-access, agente user (coleta própria 1/9/2026)",https://pt.wikipedia.org/wiki/Romeu_Zema,
2026-01-13,Ronaldo Caiado,Ronaldo Caiado,263,"Wikimedia REST API, pageviews per-article, all-access, agente user (coleta própria 1/9/2026)",https://pt.wikipedia.org/wiki/Ronaldo_Caiado,
2026-01-14,Augusto Cury,Augusto Cury,233,"Wikimedia REST API, pageviews per-article, all-access, agente user (coleta própria 1/9/2026)",https://pt.wikipedia.org/wiki/Augusto_Cury,
2026-01-14,Flávio Bolsonaro,Flávio Bolsonaro,895,"Wikimedia REST API, pageviews per-article, all-access, agente user (coleta própria 1/9/2026)",https://pt.wikipedia.org/wiki/Flávio_Bolsonaro,
2026-01-14,Lula,Luiz Inácio Lula da Silva,2135,"Wikimedia REST API, pageviews per-article, all-access, agente user (coleta própria 1/9/2026)",https://pt.wikipedia.org/wiki/Luiz_Inácio_Lula_da_Silva,
2026-01-14,Pablo Marçal,Pablo Marçal,339,"Wikimedia REST API, pageviews per-article, all-access, agente user (coleta própria 1/9/2026)",https://pt.wikipedia.org/wiki/Pablo_Marçal,
2026-01-14,Renan Santos,Renan Santos,1713,"Wikimedia REST API, pageviews per-article, all-access, agente user (coleta própria 1/9/2026)",https://pt.wikipedia.org/wiki/Renan_Santos,
2026-01-14,Romeu Zema,Romeu Zema,339,"Wikimedia REST API, pageviews per-article, all-access, agente user (coleta própria 1/9/2026)",https://pt.wikipedia.org/wiki/Romeu_Zema,
2026-01-14,Ronaldo Caiado,Ronaldo Caiado,359,"Wikimedia REST API, pageviews per-article, all-access, agente user (coleta própria 1/9/2026)",https://pt.wikipedia.org/wiki/Ronaldo_Caiado,
2026-01-15,Augusto Cury,Augusto Cury,224,"Wikimedia REST API, pageviews per-article, all-access, agente user (coleta própria 1/9/2026)",https://pt.wikipedia.org/wiki/Augusto_Cury,
2026-01-15,Flávio Bolsonaro,Flávio Bolsonaro,1008,"Wikimedia REST API, pageviews per-article, all-access, agente user (coleta própria 1/9/2026)",https://pt.wikipedia.org/wiki/Flávio_Bolsonaro,
2026-01-15,Lula,Luiz Inácio Lula da Silva,2064,"Wikimedia REST API, pageviews per-article, all-access, agente user (coleta própria 1/9/2026)",https://pt.wikipedia.org/wiki/Luiz_Inácio_Lula_da_Silva,
2026-01-15,Pablo Marçal,Pablo Marçal,323,"Wikimedia REST API, pageviews per-article, all-access, agente user (coleta própria 1/9/2026)",https://pt.wikipedia.org/wiki/Pablo_Marçal,
2026-01-15,Renan Santos,Renan Santos,1307,"Wikimedia REST API, pageviews per-article, all-access, agente user (coleta própria 1/9/2026)",https://pt.wikipedia.org/wiki/Renan_Santos,
2026-01-15,Romeu Zema,Romeu Zema,316,"Wikimedia REST API, pageviews per-article, all-access, agente user (coleta própria 1/9/2026)",https://pt.wikipedia.org/wiki/Romeu_Zema,
2026-01-15,Ronaldo Caiado,Ronaldo Caiado,350,"Wikimedia REST API, pageviews per-article, all-access, agente user (coleta própria 1/9/2026)",https://pt.wikipedia.org/wiki/Ronaldo_Caiado,
2026-01-16,Augusto Cury,Augusto Cury,212,"Wikimedia REST API, pageviews per-article, all-access, agente user (coleta própria 1/9/2026)",https://pt.wikipedia.org/wiki/Augusto_Cury,
2026-01-16,Flávio Bolsonaro,Flávio Bolsonaro,880,"Wikimedia REST API, pageviews per-article, all-access, agente user (coleta própria 1/9/2026)",https://pt.wikipedia.org/wiki/Flávio_Bolsonaro,
2026-01-16,Lula,Luiz Inácio Lula da Silva,2274,"Wikimedia REST API, pageviews per-article, all-access, agente user (coleta própria 1/9/2026)",https://pt.wikipedia.org/wiki/Luiz_Inácio_Lula_da_Silva,
2026-01-16,Pablo Marçal,Pablo Marçal,361,"Wikimedia REST API, pageviews per-article, all-access, agente user (coleta própria 1/9/2026)",https://pt.wikipedia.org/wiki/Pablo_Marçal,
2026-01-16,Renan Santos,Renan Santos,1085,"Wikimedia REST API, pageviews per-article, all-access, agente user (coleta própria 1/9/2026)",https://pt.wikipedia.org/wiki/Renan_Santos,
2026-01-16,Romeu Zema,Romeu Zema,252,"Wikimedia REST API, pageviews per-article, all-access, agente user (coleta própria 1/9/2026)",https://pt.wikipedia.org/wiki/Romeu_Zema,
2026-01-16,Ronaldo Caiado,Ronaldo Caiado,389,"Wikimedia REST API, pageviews per-article, all-access, agente user (coleta própria 1/9/2026)",https://pt.wikipedia.org/wiki/Ronaldo_Caiado,
2026-01-17,Augusto Cury,Augusto Cury,204,"Wikimedia REST API, pageviews per-article, all-access, agente user (coleta própria 1/9/2026)",https://pt.wikipedia.org/wiki/Augusto_Cury,
2026-01-17,Flávio Bolsonaro,Flávio Bolsonaro,812,"Wikimedia REST API, pageviews per-article, all-access, agente user (coleta própria 1/9/2026)",https://pt.wikipedia.org/wiki/Flávio_Bolsonaro,
2026-01-17,Lula,Luiz Inácio Lula da Silva,2027,"Wikimedia REST API, pageviews per-article, all-access, agente user (coleta própria 1/9/2026)",https://pt.wikipedia.org/wiki/Luiz_Inácio_Lula_da_Silva,
2026-01-17,Pablo Marçal,Pablo Marçal,299,"Wikimedia REST API, pageviews per-article, all-access, agente user (coleta própria 1/9/2026)",https://pt.wikipedia.org/wiki/Pablo_Marçal,
2026-01-17,Renan Santos,Renan Santos,1093,"Wikimedia REST API, pageviews per-article, all-access, agente user (coleta própria 1/9/2026)",https://pt.wikipedia.org/wiki/Renan_Santos,
2026-01-17,Romeu Zema,Romeu Zema,210,"Wikimedia REST API, pageviews per-article, all-access, agente user (coleta própria 1/9/2026)",https://pt.wikipedia.org/wiki/Romeu_Zema,
2026-01-17,Ronaldo Caiado,Ronaldo Caiado,367,"Wikimedia REST API, pageviews per-article, all-access, agente user (coleta própria 1/9/2026)",https://pt.wikipedia.org/wiki/Ronaldo_Caiado,
2026-01-18,Augusto Cury,Augusto Cury,189,"Wikimedia REST API, pageviews per-article, all-access, agente user (coleta própria 1/9/2026)",https://pt.wikipedia.org/wiki/Augusto_Cury,
2026-01-18,Flávio Bolsonaro,Flávio Bolsonaro,904,"Wikimedia REST API, pageviews per-article, all-access, agente user (coleta própria 1/9/2026)",https://pt.wikipedia.org/wiki/Flávio_Bolsonaro,
2026-01-18,Lula,Luiz Inácio Lula da Silva,2104,"Wikimedia REST API, pageviews per-article, all-access, agente user (coleta própria 1/9/2026)",https://pt.wikipedia.org/wiki/Luiz_Inácio_Lula_da_Silva,
2026-01-18,Pablo Marçal,Pablo Marçal,325,"Wikimedia REST API, pageviews per-article, all-access, agente user (coleta própria 1/9/2026)",https://pt.wikipedia.org/wiki/Pablo_Marçal,
2026-01-18,Renan Santos,Renan Santos,1011,"Wikimedia REST API, pageviews per-article, all-access, agente user (coleta própria 1/9/2026)",https://pt.wikipedia.org/wiki/Renan_Santos,
2026-01-18,Romeu Zema,Romeu Zema,266,"Wikimedia REST API, pageviews per-article, all-access, agente user (coleta própria 1/9/2026)",https://pt.wikipedia.org/wiki/Romeu_Zema,
2026-01-18,Ronaldo Caiado,Ronaldo Caiado,378,"Wikimedia REST API, pageviews per-article, all-access, agente user (coleta própria 1/9/2026)",https://pt.wikipedia.org/wiki/Ronaldo_Caiado,
2026-01-19,Augusto Cury,Augusto Cury,204,"Wikimedia REST API, pageviews per-article, all-access, agente user (coleta própria 1/9/2026)",https://pt.wikipedia.org/wiki/Augusto_Cury,
2026-01-19,Flávio Bolsonaro,Flávio Bolsonaro,829,"Wikimedia REST API, pageviews per-article, all-access, agente user (coleta própria 1/9/2026)",https://pt.wikipedia.org/wiki/Flávio_Bolsonaro,
2026-01-19,Lula,Luiz Inácio Lula da Silva,2021,"Wikimedia REST API, pageviews per-article, all-access, agente user (coleta própria 1/9/2026)",https://pt.wikipedia.org/wiki/Luiz_Inácio_Lula_da_Silva,
2026-01-19,Pablo Marçal,Pablo Marçal,343,"Wikimedia REST API, pageviews per-article, all-access, agente user (coleta própria 1/9/2026)",https://pt.wikipedia.org/wiki/Pablo_Marçal,
2026-01-19,Renan Santos,Renan Santos,919,"Wikimedia REST API, pageviews per-article, all-access, agente user (coleta própria 1/9/2026)",https://pt.wikipedia.org/wiki/Renan_Santos,
2026-01-19,Romeu Zema,Romeu Zema,272,"Wikimedia REST API, pageviews per-article, all-access, agente user (coleta própria 1/9/2026)",https://pt.wikipedia.org/wiki/Romeu_Zema,
2026-01-19,Ronaldo Caiado,Ronaldo Caiado,355,"Wikimedia REST API, pageviews per-article, all-access, agente user (coleta própria 1/9/2026)",https://pt.wikipedia.org/wiki/Ronaldo_Caiado,
2026-01-20,Augusto Cury,Augusto Cury,213,"Wikimedia REST API, pageviews per-article, all-access, agente user (coleta própria 1/9/2026)",https://pt.wikipedia.org/wiki/Augusto_Cury,
2026-01-20,Flávio Bolsonaro,Flávio Bolsonaro,866,"Wikimedia REST API, pageviews per-article, all-access, agente user (coleta própria 1/9/2026)",https://pt.wikipedia.org/wiki/Flávio_Bolsonaro,
2026-01-20,Lula,Luiz Inácio Lula da Silva,1845,"Wikimedia REST API, pageviews per-article, all-access, agente user (coleta própria 1/9/2026)",https://pt.wikipedia.org/wiki/Luiz_Inácio_Lula_da_Silva,
2026-01-20,Pablo Marçal,Pablo Marçal,313,"Wikimedia REST API, pageviews per-article, all-access, agente user (coleta própria 1/9/2026)",https://pt.wikipedia.org/wiki/Pablo_Marçal,
2026-01-20,Renan Santos,Renan Santos,990,"Wikimedia REST API, pageviews per-article, all-access, agente user (coleta própria 1/9/2026)",https://pt.wikipedia.org/wiki/Renan_Santos,
2026-01-20,Romeu Zema,Romeu Zema,241,"Wikimedia REST API, pageviews per-article, all-access, agente user (coleta própria 1/9/2026)",https://pt.wikipedia.org/wiki/Romeu_Zema,
2026-01-20,Ronaldo Caiado,Ronaldo Caiado,446,"Wikimedia REST API, pageviews per-article, all-access, agente user (coleta própria 1/9/2026)",https://pt.wikipedia.org/wiki/Ronaldo_Caiado,
2026-01-21,Augusto Cury,Augusto Cury,211,"Wikimedia REST API, pageviews per-article, all-access, agente user (coleta própria 1/9/2026)",https://pt.wikipedia.org/wiki/Augusto_Cury,
2026-01-21,Flávio Bolsonaro,Flávio Bolsonaro,982,"Wikimedia REST API, pageviews per-article, all-access, agente user (coleta própria 1/9/2026)",https://pt.wikipedia.org/wiki/Flávio_Bolsonaro,
2026-01-21,Lula,Luiz Inácio Lula da Silva,1771,"Wikimedia REST API, pageviews per-article, all-access, agente user (coleta própria 1/9/2026)",https://pt.wikipedia.org/wiki/Luiz_Inácio_Lula_da_Silva,
2026-01-21,Pablo Marçal,Pablo Marçal,452,"Wikimedia REST API, pageviews per-article, all-access, agente user (coleta própria 1/9/2026)",https://pt.wikipedia.org/wiki/Pablo_Marçal,
2026-01-21,Renan Santos,Renan Santos,1862,"Wikimedia REST API, pageviews per-article, all-access, agente user (coleta própria 1/9/2026)",https://pt.wikipedia.org/wiki/Renan_Santos,
2026-01-21,Romeu Zema,Romeu Zema,258,"Wikimedia REST API, pageviews per-article, all-access, agente user (coleta própria 1/9/2026)",https://pt.wikipedia.org/wiki/Romeu_Zema,
2026-01-21,Ronaldo Caiado,Ronaldo Caiado,479,"Wikimedia REST API, pageviews per-article, all-access, agente user (coleta própria 1/9/2026)",https://pt.wikipedia.org/wiki/Ronaldo_Caiado,
2026-01-22,Augusto Cury,Augusto Cury,220,"Wikimedia REST API, pageviews per-article, all-access, agente user (coleta própria 1/9/2026)",https://pt.wikipedia.org/wiki/Augusto_Cury,
2026-01-22,Flávio Bolsonaro,Flávio Bolsonaro,1211,"Wikimedia REST API, pageviews per-article, all-access, agente user (coleta própria 1/9/2026)",https://pt.wikipedia.org/wiki/Flávio_Bolsonaro,
2026-01-22,Lula,Luiz Inácio Lula da Silva,1816,"Wikimedia REST API, pageviews per-article, all-access, agente user (coleta própria 1/9/2026)",https://pt.wikipedia.org/wiki/Luiz_Inácio_Lula_da_Silva,
2026-01-22,Pablo Marçal,Pablo Marçal,490,"Wikimedia REST API, pageviews per-article, all-access, agente user (coleta própria 1/9/2026)",https://pt.wikipedia.org/wiki/Pablo_Marçal,
2026-01-22,Renan Santos,Renan Santos,1553,"Wikimedia REST API, pageviews per-article, all-access, agente user (coleta própria 1/9/2026)",https://pt.wikipedia.org/wiki/Renan_Santos,
2026-01-22,Romeu Zema,Romeu Zema,270,"Wikimedia REST API, pageviews per-article, all-access, agente user (coleta própria 1/9/2026)",https://pt.wikipedia.org/wiki/Romeu_Zema,
2026-01-22,Ronaldo Caiado,Ronaldo Caiado,384,"Wikimedia REST API, pageviews per-article, all-access, agente user (coleta própria 1/9/2026)",https://pt.wikipedia.org/wiki/Ronaldo_Caiado,
2026-01-23,Augusto Cury,Augusto Cury,186,"Wikimedia REST API, pageviews per-article, all-access, agente user (coleta própria 1/9/2026)",https://pt.wikipedia.org/wiki/Augusto_Cury,
2026-01-23,Flávio Bolsonaro,Flávio Bolsonaro,1449,"Wikimedia REST API, pageviews per-article, all-access, agente user (coleta própria 1/9/2026)",https://pt.wikipedia.org/wiki/Flávio_Bolsonaro,
2026-01-23,Lula,Luiz Inácio Lula da Silva,1947,"Wikimedia REST API, pageviews per-article, all-access, agente user (coleta própria 1/9/2026)",https://pt.wikipedia.org/wiki/Luiz_Inácio_Lula_da_Silva,
2026-01-23,Pablo Marçal,Pablo Marçal,366,"Wikimedia REST API, pageviews per-article, all-access, agente user (coleta própria 1/9/2026)",https://pt.wikipedia.org/wiki/Pablo_Marçal,
2026-01-23,Renan Santos,Renan Santos,1633,"Wikimedia REST API, pageviews per-article, all-access, agente user (coleta própria 1/9/2026)",https://pt.wikipedia.org/wiki/Renan_Santos,
2026-01-23,Romeu Zema,Romeu Zema,424,"Wikimedia REST API, pageviews per-article, all-access, agente user (coleta própria 1/9/2026)",https://pt.wikipedia.org/wiki/Romeu_Zema,
2026-01-23,Ronaldo Caiado,Ronaldo Caiado,399,"Wikimedia REST API, pageviews per-article, all-access, agente user (coleta própria 1/9/2026)",https://pt.wikipedia.org/wiki/Ronaldo_Caiado,
2026-01-24,Augusto Cury,Augusto Cury,186,"Wikimedia REST API, pageviews per-article, all-access, agente user (coleta própria 1/9/2026)",https://pt.wikipedia.org/wiki/Augusto_Cury,
2026-01-24,Flávio Bolsonaro,Flávio Bolsonaro,1384,"Wikimedia REST API, pageviews per-article, all-access, agente user (coleta própria 1/9/2026)",https://pt.wikipedia.org/wiki/Flávio_Bolsonaro,
2026-01-24,Lula,Luiz Inácio Lula da Silva,1964,"Wikimedia REST API, pageviews per-article, all-access, agente user (coleta própria 1/9/2026)",https://pt.wikipedia.org/wiki/Luiz_Inácio_Lula_da_Silva,
2026-01-24,Pablo Marçal,Pablo Marçal,355,"Wikimedia REST API, pageviews per-article, all-access, agente user (coleta própria 1/9/2026)",https://pt.wikipedia.org/wiki/Pablo_Marçal,
2026-01-24,Renan Santos,Renan Santos,1309,"Wikimedia REST API, pageviews per-article, all-access, agente user (coleta própria 1/9/2026)",https://pt.wikipedia.org/wiki/Renan_Santos,
2026-01-24,Romeu Zema,Romeu Zema,333,"Wikimedia REST API, pageviews per-article, all-access, agente user (coleta própria 1/9/2026)",https://pt.wikipedia.org/wiki/Romeu_Zema,
2026-01-24,Ronaldo Caiado,Ronaldo Caiado,386,"Wikimedia REST API, pageviews per-article, all-access, agente user (coleta própria 1/9/2026)",https://pt.wikipedia.org/wiki/Ronaldo_Caiado,
2026-01-25,Augusto Cury,Augusto Cury,173,"Wikimedia REST API, pageviews per-article, all-access, agente user (coleta própria 1/9/2026)",https://pt.wikipedia.org/wiki/Augusto_Cury,
2026-01-25,Flávio Bolsonaro,Flávio Bolsonaro,1600,"Wikimedia REST API, pageviews per-article, all-access, agente user (coleta própria 1/9/2026)",https://pt.wikipedia.org/wiki/Flávio_Bolsonaro,
2026-01-25,Lula,Luiz Inácio Lula da Silva,2207,"Wikimedia REST API, pageviews per-article, all-access, agente user (coleta própria 1/9/2026)",https://pt.wikipedia.org/wiki/Luiz_Inácio_Lula_da_Silva,
2026-01-25,Pablo Marçal,Pablo Marçal,403,"Wikimedia REST API, pageviews per-article, all-access, agente user (coleta própria 1/9/2026)",https://pt.wikipedia.org/wiki/Pablo_Marçal,
2026-01-25,Renan Santos,Renan Santos,1475,"Wikimedia REST API, pageviews per-article, all-access, agente user (coleta própria 1/9/2026)",https://pt.wikipedia.org/wiki/Renan_Santos,
2026-01-25,Romeu Zema,Romeu Zema,333,"Wikimedia REST API, pageviews per-article, all-access, agente user (coleta própria 1/9/2026)",https://pt.wikipedia.org/wiki/Romeu_Zema,
2026-01-25,Ronaldo Caiado,Ronaldo Caiado,410,"Wikimedia REST API, pageviews per-article, all-access, agente user (coleta própria 1/9/2026)",https://pt.wikipedia.org/wiki/Ronaldo_Caiado,
2026-01-26,Augusto Cury,Augusto Cury,177,"Wikimedia REST API, pageviews per-article, all-access, agente user (coleta própria 1/9/2026)",https://pt.wikipedia.org/wiki/Augusto_Cury,
2026-01-26,Flávio Bolsonaro,Flávio Bolsonaro,1316,"Wikimedia REST API, pageviews per-article, all-access, agente user (coleta própria 1/9/2026)",https://pt.wikipedia.org/wiki/Flávio_Bolsonaro,
2026-01-26,Lula,Luiz Inácio Lula da Silva,2173,"Wikimedia REST API, pageviews per-article, all-access, agente user (coleta própria 1/9/2026)",https://pt.wikipedia.org/wiki/Luiz_Inácio_Lula_da_Silva,
2026-01-26,Pablo Marçal,Pablo Marçal,365,"Wikimedia REST API, pageviews per-article, all-access, agente user (coleta própria 1/9/2026)",https://pt.wikipedia.org/wiki/Pablo_Marçal,
2026-01-26,Renan Santos,Renan Santos,1545,"Wikimedia REST API, pageviews per-article, all-access, agente user (coleta própria 1/9/2026)",https://pt.wikipedia.org/wiki/Renan_Santos,
2026-01-26,Romeu Zema,Romeu Zema,372,"Wikimedia REST API, pageviews per-article, all-access, agente user (coleta própria 1/9/2026)",https://pt.wikipedia.org/wiki/Romeu_Zema,
2026-01-26,Ronaldo Caiado,Ronaldo Caiado,337,"Wikimedia REST API, pageviews per-article, all-access, agente user (coleta própria 1/9/2026)",https://pt.wikipedia.org/wiki/Ronaldo_Caiado,
2026-01-27,Augusto Cury,Augusto Cury,205,"Wikimedia REST API, pageviews per-article, all-access, agente user (coleta própria 1/9/2026)",https://pt.wikipedia.org/wiki/Augusto_Cury,
2026-01-27,Flávio Bolsonaro,Flávio Bolsonaro,1325,"Wikimedia REST API, pageviews per-article, all-access, agente user (coleta própria 1/9/2026)",https://pt.wikipedia.org/wiki/Flávio_Bolsonaro,
2026-01-27,Lula,Luiz Inácio Lula da Silva,1923,"Wikimedia REST API, pageviews per-article, all-access, agente user (coleta própria 1/9/2026)",https://pt.wikipedia.org/wiki/Luiz_Inácio_Lula_da_Silva,
2026-01-27,Pablo Marçal,Pablo Marçal,374,"Wikimedia REST API, pageviews per-article, all-access, agente user (coleta própria 1/9/2026)",https://pt.wikipedia.org/wiki/Pablo_Marçal,
2026-01-27,Renan Santos,Renan Santos,1475,"Wikimedia REST API, pageviews per-article, all-access, agente user (coleta própria 1/9/2026)",https://pt.wikipedia.org/wiki/Renan_Santos,
2026-01-27,Romeu Zema,Romeu Zema,282,"Wikimedia REST API, pageviews per-article, all-access, agente user (coleta própria 1/9/2026)",https://pt.wikipedia.org/wiki/Romeu_Zema,
2026-01-27,Ronaldo Caiado,Ronaldo Caiado,826,"Wikimedia REST API, pageviews per-article, all-access, agente user (coleta própria 1/9/2026)",https://pt.wikipedia.org/wiki/Ronaldo_Caiado,
2026-01-28,Augusto Cury,Augusto Cury,199,"Wikimedia REST API, pageviews per-article, all-access, agente user (coleta própria 1/9/2026)",https://pt.wikipedia.org/wiki/Augusto_Cury,
2026-01-28,Flávio Bolsonaro,Flávio Bolsonaro,1414,"Wikimedia REST API, pageviews per-article, all-access, agente user (coleta própria 1/9/2026)",https://pt.wikipedia.org/wiki/Flávio_Bolsonaro,
2026-01-28,Lula,Luiz Inácio Lula da Silva,1896,"Wikimedia REST API, pageviews per-article, all-access, agente user (coleta própria 1/9/2026)",https://pt.wikipedia.org/wiki/Luiz_Inácio_Lula_da_Silva,
2026-01-28,Pablo Marçal,Pablo Marçal,344,"Wikimedia REST API, pageviews per-article, all-access, agente user (coleta própria 1/9/2026)",https://pt.wikipedia.org/wiki/Pablo_Marçal,
2026-01-28,Renan Santos,Renan Santos,1561,"Wikimedia REST API, pageviews per-article, all-access, agente user (coleta própria 1/9/2026)",https://pt.wikipedia.org/wiki/Renan_Santos,
2026-01-28,Romeu Zema,Romeu Zema,437,"Wikimedia REST API, pageviews per-article, all-access, agente user (coleta própria 1/9/2026)",https://pt.wikipedia.org/wiki/Romeu_Zema,
2026-01-28,Ronaldo Caiado,Ronaldo Caiado,3595,"Wikimedia REST API, pageviews per-article, all-access, agente user (coleta própria 1/9/2026)",https://pt.wikipedia.org/wiki/Ronaldo_Caiado,
2026-01-29,Augusto Cury,Augusto Cury,223,"Wikimedia REST API, pageviews per-article, all-access, agente user (coleta própria 1/9/2026)",https://pt.wikipedia.org/wiki/Augusto_Cury,
2026-01-29,Flávio Bolsonaro,Flávio Bolsonaro,1336,"Wikimedia REST API, pageviews per-article, all-access, agente user (coleta própria 1/9/2026)",https://pt.wikipedia.org/wiki/Flávio_Bolsonaro,
2026-01-29,Lula,Luiz Inácio Lula da Silva,1740,"Wikimedia REST API, pageviews per-article, all-access, agente user (coleta própria 1/9/2026)",https://pt.wikipedia.org/wiki/Luiz_Inácio_Lula_da_Silva,
2026-01-29,Pablo Marçal,Pablo Marçal,376,"Wikimedia REST API, pageviews per-article, all-access, agente user (coleta própria 1/9/2026)",https://pt.wikipedia.org/wiki/Pablo_Marçal,
2026-01-29,Renan Santos,Renan Santos,1546,"Wikimedia REST API, pageviews per-article, all-access, agente user (coleta própria 1/9/2026)",https://pt.wikipedia.org/wiki/Renan_Santos,
2026-01-29,Romeu Zema,Romeu Zema,442,"Wikimedia REST API, pageviews per-article, all-access, agente user (coleta própria 1/9/2026)",https://pt.wikipedia.org/wiki/Romeu_Zema,
2026-01-29,Ronaldo Caiado,Ronaldo Caiado,1648,"Wikimedia REST API, pageviews per-article, all-access, agente user (coleta própria 1/9/2026)",https://pt.wikipedia.org/wiki/Ronaldo_Caiado,
2026-01-30,Augusto Cury,Augusto Cury,221,"Wikimedia REST API, pageviews per-article, all-access, agente user (coleta própria 1/9/2026)",https://pt.wikipedia.org/wiki/Augusto_Cury,
2026-01-30,Flávio Bolsonaro,Flávio Bolsonaro,1276,"Wikimedia REST API, pageviews per-article, all-access, agente user (coleta própria 1/9/2026)",https://pt.wikipedia.org/wiki/Flávio_Bolsonaro,
2026-01-30,Lula,Luiz Inácio Lula da Silva,1823,"Wikimedia REST API, pageviews per-article, all-access, agente user (coleta própria 1/9/2026)",https://pt.wikipedia.org/wiki/Luiz_Inácio_Lula_da_Silva,
2026-01-30,Pablo Marçal,Pablo Marçal,344,"Wikimedia REST API, pageviews per-article, all-access, agente user (coleta própria 1/9/2026)",https://pt.wikipedia.org/wiki/Pablo_Marçal,
2026-01-30,Renan Santos,Renan Santos,1773,"Wikimedia REST API, pageviews per-article, all-access, agente user (coleta própria 1/9/2026)",https://pt.wikipedia.org/wiki/Renan_Santos,
2026-01-30,Romeu Zema,Romeu Zema,427,"Wikimedia REST API, pageviews per-article, all-access, agente user (coleta própria 1/9/2026)",https://pt.wikipedia.org/wiki/Romeu_Zema,
2026-01-30,Ronaldo Caiado,Ronaldo Caiado,1079,"Wikimedia REST API, pageviews per-article, all-access, agente user (coleta própria 1/9/2026)",https://pt.wikipedia.org/wiki/Ronaldo_Caiado,
2026-01-31,Augusto Cury,Augusto Cury,197,"Wikimedia REST API, pageviews per-article, all-access, agente user (coleta própria 1/9/2026)",https://pt.wikipedia.org/wiki/Augusto_Cury,
2026-01-31,Flávio Bolsonaro,Flávio Bolsonaro,1137,"Wikimedia REST API, pageviews per-article, all-access, agente user (coleta própria 1/9/2026)",https://pt.wikipedia.org/wiki/Flávio_Bolsonaro,
2026-01-31,Lula,Luiz Inácio Lula da Silva,1841,"Wikimedia REST API, pageviews per-article, all-access, agente user (coleta própria 1/9/2026)",https://pt.wikipedia.org/wiki/Luiz_Inácio_Lula_da_Silva,
2026-01-31,Pablo Marçal,Pablo Marçal,318,"Wikimedia REST API, pageviews per-article, all-access, agente user (coleta própria 1/9/2026)",https://pt.wikipedia.org/wiki/Pablo_Marçal,
2026-01-31,Renan Santos,Renan Santos,2057,"Wikimedia REST API, pageviews per-article, all-access, agente user (coleta própria 1/9/2026)",https://pt.wikipedia.org/wiki/Renan_Santos,
2026-01-31,Romeu Zema,Romeu Zema,396,"Wikimedia REST API, pageviews per-article, all-access, agente user (coleta própria 1/9/2026)",https://pt.wikipedia.org/wiki/Romeu_Zema,
2026-01-31,Ronaldo Caiado,Ronaldo Caiado,749,"Wikimedia REST API, pageviews per-article, all-access, agente user (coleta própria 1/9/2026)",https://pt.wikipedia.org/wiki/Ronaldo_Caiado,
2026-02-01,Augusto Cury,Augusto Cury,213,"Wikimedia REST API, pageviews per-article, all-access, agente user (coleta própria 1/9/2026)",https://pt.wikipedia.org/wiki/Augusto_Cury,
2026-02-01,Flávio Bolsonaro,Flávio Bolsonaro,962,"Wikimedia REST API, pageviews per-article, all-access, agente user (coleta própria 1/9/2026)",https://pt.wikipedia.org/wiki/Flávio_Bolsonaro,
2026-02-01,Lula,Luiz Inácio Lula da Silva,1631,"Wikimedia REST API, pageviews per-article, all-access, agente user (coleta própria 1/9/2026)",https://pt.wikipedia.org/wiki/Luiz_Inácio_Lula_da_Silva,
2026-02-01,Pablo Marçal,Pablo Marçal,305,"Wikimedia REST API, pageviews per-article, all-access, agente user (coleta própria 1/9/2026)",https://pt.wikipedia.org/wiki/Pablo_Marçal,
2026-02-01,Renan Santos,Renan Santos,1613,"Wikimedia REST API, pageviews per-article, all-access, agente user (coleta própria 1/9/2026)",https://pt.wikipedia.org/wiki/Renan_Santos,
2026-02-01,Romeu Zema,Romeu Zema,406,"Wikimedia REST API, pageviews per-article, all-access, agente user (coleta própria 1/9/2026)",https://pt.wikipedia.org/wiki/Romeu_Zema,
2026-02-01,Ronaldo Caiado,Ronaldo Caiado,681,"Wikimedia REST API, pageviews per-article, all-access, agente user (coleta própria 1/9/2026)",https://pt.wikipedia.org/wiki/Ronaldo_Caiado,
2026-02-02,Augusto Cury,Augusto Cury,250,"Wikimedia REST API, pageviews per-article, all-access, agente user (coleta própria 1/9/2026)",https://pt.wikipedia.org/wiki/Augusto_Cury,
2026-02-02,Flávio Bolsonaro,Flávio Bolsonaro,848,"Wikimedia REST API, pageviews per-article, all-access, agente user (coleta própria 1/9/2026)",https://pt.wikipedia.org/wiki/Flávio_Bolsonaro,
2026-02-02,Lula,Luiz Inácio Lula da Silva,1572,"Wikimedia REST API, pageviews per-article, all-access, agente user (coleta própria 1/9/2026)",https://pt.wikipedia.org/wiki/Luiz_Inácio_Lula_da_Silva,
2026-02-02,Pablo Marçal,Pablo Marçal,392,"Wikimedia REST API, pageviews per-article, all-access, agente user (coleta própria 1/9/2026)",https://pt.wikipedia.org/wiki/Pablo_Marçal,
2026-02-02,Renan Santos,Renan Santos,1265,"Wikimedia REST API, pageviews per-article, all-access, agente user (coleta própria 1/9/2026)",https://pt.wikipedia.org/wiki/Renan_Santos,
2026-02-02,Romeu Zema,Romeu Zema,437,"Wikimedia REST API, pageviews per-article, all-access, agente user (coleta própria 1/9/2026)",https://pt.wikipedia.org/wiki/Romeu_Zema,
2026-02-02,Ronaldo Caiado,Ronaldo Caiado,575,"Wikimedia REST API, pageviews per-article, all-access, agente user (coleta própria 1/9/2026)",https://pt.wikipedia.org/wiki/Ronaldo_Caiado,
2026-02-03,Augusto Cury,Augusto Cury,386,"Wikimedia REST API, pageviews per-article, all-access, agente user (coleta própria 1/9/2026)",https://pt.wikipedia.org/wiki/Augusto_Cury,
2026-02-03,Flávio Bolsonaro,Flávio Bolsonaro,792,"Wikimedia REST API, pageviews per-article, all-access, agente user (coleta própria 1/9/2026)",https://pt.wikipedia.org/wiki/Flávio_Bolsonaro,
2026-02-03,Lula,Luiz Inácio Lula da Silva,1605,"Wikimedia REST API, pageviews per-article, all-access, agente user (coleta própria 1/9/2026)",https://pt.wikipedia.org/wiki/Luiz_Inácio_Lula_da_Silva,
2026-02-03,Pablo Marçal,Pablo Marçal,317,"Wikimedia REST API, pageviews per-article, all-access, agente user (coleta própria 1/9/2026)",https://pt.wikipedia.org/wiki/Pablo_Marçal,
2026-02-03,Renan Santos,Renan Santos,1361,"Wikimedia REST API, pageviews per-article, all-access, agente user (coleta própria 1/9/2026)",https://pt.wikipedia.org/wiki/Renan_Santos,
2026-02-03,Romeu Zema,Romeu Zema,376,"Wikimedia REST API, pageviews per-article, all-access, agente user (coleta própria 1/9/2026)",https://pt.wikipedia.org/wiki/Romeu_Zema,
2026-02-03,Ronaldo Caiado,Ronaldo Caiado,422,"Wikimedia REST API, pageviews per-article, all-access, agente user (coleta própria 1/9/2026)",https://pt.wikipedia.org/wiki/Ronaldo_Caiado,
2026-02-04,Augusto Cury,Augusto Cury,269,"Wikimedia REST API, pageviews per-article, all-access, agente user (coleta própria 1/9/2026)",https://pt.wikipedia.org/wiki/Augusto_Cury,
2026-02-04,Flávio Bolsonaro,Flávio Bolsonaro,857,"Wikimedia REST API, pageviews per-article, all-access, agente user (coleta própria 1/9/2026)",https://pt.wikipedia.org/wiki/Flávio_Bolsonaro,
2026-02-04,Lula,Luiz Inácio Lula da Silva,1506,"Wikimedia REST API, pageviews per-article, all-access, agente user (coleta própria 1/9/2026)",https://pt.wikipedia.org/wiki/Luiz_Inácio_Lula_da_Silva,
2026-02-04,Pablo Marçal,Pablo Marçal,299,"Wikimedia REST API, pageviews per-article, all-access, agente user (coleta própria 1/9/2026)",https://pt.wikipedia.org/wiki/Pablo_Marçal,
2026-02-04,Renan Santos,Renan Santos,1408,"Wikimedia REST API, pageviews per-article, all-access, agente user (coleta própria 1/9/2026)",https://pt.wikipedia.org/wiki/Renan_Santos,
2026-02-04,Romeu Zema,Romeu Zema,278,"Wikimedia REST API, pageviews per-article, all-access, agente user (coleta própria 1/9/2026)",https://pt.wikipedia.org/wiki/Romeu_Zema,
2026-02-04,Ronaldo Caiado,Ronaldo Caiado,450,"Wikimedia REST API, pageviews per-article, all-access, agente user (coleta própria 1/9/2026)",https://pt.wikipedia.org/wiki/Ronaldo_Caiado,
2026-02-05,Augusto Cury,Augusto Cury,225,"Wikimedia REST API, pageviews per-article, all-access, agente user (coleta própria 1/9/2026)",https://pt.wikipedia.org/wiki/Augusto_Cury,
2026-02-05,Flávio Bolsonaro,Flávio Bolsonaro,771,"Wikimedia REST API, pageviews per-article, all-access, agente user (coleta própria 1/9/2026)",https://pt.wikipedia.org/wiki/Flávio_Bolsonaro,
2026-02-05,Lula,Luiz Inácio Lula da Silva,1559,"Wikimedia REST API, pageviews per-article, all-access, agente user (coleta própria 1/9/2026)",https://pt.wikipedia.org/wiki/Luiz_Inácio_Lula_da_Silva,
2026-02-05,Pablo Marçal,Pablo Marçal,223,"Wikimedia REST API, pageviews per-article, all-access, agente user (coleta própria 1/9/2026)",https://pt.wikipedia.org/wiki/Pablo_Marçal,
2026-02-05,Renan Santos,Renan Santos,1254,"Wikimedia REST API, pageviews per-article, all-access, agente user (coleta própria 1/9/2026)",https://pt.wikipedia.org/wiki/Renan_Santos,
2026-02-05,Romeu Zema,Romeu Zema,274,"Wikimedia REST API, pageviews per-article, all-access, agente user (coleta própria 1/9/2026)",https://pt.wikipedia.org/wiki/Romeu_Zema,
2026-02-05,Ronaldo Caiado,Ronaldo Caiado,345,"Wikimedia REST API, pageviews per-article, all-access, agente user (coleta própria 1/9/2026)",https://pt.wikipedia.org/wiki/Ronaldo_Caiado,
2026-02-06,Augusto Cury,Augusto Cury,211,"Wikimedia REST API, pageviews per-article, all-access, agente user (coleta própria 1/9/2026)",https://pt.wikipedia.org/wiki/Augusto_Cury,
2026-02-06,Flávio Bolsonaro,Flávio Bolsonaro,858,"Wikimedia REST API, pageviews per-article, all-access, agente user (coleta própria 1/9/2026)",https://pt.wikipedia.org/wiki/Flávio_Bolsonaro,
2026-02-06,Lula,Luiz Inácio Lula da Silva,1532,"Wikimedia REST API, pageviews per-article, all-access, agente user (coleta própria 1/9/2026)",https://pt.wikipedia.org/wiki/Luiz_Inácio_Lula_da_Silva,
2026-02-06,Pablo Marçal,Pablo Marçal,254,"Wikimedia REST API, pageviews per-article, all-access, agente user (coleta própria 1/9/2026)",https://pt.wikipedia.org/wiki/Pablo_Marçal,
2026-02-06,Renan Santos,Renan Santos,968,"Wikimedia REST API, pageviews per-article, all-access, agente user (coleta própria 1/9/2026)",https://pt.wikipedia.org/wiki/Renan_Santos,
2026-02-06,Romeu Zema,Romeu Zema,236,"Wikimedia REST API, pageviews per-article, all-access, agente user (coleta própria 1/9/2026)",https://pt.wikipedia.org/wiki/Romeu_Zema,
2026-02-06,Ronaldo Caiado,Ronaldo Caiado,279,"Wikimedia REST API, pageviews per-article, all-access, agente user (coleta própria 1/9/2026)",https://pt.wikipedia.org/wiki/Ronaldo_Caiado,
2026-02-07,Augusto Cury,Augusto Cury,165,"Wikimedia REST API, pageviews per-article, all-access, agente user (coleta própria 1/9/2026)",https://pt.wikipedia.org/wiki/Augusto_Cury,
2026-02-07,Flávio Bolsonaro,Flávio Bolsonaro,719,"Wikimedia REST API, pageviews per-article, all-access, agente user (coleta própria 1/9/2026)",https://pt.wikipedia.org/wiki/Flávio_Bolsonaro,
2026-02-07,Lula,Luiz Inácio Lula da Silva,1650,"Wikimedia REST API, pageviews per-article, all-access, agente user (coleta própria 1/9/2026)",https://pt.wikipedia.org/wiki/Luiz_Inácio_Lula_da_Silva,
2026-02-07,Pablo Marçal,Pablo Marçal,232,"Wikimedia REST API, pageviews per-article, all-access, agente user (coleta própria 1/9/2026)",https://pt.wikipedia.org/wiki/Pablo_Marçal,
2026-02-07,Renan Santos,Renan Santos,903,"Wikimedia REST API, pageviews per-article, all-access, agente user (coleta própria 1/9/2026)",https://pt.wikipedia.org/wiki/Renan_Santos,
2026-02-07,Romeu Zema,Romeu Zema,280,"Wikimedia REST API, pageviews per-article, all-access, agente user (coleta própria 1/9/2026)",https://pt.wikipedia.org/wiki/Romeu_Zema,
2026-02-07,Ronaldo Caiado,Ronaldo Caiado,258,"Wikimedia REST API, pageviews per-article, all-access, agente user (coleta própria 1/9/2026)",https://pt.wikipedia.org/wiki/Ronaldo_Caiado,
2026-02-08,Augusto Cury,Augusto Cury,170,"Wikimedia REST API, pageviews per-article, all-access, agente user (coleta própria 1/9/2026)",https://pt.wikipedia.org/wiki/Augusto_Cury,
2026-02-08,Flávio Bolsonaro,Flávio Bolsonaro,816,"Wikimedia REST API, pageviews per-article, all-access, agente user (coleta própria 1/9/2026)",https://pt.wikipedia.org/wiki/Flávio_Bolsonaro,
2026-02-08,Lula,Luiz Inácio Lula da Silva,1627,"Wikimedia REST API, pageviews per-article, all-access, agente user (coleta própria 1/9/2026)",https://pt.wikipedia.org/wiki/Luiz_Inácio_Lula_da_Silva,
2026-02-08,Pablo Marçal,Pablo Marçal,241,"Wikimedia REST API, pageviews per-article, all-access, agente user (coleta própria 1/9/2026)",https://pt.wikipedia.org/wiki/Pablo_Marçal,
2026-02-08,Renan Santos,Renan Santos,761,"Wikimedia REST API, pageviews per-article, all-access, agente user (coleta própria 1/9/2026)",https://pt.wikipedia.org/wiki/Renan_Santos,
2026-02-08,Romeu Zema,Romeu Zema,245,"Wikimedia REST API, pageviews per-article, all-access, agente user (coleta própria 1/9/2026)",https://pt.wikipedia.org/wiki/Romeu_Zema,
2026-02-08,Ronaldo Caiado,Ronaldo Caiado,290,"Wikimedia REST API, pageviews per-article, all-access, agente user (coleta própria 1/9/2026)",https://pt.wikipedia.org/wiki/Ronaldo_Caiado,
2026-02-09,Augusto Cury,Augusto Cury,162,"Wikimedia REST API, pageviews per-article, all-access, agente user (coleta própria 1/9/2026)",https://pt.wikipedia.org/wiki/Augusto_Cury,
2026-02-09,Flávio Bolsonaro,Flávio Bolsonaro,992,"Wikimedia REST API, pageviews per-article, all-access, agente user (coleta própria 1/9/2026)",https://pt.wikipedia.org/wiki/Flávio_Bolsonaro,
2026-02-09,Lula,Luiz Inácio Lula da Silva,1526,"Wikimedia REST API, pageviews per-article, all-access, agente user (coleta própria 1/9/2026)",https://pt.wikipedia.org/wiki/Luiz_Inácio_Lula_da_Silva,
2026-02-09,Pablo Marçal,Pablo Marçal,254,"Wikimedia REST API, pageviews per-article, all-access, agente user (coleta própria 1/9/2026)",https://pt.wikipedia.org/wiki/Pablo_Marçal,
2026-02-09,Renan Santos,Renan Santos,893,"Wikimedia REST API, pageviews per-article, all-access, agente user (coleta própria 1/9/2026)",https://pt.wikipedia.org/wiki/Renan_Santos,
2026-02-09,Romeu Zema,Romeu Zema,297,"Wikimedia REST API, pageviews per-article, all-access, agente user (coleta própria 1/9/2026)",https://pt.wikipedia.org/wiki/Romeu_Zema,
2026-02-09,Ronaldo Caiado,Ronaldo Caiado,309,"Wikimedia REST API, pageviews per-article, all-access, agente user (coleta própria 1/9/2026)",https://pt.wikipedia.org/wiki/Ronaldo_Caiado,
2026-02-10,Augusto Cury,Augusto Cury,151,"Wikimedia REST API, pageviews per-article, all-access, agente user (coleta própria 1/9/2026)",https://pt.wikipedia.org/wiki/Augusto_Cury,
2026-02-10,Flávio Bolsonaro,Flávio Bolsonaro,926,"Wikimedia REST API, pageviews per-article, all-access, agente user (coleta própria 1/9/2026)",https://pt.wikipedia.org/wiki/Flávio_Bolsonaro,
2026-02-10,Lula,Luiz Inácio Lula da Silva,1816,"Wikimedia REST API, pageviews per-article, all-access, agente user (coleta própria 1/9/2026)",https://pt.wikipedia.org/wiki/Luiz_Inácio_Lula_da_Silva,
2026-02-10,Pablo Marçal,Pablo Marçal,244,"Wikimedia REST API, pageviews per-article, all-access, agente user (coleta própria 1/9/2026)",https://pt.wikipedia.org/wiki/Pablo_Marçal,
2026-02-10,Renan Santos,Renan Santos,856,"Wikimedia REST API, pageviews per-article, all-access, agente user (coleta própria 1/9/2026)",https://pt.wikipedia.org/wiki/Renan_Santos,
2026-02-10,Romeu Zema,Romeu Zema,261,"Wikimedia REST API, pageviews per-article, all-access, agente user (coleta própria 1/9/2026)",https://pt.wikipedia.org/wiki/Romeu_Zema,
2026-02-10,Ronaldo Caiado,Ronaldo Caiado,352,"Wikimedia REST API, pageviews per-article, all-access, agente user (coleta própria 1/9/2026)",https://pt.wikipedia.org/wiki/Ronaldo_Caiado,
2026-02-11,Augusto Cury,Augusto Cury,151,"Wikimedia REST API, pageviews per-article, all-access, agente user (coleta própria 1/9/2026)",https://pt.wikipedia.org/wiki/Augusto_Cury,
2026-02-11,Flávio Bolsonaro,Flávio Bolsonaro,1541,"Wikimedia REST API, pageviews per-article, all-access, agente user (coleta própria 1/9/2026)",https://pt.wikipedia.org/wiki/Flávio_Bolsonaro,
2026-02-11,Lula,Luiz Inácio Lula da Silva,1823,"Wikimedia REST API, pageviews per-article, all-access, agente user (coleta própria 1/9/2026)",https://pt.wikipedia.org/wiki/Luiz_Inácio_Lula_da_Silva,
2026-02-11,Pablo Marçal,Pablo Marçal,248,"Wikimedia REST API, pageviews per-article, all-access, agente user (coleta própria 1/9/2026)",https://pt.wikipedia.org/wiki/Pablo_Marçal,
2026-02-11,Renan Santos,Renan Santos,1059,"Wikimedia REST API, pageviews per-article, all-access, agente user (coleta própria 1/9/2026)",https://pt.wikipedia.org/wiki/Renan_Santos,
2026-02-11,Romeu Zema,Romeu Zema,343,"Wikimedia REST API, pageviews per-article, all-access, agente user (coleta própria 1/9/2026)",https://pt.wikipedia.org/wiki/Romeu_Zema,
2026-02-11,Ronaldo Caiado,Ronaldo Caiado,297,"Wikimedia REST API, pageviews per-article, all-access, agente user (coleta própria 1/9/2026)",https://pt.wikipedia.org/wiki/Ronaldo_Caiado,
2026-02-12,Augusto Cury,Augusto Cury,184,"Wikimedia REST API, pageviews per-article, all-access, agente user (coleta própria 1/9/2026)",https://pt.wikipedia.org/wiki/Augusto_Cury,
2026-02-12,Flávio Bolsonaro,Flávio Bolsonaro,2087,"Wikimedia REST API, pageviews per-article, all-access, agente user (coleta própria 1/9/2026)",https://pt.wikipedia.org/wiki/Flávio_Bolsonaro,
2026-02-12,Lula,Luiz Inácio Lula da Silva,1751,"Wikimedia REST API, pageviews per-article, all-access, agente user (coleta própria 1/9/2026)",https://pt.wikipedia.org/wiki/Luiz_Inácio_Lula_da_Silva,
2026-02-12,Pablo Marçal,Pablo Marçal,256,"Wikimedia REST API, pageviews per-article, all-access, agente user (coleta própria 1/9/2026)",https://pt.wikipedia.org/wiki/Pablo_Marçal,
2026-02-12,Renan Santos,Renan Santos,892,"Wikimedia REST API, pageviews per-article, all-access, agente user (coleta própria 1/9/2026)",https://pt.wikipedia.org/wiki/Renan_Santos,
2026-02-12,Romeu Zema,Romeu Zema,400,"Wikimedia REST API, pageviews per-article, all-access, agente user (coleta própria 1/9/2026)",https://pt.wikipedia.org/wiki/Romeu_Zema,
2026-02-12,Ronaldo Caiado,Ronaldo Caiado,411,"Wikimedia REST API, pageviews per-article, all-access, agente user (coleta própria 1/9/2026)",https://pt.wikipedia.org/wiki/Ronaldo_Caiado,
2026-02-13,Augusto Cury,Augusto Cury,169,"Wikimedia REST API, pageviews per-article, all-access, agente user (coleta própria 1/9/2026)",https://pt.wikipedia.org/wiki/Augusto_Cury,
2026-02-13,Flávio Bolsonaro,Flávio Bolsonaro,1274,"Wikimedia REST API, pageviews per-article, all-access, agente user (coleta própria 1/9/2026)",https://pt.wikipedia.org/wiki/Flávio_Bolsonaro,
2026-02-13,Lula,Luiz Inácio Lula da Silva,1699,"Wikimedia REST API, pageviews per-article, all-access, agente user (coleta própria 1/9/2026)",https://pt.wikipedia.org/wiki/Luiz_Inácio_Lula_da_Silva,
2026-02-13,Pablo Marçal,Pablo Marçal,228,"Wikimedia REST API, pageviews per-article, all-access, agente user (coleta própria 1/9/2026)",https://pt.wikipedia.org/wiki/Pablo_Marçal,
2026-02-13,Renan Santos,Renan Santos,785,"Wikimedia REST API, pageviews per-article, all-access, agente user (coleta própria 1/9/2026)",https://pt.wikipedia.org/wiki/Renan_Santos,
2026-02-13,Romeu Zema,Romeu Zema,296,"Wikimedia REST API, pageviews per-article, all-access, agente user (coleta própria 1/9/2026)",https://pt.wikipedia.org/wiki/Romeu_Zema,
2026-02-13,Ronaldo Caiado,Ronaldo Caiado,449,"Wikimedia REST API, pageviews per-article, all-access, agente user (coleta própria 1/9/2026)",https://pt.wikipedia.org/wiki/Ronaldo_Caiado,
2026-02-14,Augusto Cury,Augusto Cury,144,"Wikimedia REST API, pageviews per-article, all-access, agente user (coleta própria 1/9/2026)",https://pt.wikipedia.org/wiki/Augusto_Cury,
2026-02-14,Flávio Bolsonaro,Flávio Bolsonaro,899,"Wikimedia REST API, pageviews per-article, all-access, agente user (coleta própria 1/9/2026)",https://pt.wikipedia.org/wiki/Flávio_Bolsonaro,
2026-02-14,Lula,Luiz Inácio Lula da Silva,1762,"Wikimedia REST API, pageviews per-article, all-access, agente user (coleta própria 1/9/2026)",https://pt.wikipedia.org/wiki/Luiz_Inácio_Lula_da_Silva,
2026-02-14,Pablo Marçal,Pablo Marçal,207,"Wikimedia REST API, pageviews per-article, all-access, agente user (coleta própria 1/9/2026)",https://pt.wikipedia.org/wiki/Pablo_Marçal,
2026-02-14,Renan Santos,Renan Santos,729,"Wikimedia REST API, pageviews per-article, all-access, agente user (coleta própria 1/9/2026)",https://pt.wikipedia.org/wiki/Renan_Santos,
2026-02-14,Romeu Zema,Romeu Zema,303,"Wikimedia REST API, pageviews per-article, all-access, agente user (coleta própria 1/9/2026)",https://pt.wikipedia.org/wiki/Romeu_Zema,
2026-02-14,Ronaldo Caiado,Ronaldo Caiado,314,"Wikimedia REST API, pageviews per-article, all-access, agente user (coleta própria 1/9/2026)",https://pt.wikipedia.org/wiki/Ronaldo_Caiado,
2026-02-15,Augusto Cury,Augusto Cury,129,"Wikimedia REST API, pageviews per-article, all-access, agente user (coleta própria 1/9/2026)",https://pt.wikipedia.org/wiki/Augusto_Cury,
2026-02-15,Flávio Bolsonaro,Flávio Bolsonaro,946,"Wikimedia REST API, pageviews per-article, all-access, agente user (coleta própria 1/9/2026)",https://pt.wikipedia.org/wiki/Flávio_Bolsonaro,
2026-02-15,Lula,Luiz Inácio Lula da Silva,2114,"Wikimedia REST API, pageviews per-article, all-access, agente user (coleta própria 1/9/2026)",https://pt.wikipedia.org/wiki/Luiz_Inácio_Lula_da_Silva,
2026-02-15,Pablo Marçal,Pablo Marçal,226,"Wikimedia REST API, pageviews per-article, all-access, agente user (coleta própria 1/9/2026)",https://pt.wikipedia.org/wiki/Pablo_Marçal,
2026-02-15,Renan Santos,Renan Santos,684,"Wikimedia REST API, pageviews per-article, all-access, agente user (coleta própria 1/9/2026)",https://pt.wikipedia.org/wiki/Renan_Santos,
2026-02-15,Romeu Zema,Romeu Zema,1166,"Wikimedia REST API, pageviews per-article, all-access, agente user (coleta própria 1/9/2026)",https://pt.wikipedia.org/wiki/Romeu_Zema,
2026-02-15,Ronaldo Caiado,Ronaldo Caiado,297,"Wikimedia REST API, pageviews per-article, all-access, agente user (coleta própria 1/9/2026)",https://pt.wikipedia.org/wiki/Ronaldo_Caiado,
2026-02-16,Augusto Cury,Augusto Cury,158,"Wikimedia REST API, pageviews per-article, all-access, agente user (coleta própria 1/9/2026)",https://pt.wikipedia.org/wiki/Augusto_Cury,
2026-02-16,Flávio Bolsonaro,Flávio Bolsonaro,1069,"Wikimedia REST API, pageviews per-article, all-access, agente user (coleta própria 1/9/2026)",https://pt.wikipedia.org/wiki/Flávio_Bolsonaro,
2026-02-16,Lula,Luiz Inácio Lula da Silva,6914,"Wikimedia REST API, pageviews per-article, all-access, agente user (coleta própria 1/9/2026)",https://pt.wikipedia.org/wiki/Luiz_Inácio_Lula_da_Silva,
2026-02-16,Pablo Marçal,Pablo Marçal,265,"Wikimedia REST API, pageviews per-article, all-access, agente user (coleta própria 1/9/2026)",https://pt.wikipedia.org/wiki/Pablo_Marçal,
2026-02-16,Renan Santos,Renan Santos,780,"Wikimedia REST API, pageviews per-article, all-access, agente user (coleta própria 1/9/2026)",https://pt.wikipedia.org/wiki/Renan_Santos,
2026-02-16,Romeu Zema,Romeu Zema,1825,"Wikimedia REST API, pageviews per-article, all-access, agente user (coleta própria 1/9/2026)",https://pt.wikipedia.org/wiki/Romeu_Zema,
2026-02-16,Ronaldo Caiado,Ronaldo Caiado,372,"Wikimedia REST API, pageviews per-article, all-access, agente user (coleta própria 1/9/2026)",https://pt.wikipedia.org/wiki/Ronaldo_Caiado,
2026-02-17,Augusto Cury,Augusto Cury,132,"Wikimedia REST API, pageviews per-article, all-access, agente user (coleta própria 1/9/2026)",https://pt.wikipedia.org/wiki/Augusto_Cury,
2026-02-17,Flávio Bolsonaro,Flávio Bolsonaro,1084,"Wikimedia REST API, pageviews per-article, all-access, agente user (coleta própria 1/9/2026)",https://pt.wikipedia.org/wiki/Flávio_Bolsonaro,
2026-02-17,Lula,Luiz Inácio Lula da Silva,2953,"Wikimedia REST API, pageviews per-article, all-access, agente user (coleta própria 1/9/2026)",https://pt.wikipedia.org/wiki/Luiz_Inácio_Lula_da_Silva,
2026-02-17,Pablo Marçal,Pablo Marçal,247,"Wikimedia REST API, pageviews per-article, all-access, agente user (coleta própria 1/9/2026)",https://pt.wikipedia.org/wiki/Pablo_Marçal,
2026-02-17,Renan Santos,Renan Santos,911,"Wikimedia REST API, pageviews per-article, all-access, agente user (coleta própria 1/9/2026)",https://pt.wikipedia.org/wiki/Renan_Santos,
2026-02-17,Romeu Zema,Romeu Zema,1220,"Wikimedia REST API, pageviews per-article, all-access, agente user (coleta própria 1/9/2026)",https://pt.wikipedia.org/wiki/Romeu_Zema,
2026-02-17,Ronaldo Caiado,Ronaldo Caiado,312,"Wikimedia REST API, pageviews per-article, all-access, agente user (coleta própria 1/9/2026)",https://pt.wikipedia.org/wiki/Ronaldo_Caiado,
2026-02-18,Augusto Cury,Augusto Cury,179,"Wikimedia REST API, pageviews per-article, all-access, agente user (coleta própria 1/9/2026)",https://pt.wikipedia.org/wiki/Augusto_Cury,
2026-02-18,Flávio Bolsonaro,Flávio Bolsonaro,1031,"Wikimedia REST API, pageviews per-article, all-access, agente user (coleta própria 1/9/2026)",https://pt.wikipedia.org/wiki/Flávio_Bolsonaro,
2026-02-18,Lula,Luiz Inácio Lula da Silva,2753,"Wikimedia REST API, pageviews per-article, all-access, agente user (coleta própria 1/9/2026)",https://pt.wikipedia.org/wiki/Luiz_Inácio_Lula_da_Silva,
2026-02-18,Pablo Marçal,Pablo Marçal,312,"Wikimedia REST API, pageviews per-article, all-access, agente user (coleta própria 1/9/2026)",https://pt.wikipedia.org/wiki/Pablo_Marçal,
2026-02-18,Renan Santos,Renan Santos,816,"Wikimedia REST API, pageviews per-article, all-access, agente user (coleta própria 1/9/2026)",https://pt.wikipedia.org/wiki/Renan_Santos,
2026-02-18,Romeu Zema,Romeu Zema,863,"Wikimedia REST API, pageviews per-article, all-access, agente user (coleta própria 1/9/2026)",https://pt.wikipedia.org/wiki/Romeu_Zema,
2026-02-18,Ronaldo Caiado,Ronaldo Caiado,246,"Wikimedia REST API, pageviews per-article, all-access, agente user (coleta própria 1/9/2026)",https://pt.wikipedia.org/wiki/Ronaldo_Caiado,
2026-02-19,Augusto Cury,Augusto Cury,274,"Wikimedia REST API, pageviews per-article, all-access, agente user (coleta própria 1/9/2026)",https://pt.wikipedia.org/wiki/Augusto_Cury,
2026-02-19,Flávio Bolsonaro,Flávio Bolsonaro,1084,"Wikimedia REST API, pageviews per-article, all-access, agente user (coleta própria 1/9/2026)",https://pt.wikipedia.org/wiki/Flávio_Bolsonaro,
2026-02-19,Lula,Luiz Inácio Lula da Silva,2415,"Wikimedia REST API, pageviews per-article, all-access, agente user (coleta própria 1/9/2026)",https://pt.wikipedia.org/wiki/Luiz_Inácio_Lula_da_Silva,
2026-02-19,Pablo Marçal,Pablo Marçal,285,"Wikimedia REST API, pageviews per-article, all-access, agente user (coleta própria 1/9/2026)",https://pt.wikipedia.org/wiki/Pablo_Marçal,
2026-02-19,Renan Santos,Renan Santos,906,"Wikimedia REST API, pageviews per-article, all-access, agente user (coleta própria 1/9/2026)",https://pt.wikipedia.org/wiki/Renan_Santos,
2026-02-19,Romeu Zema,Romeu Zema,905,"Wikimedia REST API, pageviews per-article, all-access, agente user (coleta própria 1/9/2026)",https://pt.wikipedia.org/wiki/Romeu_Zema,
2026-02-19,Ronaldo Caiado,Ronaldo Caiado,305,"Wikimedia REST API, pageviews per-article, all-access, agente user (coleta própria 1/9/2026)",https://pt.wikipedia.org/wiki/Ronaldo_Caiado,
2026-02-20,Augusto Cury,Augusto Cury,177,"Wikimedia REST API, pageviews per-article, all-access, agente user (coleta própria 1/9/2026)",https://pt.wikipedia.org/wiki/Augusto_Cury,
2026-02-20,Flávio Bolsonaro,Flávio Bolsonaro,844,"Wikimedia REST API, pageviews per-article, all-access, agente user (coleta própria 1/9/2026)",https://pt.wikipedia.org/wiki/Flávio_Bolsonaro,
2026-02-20,Lula,Luiz Inácio Lula da Silva,2243,"Wikimedia REST API, pageviews per-article, all-access, agente user (coleta própria 1/9/2026)",https://pt.wikipedia.org/wiki/Luiz_Inácio_Lula_da_Silva,
2026-02-20,Pablo Marçal,Pablo Marçal,267,"Wikimedia REST API, pageviews per-article, all-access, agente user (coleta própria 1/9/2026)",https://pt.wikipedia.org/wiki/Pablo_Marçal,
2026-02-20,Renan Santos,Renan Santos,812,"Wikimedia REST API, pageviews per-article, all-access, agente user (coleta própria 1/9/2026)",https://pt.wikipedia.org/wiki/Renan_Santos,
2026-02-20,Romeu Zema,Romeu Zema,559,"Wikimedia REST API, pageviews per-article, all-access, agente user (coleta própria 1/9/2026)",https://pt.wikipedia.org/wiki/Romeu_Zema,
2026-02-20,Ronaldo Caiado,Ronaldo Caiado,268,"Wikimedia REST API, pageviews per-article, all-access, agente user (coleta própria 1/9/2026)",https://pt.wikipedia.org/wiki/Ronaldo_Caiado,
2026-02-21,Augusto Cury,Augusto Cury,197,"Wikimedia REST API, pageviews per-article, all-access, agente user (coleta própria 1/9/2026)",https://pt.wikipedia.org/wiki/Augusto_Cury,
2026-02-21,Flávio Bolsonaro,Flávio Bolsonaro,923,"Wikimedia REST API, pageviews per-article, all-access, agente user (coleta própria 1/9/2026)",https://pt.wikipedia.org/wiki/Flávio_Bolsonaro,
2026-02-21,Lula,Luiz Inácio Lula da Silva,1930,"Wikimedia REST API, pageviews per-article, all-access, agente user (coleta própria 1/9/2026)",https://pt.wikipedia.org/wiki/Luiz_Inácio_Lula_da_Silva,
2026-02-21,Pablo Marçal,Pablo Marçal,253,"Wikimedia REST API, pageviews per-article, all-access, agente user (coleta própria 1/9/2026)",https://pt.wikipedia.org/wiki/Pablo_Marçal,
2026-02-21,Renan Santos,Renan Santos,711,"Wikimedia REST API, pageviews per-article, all-access, agente user (coleta própria 1/9/2026)",https://pt.wikipedia.org/wiki/Renan_Santos,
2026-02-21,Romeu Zema,Romeu Zema,484,"Wikimedia REST API, pageviews per-article, all-access, agente user (coleta própria 1/9/2026)",https://pt.wikipedia.org/wiki/Romeu_Zema,
2026-02-21,Ronaldo Caiado,Ronaldo Caiado,230,"Wikimedia REST API, pageviews per-article, all-access, agente user (coleta própria 1/9/2026)",https://pt.wikipedia.org/wiki/Ronaldo_Caiado,
2026-02-22,Augusto Cury,Augusto Cury,167,"Wikimedia REST API, pageviews per-article, all-access, agente user (coleta própria 1/9/2026)",https://pt.wikipedia.org/wiki/Augusto_Cury,
2026-02-22,Flávio Bolsonaro,Flávio Bolsonaro,982,"Wikimedia REST API, pageviews per-article, all-access, agente user (coleta própria 1/9/2026)",https://pt.wikipedia.org/wiki/Flávio_Bolsonaro,
2026-02-22,Lula,Luiz Inácio Lula da Silva,1929,"Wikimedia REST API, pageviews per-article, all-access, agente user (coleta própria 1/9/2026)",https://pt.wikipedia.org/wiki/Luiz_Inácio_Lula_da_Silva,
2026-02-22,Pablo Marçal,Pablo Marçal,290,"Wikimedia REST API, pageviews per-article, all-access, agente user (coleta própria 1/9/2026)",https://pt.wikipedia.org/wiki/Pablo_Marçal,
2026-02-22,Renan Santos,Renan Santos,725,"Wikimedia REST API, pageviews per-article, all-access, agente user (coleta própria 1/9/2026)",https://pt.wikipedia.org/wiki/Renan_Santos,
2026-02-22,Romeu Zema,Romeu Zema,530,"Wikimedia REST API, pageviews per-article, all-access, agente user (coleta própria 1/9/2026)",https://pt.wikipedia.org/wiki/Romeu_Zema,
2026-02-22,Ronaldo Caiado,Ronaldo Caiado,235,"Wikimedia REST API, pageviews per-article, all-access, agente user (coleta própria 1/9/2026)",https://pt.wikipedia.org/wiki/Ronaldo_Caiado,
2026-02-23,Augusto Cury,Augusto Cury,206,"Wikimedia REST API, pageviews per-article, all-access, agente user (coleta própria 1/9/2026)",https://pt.wikipedia.org/wiki/Augusto_Cury,
2026-02-23,Flávio Bolsonaro,Flávio Bolsonaro,881,"Wikimedia REST API, pageviews per-article, all-access, agente user (coleta própria 1/9/2026)",https://pt.wikipedia.org/wiki/Flávio_Bolsonaro,
2026-02-23,Lula,Luiz Inácio Lula da Silva,1738,"Wikimedia REST API, pageviews per-article, all-access, agente user (coleta própria 1/9/2026)",https://pt.wikipedia.org/wiki/Luiz_Inácio_Lula_da_Silva,
2026-02-23,Pablo Marçal,Pablo Marçal,259,"Wikimedia REST API, pageviews per-article, all-access, agente user (coleta própria 1/9/2026)",https://pt.wikipedia.org/wiki/Pablo_Marçal,
2026-02-23,Renan Santos,Renan Santos,775,"Wikimedia REST API, pageviews per-article, all-access, agente user (coleta própria 1/9/2026)",https://pt.wikipedia.org/wiki/Renan_Santos,
2026-02-23,Romeu Zema,Romeu Zema,403,"Wikimedia REST API, pageviews per-article, all-access, agente user (coleta própria 1/9/2026)",https://pt.wikipedia.org/wiki/Romeu_Zema,
2026-02-23,Ronaldo Caiado,Ronaldo Caiado,243,"Wikimedia REST API, pageviews per-article, all-access, agente user (coleta própria 1/9/2026)",https://pt.wikipedia.org/wiki/Ronaldo_Caiado,
2026-02-24,Augusto Cury,Augusto Cury,208,"Wikimedia REST API, pageviews per-article, all-access, agente user (coleta própria 1/9/2026)",https://pt.wikipedia.org/wiki/Augusto_Cury,
2026-02-24,Flávio Bolsonaro,Flávio Bolsonaro,990,"Wikimedia REST API, pageviews per-article, all-access, agente user (coleta própria 1/9/2026)",https://pt.wikipedia.org/wiki/Flávio_Bolsonaro,
2026-02-24,Lula,Luiz Inácio Lula da Silva,1782,"Wikimedia REST API, pageviews per-article, all-access, agente user (coleta própria 1/9/2026)",https://pt.wikipedia.org/wiki/Luiz_Inácio_Lula_da_Silva,
2026-02-24,Pablo Marçal,Pablo Marçal,293,"Wikimedia REST API, pageviews per-article, all-access, agente user (coleta própria 1/9/2026)",https://pt.wikipedia.org/wiki/Pablo_Marçal,
2026-02-24,Renan Santos,Renan Santos,1109,"Wikimedia REST API, pageviews per-article, all-access, agente user (coleta própria 1/9/2026)",https://pt.wikipedia.org/wiki/Renan_Santos,
2026-02-24,Romeu Zema,Romeu Zema,692,"Wikimedia REST API, pageviews per-article, all-access, agente user (coleta própria 1/9/2026)",https://pt.wikipedia.org/wiki/Romeu_Zema,
2026-02-24,Ronaldo Caiado,Ronaldo Caiado,240,"Wikimedia REST API, pageviews per-article, all-access, agente user (coleta própria 1/9/2026)",https://pt.wikipedia.org/wiki/Ronaldo_Caiado,
2026-02-25,Augusto Cury,Augusto Cury,204,"Wikimedia REST API, pageviews per-article, all-access, agente user (coleta própria 1/9/2026)",https://pt.wikipedia.org/wiki/Augusto_Cury,
2026-02-25,Flávio Bolsonaro,Flávio Bolsonaro,1555,"Wikimedia REST API, pageviews per-article, all-access, agente user (coleta própria 1/9/2026)",https://pt.wikipedia.org/wiki/Flávio_Bolsonaro,
2026-02-25,Lula,Luiz Inácio Lula da Silva,1819,"Wikimedia REST API, pageviews per-article, all-access, agente user (coleta própria 1/9/2026)",https://pt.wikipedia.org/wiki/Luiz_Inácio_Lula_da_Silva,
2026-02-25,Pablo Marçal,Pablo Marçal,331,"Wikimedia REST API, pageviews per-article, all-access, agente user (coleta própria 1/9/2026)",https://pt.wikipedia.org/wiki/Pablo_Marçal,
2026-02-25,Renan Santos,Renan Santos,1340,"Wikimedia REST API, pageviews per-article, all-access, agente user (coleta própria 1/9/2026)",https://pt.wikipedia.org/wiki/Renan_Santos,
2026-02-25,Romeu Zema,Romeu Zema,971,"Wikimedia REST API, pageviews per-article, all-access, agente user (coleta própria 1/9/2026)",https://pt.wikipedia.org/wiki/Romeu_Zema,
2026-02-25,Ronaldo Caiado,Ronaldo Caiado,272,"Wikimedia REST API, pageviews per-article, all-access, agente user (coleta própria 1/9/2026)",https://pt.wikipedia.org/wiki/Ronaldo_Caiado,
2026-02-26,Augusto Cury,Augusto Cury,161,"Wikimedia REST API, pageviews per-article, all-access, agente user (coleta própria 1/9/2026)",https://pt.wikipedia.org/wiki/Augusto_Cury,
2026-02-26,Flávio Bolsonaro,Flávio Bolsonaro,1566,"Wikimedia REST API, pageviews per-article, all-access, agente user (coleta própria 1/9/2026)",https://pt.wikipedia.org/wiki/Flávio_Bolsonaro,
2026-02-26,Lula,Luiz Inácio Lula da Silva,2498,"Wikimedia REST API, pageviews per-article, all-access, agente user (coleta própria 1/9/2026)",https://pt.wikipedia.org/wiki/Luiz_Inácio_Lula_da_Silva,
2026-02-26,Pablo Marçal,Pablo Marçal,330,"Wikimedia REST API, pageviews per-article, all-access, agente user (coleta própria 1/9/2026)",https://pt.wikipedia.org/wiki/Pablo_Marçal,
2026-02-26,Renan Santos,Renan Santos,1374,"Wikimedia REST API, pageviews per-article, all-access, agente user (coleta própria 1/9/2026)",https://pt.wikipedia.org/wiki/Renan_Santos,
2026-02-26,Romeu Zema,Romeu Zema,1270,"Wikimedia REST API, pageviews per-article, all-access, agente user (coleta própria 1/9/2026)",https://pt.wikipedia.org/wiki/Romeu_Zema,
2026-02-26,Ronaldo Caiado,Ronaldo Caiado,260,"Wikimedia REST API, pageviews per-article, all-access, agente user (coleta própria 1/9/2026)",https://pt.wikipedia.org/wiki/Ronaldo_Caiado,
2026-02-27,Augusto Cury,Augusto Cury,147,"Wikimedia REST API, pageviews per-article, all-access, agente user (coleta própria 1/9/2026)",https://pt.wikipedia.org/wiki/Augusto_Cury,
2026-02-27,Flávio Bolsonaro,Flávio Bolsonaro,1919,"Wikimedia REST API, pageviews per-article, all-access, agente user (coleta própria 1/9/2026)",https://pt.wikipedia.org/wiki/Flávio_Bolsonaro,
2026-02-27,Lula,Luiz Inácio Lula da Silva,2480,"Wikimedia REST API, pageviews per-article, all-access, agente user (coleta própria 1/9/2026)",https://pt.wikipedia.org/wiki/Luiz_Inácio_Lula_da_Silva,
2026-02-27,Pablo Marçal,Pablo Marçal,287,"Wikimedia REST API, pageviews per-article, all-access, agente user (coleta própria 1/9/2026)",https://pt.wikipedia.org/wiki/Pablo_Marçal,
2026-02-27,Renan Santos,Renan Santos,1402,"Wikimedia REST API, pageviews per-article, all-access, agente user (coleta própria 1/9/2026)",https://pt.wikipedia.org/wiki/Renan_Santos,
2026-02-27,Romeu Zema,Romeu Zema,1148,"Wikimedia REST API, pageviews per-article, all-access, agente user (coleta própria 1/9/2026)",https://pt.wikipedia.org/wiki/Romeu_Zema,
2026-02-27,Ronaldo Caiado,Ronaldo Caiado,292,"Wikimedia REST API, pageviews per-article, all-access, agente user (coleta própria 1/9/2026)",https://pt.wikipedia.org/wiki/Ronaldo_Caiado,
2026-02-28,Augusto Cury,Augusto Cury,144,"Wikimedia REST API, pageviews per-article, all-access, agente user (coleta própria 1/9/2026)",https://pt.wikipedia.org/wiki/Augusto_Cury,
2026-02-28,Flávio Bolsonaro,Flávio Bolsonaro,1350,"Wikimedia REST API, pageviews per-article, all-access, agente user (coleta própria 1/9/2026)",https://pt.wikipedia.org/wiki/Flávio_Bolsonaro,
2026-02-28,Lula,Luiz Inácio Lula da Silva,1732,"Wikimedia REST API, pageviews per-article, all-access, agente user (coleta própria 1/9/2026)",https://pt.wikipedia.org/wiki/Luiz_Inácio_Lula_da_Silva,
2026-02-28,Pablo Marçal,Pablo Marçal,209,"Wikimedia REST API, pageviews per-article, all-access, agente user (coleta própria 1/9/2026)",https://pt.wikipedia.org/wiki/Pablo_Marçal,
2026-02-28,Renan Santos,Renan Santos,1124,"Wikimedia REST API, pageviews per-article, all-access, agente user (coleta própria 1/9/2026)",https://pt.wikipedia.org/wiki/Renan_Santos,
2026-02-28,Romeu Zema,Romeu Zema,858,"Wikimedia REST API, pageviews per-article, all-access, agente user (coleta própria 1/9/2026)",https://pt.wikipedia.org/wiki/Romeu_Zema,
2026-02-28,Ronaldo Caiado,Ronaldo Caiado,173,"Wikimedia REST API, pageviews per-article, all-access, agente user (coleta própria 1/9/2026)",https://pt.wikipedia.org/wiki/Ronaldo_Caiado,
2026-03-01,Augusto Cury,Augusto Cury,187,"Wikimedia REST API, pageviews per-article, all-access, agente user (coleta própria 1/9/2026)",https://pt.wikipedia.org/wiki/Augusto_Cury,
2026-03-01,Flávio Bolsonaro,Flávio Bolsonaro,1421,"Wikimedia REST API, pageviews per-article, all-access, agente user (coleta própria 1/9/2026)",https://pt.wikipedia.org/wiki/Flávio_Bolsonaro,
2026-03-01,Lula,Luiz Inácio Lula da Silva,1878,"Wikimedia REST API, pageviews per-article, all-access, agente user (coleta própria 1/9/2026)",https://pt.wikipedia.org/wiki/Luiz_Inácio_Lula_da_Silva,
2026-03-01,Pablo Marçal,Pablo Marçal,242,"Wikimedia REST API, pageviews per-article, all-access, agente user (coleta própria 1/9/2026)",https://pt.wikipedia.org/wiki/Pablo_Marçal,
2026-03-01,Renan Santos,Renan Santos,1026,"Wikimedia REST API, pageviews per-article, all-access, agente user (coleta própria 1/9/2026)",https://pt.wikipedia.org/wiki/Renan_Santos,
2026-03-01,Romeu Zema,Romeu Zema,760,"Wikimedia REST API, pageviews per-article, all-access, agente user (coleta própria 1/9/2026)",https://pt.wikipedia.org/wiki/Romeu_Zema,
2026-03-01,Ronaldo Caiado,Ronaldo Caiado,361,"Wikimedia REST API, pageviews per-article, all-access, agente user (coleta própria 1/9/2026)",https://pt.wikipedia.org/wiki/Ronaldo_Caiado,
2026-03-02,Augusto Cury,Augusto Cury,180,"Wikimedia REST API, pageviews per-article, all-access, agente user (coleta própria 1/9/2026)",https://pt.wikipedia.org/wiki/Augusto_Cury,
2026-03-02,Flávio Bolsonaro,Flávio Bolsonaro,1455,"Wikimedia REST API, pageviews per-article, all-access, agente user (coleta própria 1/9/2026)",https://pt.wikipedia.org/wiki/Flávio_Bolsonaro,
2026-03-02,Lula,Luiz Inácio Lula da Silva,1871,"Wikimedia REST API, pageviews per-article, all-access, agente user (coleta própria 1/9/2026)",https://pt.wikipedia.org/wiki/Luiz_Inácio_Lula_da_Silva,
2026-03-02,Pablo Marçal,Pablo Marçal,214,"Wikimedia REST API, pageviews per-article, all-access, agente user (coleta própria 1/9/2026)",https://pt.wikipedia.org/wiki/Pablo_Marçal,
2026-03-02,Renan Santos,Renan Santos,883,"Wikimedia REST API, pageviews per-article, all-access, agente user (coleta própria 1/9/2026)",https://pt.wikipedia.org/wiki/Renan_Santos,
2026-03-02,Romeu Zema,Romeu Zema,595,"Wikimedia REST API, pageviews per-article, all-access, agente user (coleta própria 1/9/2026)",https://pt.wikipedia.org/wiki/Romeu_Zema,
2026-03-02,Ronaldo Caiado,Ronaldo Caiado,282,"Wikimedia REST API, pageviews per-article, all-access, agente user (coleta própria 1/9/2026)",https://pt.wikipedia.org/wiki/Ronaldo_Caiado,
2026-03-03,Augusto Cury,Augusto Cury,166,"Wikimedia REST API, pageviews per-article, all-access, agente user (coleta própria 1/9/2026)",https://pt.wikipedia.org/wiki/Augusto_Cury,
2026-03-03,Flávio Bolsonaro,Flávio Bolsonaro,1822,"Wikimedia REST API, pageviews per-article, all-access, agente user (coleta própria 1/9/2026)",https://pt.wikipedia.org/wiki/Flávio_Bolsonaro,
2026-03-03,Lula,Luiz Inácio Lula da Silva,1719,"Wikimedia REST API, pageviews per-article, all-access, agente user (coleta própria 1/9/2026)",https://pt.wikipedia.org/wiki/Luiz_Inácio_Lula_da_Silva,
2026-03-03,Pablo Marçal,Pablo Marçal,277,"Wikimedia REST API, pageviews per-article, all-access, agente user (coleta própria 1/9/2026)",https://pt.wikipedia.org/wiki/Pablo_Marçal,
2026-03-03,Renan Santos,Renan Santos,1135,"Wikimedia REST API, pageviews per-article, all-access, agente user (coleta própria 1/9/2026)",https://pt.wikipedia.org/wiki/Renan_Santos,
2026-03-03,Romeu Zema,Romeu Zema,499,"Wikimedia REST API, pageviews per-article, all-access, agente user (coleta própria 1/9/2026)",https://pt.wikipedia.org/wiki/Romeu_Zema,
2026-03-03,Ronaldo Caiado,Ronaldo Caiado,215,"Wikimedia REST API, pageviews per-article, all-access, agente user (coleta própria 1/9/2026)",https://pt.wikipedia.org/wiki/Ronaldo_Caiado,
2026-03-04,Augusto Cury,Augusto Cury,407,"Wikimedia REST API, pageviews per-article, all-access, agente user (coleta própria 1/9/2026)",https://pt.wikipedia.org/wiki/Augusto_Cury,
2026-03-04,Flávio Bolsonaro,Flávio Bolsonaro,1243,"Wikimedia REST API, pageviews per-article, all-access, agente user (coleta própria 1/9/2026)",https://pt.wikipedia.org/wiki/Flávio_Bolsonaro,
2026-03-04,Lula,Luiz Inácio Lula da Silva,1825,"Wikimedia REST API, pageviews per-article, all-access, agente user (coleta própria 1/9/2026)",https://pt.wikipedia.org/wiki/Luiz_Inácio_Lula_da_Silva,
2026-03-04,Pablo Marçal,Pablo Marçal,269,"Wikimedia REST API, pageviews per-article, all-access, agente user (coleta própria 1/9/2026)",https://pt.wikipedia.org/wiki/Pablo_Marçal,
2026-03-04,Renan Santos,Renan Santos,1174,"Wikimedia REST API, pageviews per-article, all-access, agente user (coleta própria 1/9/2026)",https://pt.wikipedia.org/wiki/Renan_Santos,
2026-03-04,Romeu Zema,Romeu Zema,378,"Wikimedia REST API, pageviews per-article, all-access, agente user (coleta própria 1/9/2026)",https://pt.wikipedia.org/wiki/Romeu_Zema,
2026-03-04,Ronaldo Caiado,Ronaldo Caiado,223,"Wikimedia REST API, pageviews per-article, all-access, agente user (coleta própria 1/9/2026)",https://pt.wikipedia.org/wiki/Ronaldo_Caiado,
2026-03-05,Augusto Cury,Augusto Cury,1066,"Wikimedia REST API, pageviews per-article, all-access, agente user (coleta própria 1/9/2026)",https://pt.wikipedia.org/wiki/Augusto_Cury,
2026-03-05,Flávio Bolsonaro,Flávio Bolsonaro,878,"Wikimedia REST API, pageviews per-article, all-access, agente user (coleta própria 1/9/2026)",https://pt.wikipedia.org/wiki/Flávio_Bolsonaro,
2026-03-05,Lula,Luiz Inácio Lula da Silva,2045,"Wikimedia REST API, pageviews per-article, all-access, agente user (coleta própria 1/9/2026)",https://pt.wikipedia.org/wiki/Luiz_Inácio_Lula_da_Silva,
2026-03-05,Pablo Marçal,Pablo Marçal,284,"Wikimedia REST API, pageviews per-article, all-access, agente user (coleta própria 1/9/2026)",https://pt.wikipedia.org/wiki/Pablo_Marçal,
2026-03-05,Renan Santos,Renan Santos,1033,"Wikimedia REST API, pageviews per-article, all-access, agente user (coleta própria 1/9/2026)",https://pt.wikipedia.org/wiki/Renan_Santos,
2026-03-05,Romeu Zema,Romeu Zema,325,"Wikimedia REST API, pageviews per-article, all-access, agente user (coleta própria 1/9/2026)",https://pt.wikipedia.org/wiki/Romeu_Zema,
2026-03-05,Ronaldo Caiado,Ronaldo Caiado,244,"Wikimedia REST API, pageviews per-article, all-access, agente user (coleta própria 1/9/2026)",https://pt.wikipedia.org/wiki/Ronaldo_Caiado,
2026-03-06,Augusto Cury,Augusto Cury,806,"Wikimedia REST API, pageviews per-article, all-access, agente user (coleta própria 1/9/2026)",https://pt.wikipedia.org/wiki/Augusto_Cury,
2026-03-06,Flávio Bolsonaro,Flávio Bolsonaro,796,"Wikimedia REST API, pageviews per-article, all-access, agente user (coleta própria 1/9/2026)",https://pt.wikipedia.org/wiki/Flávio_Bolsonaro,
2026-03-06,Lula,Luiz Inácio Lula da Silva,2085,"Wikimedia REST API, pageviews per-article, all-access, agente user (coleta própria 1/9/2026)",https://pt.wikipedia.org/wiki/Luiz_Inácio_Lula_da_Silva,
2026-03-06,Pablo Marçal,Pablo Marçal,254,"Wikimedia REST API, pageviews per-article, all-access, agente user (coleta própria 1/9/2026)",https://pt.wikipedia.org/wiki/Pablo_Marçal,
2026-03-06,Renan Santos,Renan Santos,1031,"Wikimedia REST API, pageviews per-article, all-access, agente user (coleta própria 1/9/2026)",https://pt.wikipedia.org/wiki/Renan_Santos,
2026-03-06,Romeu Zema,Romeu Zema,315,"Wikimedia REST API, pageviews per-article, all-access, agente user (coleta própria 1/9/2026)",https://pt.wikipedia.org/wiki/Romeu_Zema,
2026-03-06,Ronaldo Caiado,Ronaldo Caiado,281,"Wikimedia REST API, pageviews per-article, all-access, agente user (coleta própria 1/9/2026)",https://pt.wikipedia.org/wiki/Ronaldo_Caiado,
2026-03-07,Augusto Cury,Augusto Cury,543,"Wikimedia REST API, pageviews per-article, all-access, agente user (coleta própria 1/9/2026)",https://pt.wikipedia.org/wiki/Augusto_Cury,
2026-03-07,Flávio Bolsonaro,Flávio Bolsonaro,1101,"Wikimedia REST API, pageviews per-article, all-access, agente user (coleta própria 1/9/2026)",https://pt.wikipedia.org/wiki/Flávio_Bolsonaro,
2026-03-07,Lula,Luiz Inácio Lula da Silva,1680,"Wikimedia REST API, pageviews per-article, all-access, agente user (coleta própria 1/9/2026)",https://pt.wikipedia.org/wiki/Luiz_Inácio_Lula_da_Silva,
2026-03-07,Pablo Marçal,Pablo Marçal,482,"Wikimedia REST API, pageviews per-article, all-access, agente user (coleta própria 1/9/2026)",https://pt.wikipedia.org/wiki/Pablo_Marçal,
2026-03-07,Renan Santos,Renan Santos,1077,"Wikimedia REST API, pageviews per-article, all-access, agente user (coleta própria 1/9/2026)",https://pt.wikipedia.org/wiki/Renan_Santos,
2026-03-07,Romeu Zema,Romeu Zema,330,"Wikimedia REST API, pageviews per-article, all-access, agente user (coleta própria 1/9/2026)",https://pt.wikipedia.org/wiki/Romeu_Zema,
2026-03-07,Ronaldo Caiado,Ronaldo Caiado,318,"Wikimedia REST API, pageviews per-article, all-access, agente user (coleta própria 1/9/2026)",https://pt.wikipedia.org/wiki/Ronaldo_Caiado,
2026-03-08,Augusto Cury,Augusto Cury,417,"Wikimedia REST API, pageviews per-article, all-access, agente user (coleta própria 1/9/2026)",https://pt.wikipedia.org/wiki/Augusto_Cury,
2026-03-08,Flávio Bolsonaro,Flávio Bolsonaro,940,"Wikimedia REST API, pageviews per-article, all-access, agente user (coleta própria 1/9/2026)",https://pt.wikipedia.org/wiki/Flávio_Bolsonaro,
2026-03-08,Lula,Luiz Inácio Lula da Silva,1476,"Wikimedia REST API, pageviews per-article, all-access, agente user (coleta própria 1/9/2026)",https://pt.wikipedia.org/wiki/Luiz_Inácio_Lula_da_Silva,
2026-03-08,Pablo Marçal,Pablo Marçal,350,"Wikimedia REST API, pageviews per-article, all-access, agente user (coleta própria 1/9/2026)",https://pt.wikipedia.org/wiki/Pablo_Marçal,
2026-03-08,Renan Santos,Renan Santos,964,"Wikimedia REST API, pageviews per-article, all-access, agente user (coleta própria 1/9/2026)",https://pt.wikipedia.org/wiki/Renan_Santos,
2026-03-08,Romeu Zema,Romeu Zema,375,"Wikimedia REST API, pageviews per-article, all-access, agente user (coleta própria 1/9/2026)",https://pt.wikipedia.org/wiki/Romeu_Zema,
2026-03-08,Ronaldo Caiado,Ronaldo Caiado,222,"Wikimedia REST API, pageviews per-article, all-access, agente user (coleta própria 1/9/2026)",https://pt.wikipedia.org/wiki/Ronaldo_Caiado,
2026-03-09,Augusto Cury,Augusto Cury,390,"Wikimedia REST API, pageviews per-article, all-access, agente user (coleta própria 1/9/2026)",https://pt.wikipedia.org/wiki/Augusto_Cury,
2026-03-09,Flávio Bolsonaro,Flávio Bolsonaro,884,"Wikimedia REST API, pageviews per-article, all-access, agente user (coleta própria 1/9/2026)",https://pt.wikipedia.org/wiki/Flávio_Bolsonaro,
2026-03-09,Lula,Luiz Inácio Lula da Silva,1675,"Wikimedia REST API, pageviews per-article, all-access, agente user (coleta própria 1/9/2026)",https://pt.wikipedia.org/wiki/Luiz_Inácio_Lula_da_Silva,
2026-03-09,Pablo Marçal,Pablo Marçal,302,"Wikimedia REST API, pageviews per-article, all-access, agente user (coleta própria 1/9/2026)",https://pt.wikipedia.org/wiki/Pablo_Marçal,
2026-03-09,Renan Santos,Renan Santos,1084,"Wikimedia REST API, pageviews per-article, all-access, agente user (coleta própria 1/9/2026)",https://pt.wikipedia.org/wiki/Renan_Santos,
2026-03-09,Romeu Zema,Romeu Zema,558,"Wikimedia REST API, pageviews per-article, all-access, agente user (coleta própria 1/9/2026)",https://pt.wikipedia.org/wiki/Romeu_Zema,
2026-03-09,Ronaldo Caiado,Ronaldo Caiado,243,"Wikimedia REST API, pageviews per-article, all-access, agente user (coleta própria 1/9/2026)",https://pt.wikipedia.org/wiki/Ronaldo_Caiado,
2026-03-10,Augusto Cury,Augusto Cury,326,"Wikimedia REST API, pageviews per-article, all-access, agente user (coleta própria 1/9/2026)",https://pt.wikipedia.org/wiki/Augusto_Cury,
2026-03-10,Flávio Bolsonaro,Flávio Bolsonaro,975,"Wikimedia REST API, pageviews per-article, all-access, agente user (coleta própria 1/9/2026)",https://pt.wikipedia.org/wiki/Flávio_Bolsonaro,
2026-03-10,Lula,Luiz Inácio Lula da Silva,1503,"Wikimedia REST API, pageviews per-article, all-access, agente user (coleta própria 1/9/2026)",https://pt.wikipedia.org/wiki/Luiz_Inácio_Lula_da_Silva,
2026-03-10,Pablo Marçal,Pablo Marçal,311,"Wikimedia REST API, pageviews per-article, all-access, agente user (coleta própria 1/9/2026)",https://pt.wikipedia.org/wiki/Pablo_Marçal,
2026-03-10,Renan Santos,Renan Santos,1110,"Wikimedia REST API, pageviews per-article, all-access, agente user (coleta própria 1/9/2026)",https://pt.wikipedia.org/wiki/Renan_Santos,
2026-03-10,Romeu Zema,Romeu Zema,760,"Wikimedia REST API, pageviews per-article, all-access, agente user (coleta própria 1/9/2026)",https://pt.wikipedia.org/wiki/Romeu_Zema,
2026-03-10,Ronaldo Caiado,Ronaldo Caiado,272,"Wikimedia REST API, pageviews per-article, all-access, agente user (coleta própria 1/9/2026)",https://pt.wikipedia.org/wiki/Ronaldo_Caiado,
2026-03-11,Augusto Cury,Augusto Cury,339,"Wikimedia REST API, pageviews per-article, all-access, agente user (coleta própria 1/9/2026)",https://pt.wikipedia.org/wiki/Augusto_Cury,
2026-03-11,Flávio Bolsonaro,Flávio Bolsonaro,1727,"Wikimedia REST API, pageviews per-article, all-access, agente user (coleta própria 1/9/2026)",https://pt.wikipedia.org/wiki/Flávio_Bolsonaro,
2026-03-11,Lula,Luiz Inácio Lula da Silva,1506,"Wikimedia REST API, pageviews per-article, all-access, agente user (coleta própria 1/9/2026)",https://pt.wikipedia.org/wiki/Luiz_Inácio_Lula_da_Silva,
2026-03-11,Pablo Marçal,Pablo Marçal,260,"Wikimedia REST API, pageviews per-article, all-access, agente user (coleta própria 1/9/2026)",https://pt.wikipedia.org/wiki/Pablo_Marçal,
2026-03-11,Renan Santos,Renan Santos,1250,"Wikimedia REST API, pageviews per-article, all-access, agente user (coleta própria 1/9/2026)",https://pt.wikipedia.org/wiki/Renan_Santos,
2026-03-11,Romeu Zema,Romeu Zema,609,"Wikimedia REST API, pageviews per-article, all-access, agente user (coleta própria 1/9/2026)",https://pt.wikipedia.org/wiki/Romeu_Zema,
2026-03-11,Ronaldo Caiado,Ronaldo Caiado,272,"Wikimedia REST API, pageviews per-article, all-access, agente user (coleta própria 1/9/2026)",https://pt.wikipedia.org/wiki/Ronaldo_Caiado,
2026-03-12,Augusto Cury,Augusto Cury,575,"Wikimedia REST API, pageviews per-article, all-access, agente user (coleta própria 1/9/2026)",https://pt.wikipedia.org/wiki/Augusto_Cury,
2026-03-12,Flávio Bolsonaro,Flávio Bolsonaro,2020,"Wikimedia REST API, pageviews per-article, all-access, agente user (coleta própria 1/9/2026)",https://pt.wikipedia.org/wiki/Flávio_Bolsonaro,
2026-03-12,Lula,Luiz Inácio Lula da Silva,1517,"Wikimedia REST API, pageviews per-article, all-access, agente user (coleta própria 1/9/2026)",https://pt.wikipedia.org/wiki/Luiz_Inácio_Lula_da_Silva,
2026-03-12,Pablo Marçal,Pablo Marçal,249,"Wikimedia REST API, pageviews per-article, all-access, agente user (coleta própria 1/9/2026)",https://pt.wikipedia.org/wiki/Pablo_Marçal,
2026-03-12,Renan Santos,Renan Santos,1164,"Wikimedia REST API, pageviews per-article, all-access, agente user (coleta própria 1/9/2026)",https://pt.wikipedia.org/wiki/Renan_Santos,
2026-03-12,Romeu Zema,Romeu Zema,468,"Wikimedia REST API, pageviews per-article, all-access, agente user (coleta própria 1/9/2026)",https://pt.wikipedia.org/wiki/Romeu_Zema,
2026-03-12,Ronaldo Caiado,Ronaldo Caiado,280,"Wikimedia REST API, pageviews per-article, all-access, agente user (coleta própria 1/9/2026)",https://pt.wikipedia.org/wiki/Ronaldo_Caiado,
2026-03-13,Augusto Cury,Augusto Cury,596,"Wikimedia REST API, pageviews per-article, all-access, agente user (coleta própria 1/9/2026)",https://pt.wikipedia.org/wiki/Augusto_Cury,
2026-03-13,Flávio Bolsonaro,Flávio Bolsonaro,1288,"Wikimedia REST API, pageviews per-article, all-access, agente user (coleta própria 1/9/2026)",https://pt.wikipedia.org/wiki/Flávio_Bolsonaro,
2026-03-13,Lula,Luiz Inácio Lula da Silva,1561,"Wikimedia REST API, pageviews per-article, all-access, agente user (coleta própria 1/9/2026)",https://pt.wikipedia.org/wiki/Luiz_Inácio_Lula_da_Silva,
2026-03-13,Pablo Marçal,Pablo Marçal,264,"Wikimedia REST API, pageviews per-article, all-access, agente user (coleta própria 1/9/2026)",https://pt.wikipedia.org/wiki/Pablo_Marçal,
2026-03-13,Renan Santos,Renan Santos,1029,"Wikimedia REST API, pageviews per-article, all-access, agente user (coleta própria 1/9/2026)",https://pt.wikipedia.org/wiki/Renan_Santos,
2026-03-13,Romeu Zema,Romeu Zema,371,"Wikimedia REST API, pageviews per-article, all-access, agente user (coleta própria 1/9/2026)",https://pt.wikipedia.org/wiki/Romeu_Zema,
2026-03-13,Ronaldo Caiado,Ronaldo Caiado,750,"Wikimedia REST API, pageviews per-article, all-access, agente user (coleta própria 1/9/2026)",https://pt.wikipedia.org/wiki/Ronaldo_Caiado,
2026-03-14,Augusto Cury,Augusto Cury,325,"Wikimedia REST API, pageviews per-article, all-access, agente user (coleta própria 1/9/2026)",https://pt.wikipedia.org/wiki/Augusto_Cury,
2026-03-14,Flávio Bolsonaro,Flávio Bolsonaro,1365,"Wikimedia REST API, pageviews per-article, all-access, agente user (coleta própria 1/9/2026)",https://pt.wikipedia.org/wiki/Flávio_Bolsonaro,
2026-03-14,Lula,Luiz Inácio Lula da Silva,1617,"Wikimedia REST API, pageviews per-article, all-access, agente user (coleta própria 1/9/2026)",https://pt.wikipedia.org/wiki/Luiz_Inácio_Lula_da_Silva,
2026-03-14,Pablo Marçal,Pablo Marçal,220,"Wikimedia REST API, pageviews per-article, all-access, agente user (coleta própria 1/9/2026)",https://pt.wikipedia.org/wiki/Pablo_Marçal,
2026-03-14,Renan Santos,Renan Santos,940,"Wikimedia REST API, pageviews per-article, all-access, agente user (coleta própria 1/9/2026)",https://pt.wikipedia.org/wiki/Renan_Santos,
2026-03-14,Romeu Zema,Romeu Zema,334,"Wikimedia REST API, pageviews per-article, all-access, agente user (coleta própria 1/9/2026)",https://pt.wikipedia.org/wiki/Romeu_Zema,
2026-03-14,Ronaldo Caiado,Ronaldo Caiado,741,"Wikimedia REST API, pageviews per-article, all-access, agente user (coleta própria 1/9/2026)",https://pt.wikipedia.org/wiki/Ronaldo_Caiado,
2026-03-15,Augusto Cury,Augusto Cury,381,"Wikimedia REST API, pageviews per-article, all-access, agente user (coleta própria 1/9/2026)",https://pt.wikipedia.org/wiki/Augusto_Cury,
2026-03-15,Flávio Bolsonaro,Flávio Bolsonaro,1332,"Wikimedia REST API, pageviews per-article, all-access, agente user (coleta própria 1/9/2026)",https://pt.wikipedia.org/wiki/Flávio_Bolsonaro,
2026-03-15,Lula,Luiz Inácio Lula da Silva,1561,"Wikimedia REST API, pageviews per-article, all-access, agente user (coleta própria 1/9/2026)",https://pt.wikipedia.org/wiki/Luiz_Inácio_Lula_da_Silva,
2026-03-15,Pablo Marçal,Pablo Marçal,260,"Wikimedia REST API, pageviews per-article, all-access, agente user (coleta própria 1/9/2026)",https://pt.wikipedia.org/wiki/Pablo_Marçal,
2026-03-15,Renan Santos,Renan Santos,966,"Wikimedia REST API, pageviews per-article, all-access, agente user (coleta própria 1/9/2026)",https://pt.wikipedia.org/wiki/Renan_Santos,
2026-03-15,Romeu Zema,Romeu Zema,299,"Wikimedia REST API, pageviews per-article, all-access, agente user (coleta própria 1/9/2026)",https://pt.wikipedia.org/wiki/Romeu_Zema,
2026-03-15,Ronaldo Caiado,Ronaldo Caiado,685,"Wikimedia REST API, pageviews per-article, all-access, agente user (coleta própria 1/9/2026)",https://pt.wikipedia.org/wiki/Ronaldo_Caiado,
2026-03-16,Augusto Cury,Augusto Cury,320,"Wikimedia REST API, pageviews per-article, all-access, agente user (coleta própria 1/9/2026)",https://pt.wikipedia.org/wiki/Augusto_Cury,
2026-03-16,Flávio Bolsonaro,Flávio Bolsonaro,1158,"Wikimedia REST API, pageviews per-article, all-access, agente user (coleta própria 1/9/2026)",https://pt.wikipedia.org/wiki/Flávio_Bolsonaro,
2026-03-16,Lula,Luiz Inácio Lula da Silva,1504,"Wikimedia REST API, pageviews per-article, all-access, agente user (coleta própria 1/9/2026)",https://pt.wikipedia.org/wiki/Luiz_Inácio_Lula_da_Silva,
2026-03-16,Pablo Marçal,Pablo Marçal,209,"Wikimedia REST API, pageviews per-article, all-access, agente user (coleta própria 1/9/2026)",https://pt.wikipedia.org/wiki/Pablo_Marçal,
2026-03-16,Renan Santos,Renan Santos,955,"Wikimedia REST API, pageviews per-article, all-access, agente user (coleta própria 1/9/2026)",https://pt.wikipedia.org/wiki/Renan_Santos,
2026-03-16,Romeu Zema,Romeu Zema,299,"Wikimedia REST API, pageviews per-article, all-access, agente user (coleta própria 1/9/2026)",https://pt.wikipedia.org/wiki/Romeu_Zema,
2026-03-16,Ronaldo Caiado,Ronaldo Caiado,693,"Wikimedia REST API, pageviews per-article, all-access, agente user (coleta própria 1/9/2026)",https://pt.wikipedia.org/wiki/Ronaldo_Caiado,
2026-03-17,Augusto Cury,Augusto Cury,337,"Wikimedia REST API, pageviews per-article, all-access, agente user (coleta própria 1/9/2026)",https://pt.wikipedia.org/wiki/Augusto_Cury,
2026-03-17,Flávio Bolsonaro,Flávio Bolsonaro,1025,"Wikimedia REST API, pageviews per-article, all-access, agente user (coleta própria 1/9/2026)",https://pt.wikipedia.org/wiki/Flávio_Bolsonaro,
2026-03-17,Lula,Luiz Inácio Lula da Silva,1570,"Wikimedia REST API, pageviews per-article, all-access, agente user (coleta própria 1/9/2026)",https://pt.wikipedia.org/wiki/Luiz_Inácio_Lula_da_Silva,
2026-03-17,Pablo Marçal,Pablo Marçal,220,"Wikimedia REST API, pageviews per-article, all-access, agente user (coleta própria 1/9/2026)",https://pt.wikipedia.org/wiki/Pablo_Marçal,
2026-03-17,Renan Santos,Renan Santos,1095,"Wikimedia REST API, pageviews per-article, all-access, agente user (coleta própria 1/9/2026)",https://pt.wikipedia.org/wiki/Renan_Santos,
2026-03-17,Romeu Zema,Romeu Zema,392,"Wikimedia REST API, pageviews per-article, all-access, agente user (coleta própria 1/9/2026)",https://pt.wikipedia.org/wiki/Romeu_Zema,
2026-03-17,Ronaldo Caiado,Ronaldo Caiado,380,"Wikimedia REST API, pageviews per-article, all-access, agente user (coleta própria 1/9/2026)",https://pt.wikipedia.org/wiki/Ronaldo_Caiado,
2026-03-18,Augusto Cury,Augusto Cury,347,"Wikimedia REST API, pageviews per-article, all-access, agente user (coleta própria 1/9/2026)",https://pt.wikipedia.org/wiki/Augusto_Cury,
2026-03-18,Flávio Bolsonaro,Flávio Bolsonaro,1132,"Wikimedia REST API, pageviews per-article, all-access, agente user (coleta própria 1/9/2026)",https://pt.wikipedia.org/wiki/Flávio_Bolsonaro,
2026-03-18,Lula,Luiz Inácio Lula da Silva,1509,"Wikimedia REST API, pageviews per-article, all-access, agente user (coleta própria 1/9/2026)",https://pt.wikipedia.org/wiki/Luiz_Inácio_Lula_da_Silva,
2026-03-18,Pablo Marçal,Pablo Marçal,213,"Wikimedia REST API, pageviews per-article, all-access, agente user (coleta própria 1/9/2026)",https://pt.wikipedia.org/wiki/Pablo_Marçal,
2026-03-18,Renan Santos,Renan Santos,967,"Wikimedia REST API, pageviews per-article, all-access, agente user (coleta própria 1/9/2026)",https://pt.wikipedia.org/wiki/Renan_Santos,
2026-03-18,Romeu Zema,Romeu Zema,347,"Wikimedia REST API, pageviews per-article, all-access, agente user (coleta própria 1/9/2026)",https://pt.wikipedia.org/wiki/Romeu_Zema,
2026-03-18,Ronaldo Caiado,Ronaldo Caiado,425,"Wikimedia REST API, pageviews per-article, all-access, agente user (coleta própria 1/9/2026)",https://pt.wikipedia.org/wiki/Ronaldo_Caiado,
2026-03-19,Augusto Cury,Augusto Cury,336,"Wikimedia REST API, pageviews per-article, all-access, agente user (coleta própria 1/9/2026)",https://pt.wikipedia.org/wiki/Augusto_Cury,
2026-03-19,Flávio Bolsonaro,Flávio Bolsonaro,998,"Wikimedia REST API, pageviews per-article, all-access, agente user (coleta própria 1/9/2026)",https://pt.wikipedia.org/wiki/Flávio_Bolsonaro,
2026-03-19,Lula,Luiz Inácio Lula da Silva,1521,"Wikimedia REST API, pageviews per-article, all-access, agente user (coleta própria 1/9/2026)",https://pt.wikipedia.org/wiki/Luiz_Inácio_Lula_da_Silva,
2026-03-19,Pablo Marçal,Pablo Marçal,211,"Wikimedia REST API, pageviews per-article, all-access, agente user (coleta própria 1/9/2026)",https://pt.wikipedia.org/wiki/Pablo_Marçal,
2026-03-19,Renan Santos,Renan Santos,932,"Wikimedia REST API, pageviews per-article, all-access, agente user (coleta própria 1/9/2026)",https://pt.wikipedia.org/wiki/Renan_Santos,
2026-03-19,Romeu Zema,Romeu Zema,327,"Wikimedia REST API, pageviews per-article, all-access, agente user (coleta própria 1/9/2026)",https://pt.wikipedia.org/wiki/Romeu_Zema,
2026-03-19,Ronaldo Caiado,Ronaldo Caiado,420,"Wikimedia REST API, pageviews per-article, all-access, agente user (coleta própria 1/9/2026)",https://pt.wikipedia.org/wiki/Ronaldo_Caiado,
2026-03-20,Augusto Cury,Augusto Cury,285,"Wikimedia REST API, pageviews per-article, all-access, agente user (coleta própria 1/9/2026)",https://pt.wikipedia.org/wiki/Augusto_Cury,
2026-03-20,Flávio Bolsonaro,Flávio Bolsonaro,876,"Wikimedia REST API, pageviews per-article, all-access, agente user (coleta própria 1/9/2026)",https://pt.wikipedia.org/wiki/Flávio_Bolsonaro,
2026-03-20,Lula,Luiz Inácio Lula da Silva,1484,"Wikimedia REST API, pageviews per-article, all-access, agente user (coleta própria 1/9/2026)",https://pt.wikipedia.org/wiki/Luiz_Inácio_Lula_da_Silva,
2026-03-20,Pablo Marçal,Pablo Marçal,207,"Wikimedia REST API, pageviews per-article, all-access, agente user (coleta própria 1/9/2026)",https://pt.wikipedia.org/wiki/Pablo_Marçal,
2026-03-20,Renan Santos,Renan Santos,836,"Wikimedia REST API, pageviews per-article, all-access, agente user (coleta própria 1/9/2026)",https://pt.wikipedia.org/wiki/Renan_Santos,
2026-03-20,Romeu Zema,Romeu Zema,504,"Wikimedia REST API, pageviews per-article, all-access, agente user (coleta própria 1/9/2026)",https://pt.wikipedia.org/wiki/Romeu_Zema,
2026-03-20,Ronaldo Caiado,Ronaldo Caiado,442,"Wikimedia REST API, pageviews per-article, all-access, agente user (coleta própria 1/9/2026)",https://pt.wikipedia.org/wiki/Ronaldo_Caiado,
2026-03-21,Augusto Cury,Augusto Cury,272,"Wikimedia REST API, pageviews per-article, all-access, agente user (coleta própria 1/9/2026)",https://pt.wikipedia.org/wiki/Augusto_Cury,
2026-03-21,Flávio Bolsonaro,Flávio Bolsonaro,1118,"Wikimedia REST API, pageviews per-article, all-access, agente user (coleta própria 1/9/2026)",https://pt.wikipedia.org/wiki/Flávio_Bolsonaro,
2026-03-21,Lula,Luiz Inácio Lula da Silva,1499,"Wikimedia REST API, pageviews per-article, all-access, agente user (coleta própria 1/9/2026)",https://pt.wikipedia.org/wiki/Luiz_Inácio_Lula_da_Silva,
2026-03-21,Pablo Marçal,Pablo Marçal,183,"Wikimedia REST API, pageviews per-article, all-access, agente user (coleta própria 1/9/2026)",https://pt.wikipedia.org/wiki/Pablo_Marçal,
2026-03-21,Renan Santos,Renan Santos,780,"Wikimedia REST API, pageviews per-article, all-access, agente user (coleta própria 1/9/2026)",https://pt.wikipedia.org/wiki/Renan_Santos,
2026-03-21,Romeu Zema,Romeu Zema,1133,"Wikimedia REST API, pageviews per-article, all-access, agente user (coleta própria 1/9/2026)",https://pt.wikipedia.org/wiki/Romeu_Zema,
2026-03-21,Ronaldo Caiado,Ronaldo Caiado,496,"Wikimedia REST API, pageviews per-article, all-access, agente user (coleta própria 1/9/2026)",https://pt.wikipedia.org/wiki/Ronaldo_Caiado,
2026-03-22,Augusto Cury,Augusto Cury,352,"Wikimedia REST API, pageviews per-article, all-access, agente user (coleta própria 1/9/2026)",https://pt.wikipedia.org/wiki/Augusto_Cury,
2026-03-22,Flávio Bolsonaro,Flávio Bolsonaro,1433,"Wikimedia REST API, pageviews per-article, all-access, agente user (coleta própria 1/9/2026)",https://pt.wikipedia.org/wiki/Flávio_Bolsonaro,
2026-03-22,Lula,Luiz Inácio Lula da Silva,1521,"Wikimedia REST API, pageviews per-article, all-access, agente user (coleta própria 1/9/2026)",https://pt.wikipedia.org/wiki/Luiz_Inácio_Lula_da_Silva,
2026-03-22,Pablo Marçal,Pablo Marçal,225,"Wikimedia REST API, pageviews per-article, all-access, agente user (coleta própria 1/9/2026)",https://pt.wikipedia.org/wiki/Pablo_Marçal,
2026-03-22,Renan Santos,Renan Santos,880,"Wikimedia REST API, pageviews per-article, all-access, agente user (coleta própria 1/9/2026)",https://pt.wikipedia.org/wiki/Renan_Santos,
2026-03-22,Romeu Zema,Romeu Zema,2261,"Wikimedia REST API, pageviews per-article, all-access, agente user (coleta própria 1/9/2026)",https://pt.wikipedia.org/wiki/Romeu_Zema,
2026-03-22,Ronaldo Caiado,Ronaldo Caiado,618,"Wikimedia REST API, pageviews per-article, all-access, agente user (coleta própria 1/9/2026)",https://pt.wikipedia.org/wiki/Ronaldo_Caiado,
2026-03-23,Augusto Cury,Augusto Cury,300,"Wikimedia REST API, pageviews per-article, all-access, agente user (coleta própria 1/9/2026)",https://pt.wikipedia.org/wiki/Augusto_Cury,
2026-03-23,Flávio Bolsonaro,Flávio Bolsonaro,1444,"Wikimedia REST API, pageviews per-article, all-access, agente user (coleta própria 1/9/2026)",https://pt.wikipedia.org/wiki/Flávio_Bolsonaro,
2026-03-23,Lula,Luiz Inácio Lula da Silva,1489,"Wikimedia REST API, pageviews per-article, all-access, agente user (coleta própria 1/9/2026)",https://pt.wikipedia.org/wiki/Luiz_Inácio_Lula_da_Silva,
2026-03-23,Pablo Marçal,Pablo Marçal,248,"Wikimedia REST API, pageviews per-article, all-access, agente user (coleta própria 1/9/2026)",https://pt.wikipedia.org/wiki/Pablo_Marçal,
2026-03-23,Renan Santos,Renan Santos,975,"Wikimedia REST API, pageviews per-article, all-access, agente user (coleta própria 1/9/2026)",https://pt.wikipedia.org/wiki/Renan_Santos,
2026-03-23,Romeu Zema,Romeu Zema,1877,"Wikimedia REST API, pageviews per-article, all-access, agente user (coleta própria 1/9/2026)",https://pt.wikipedia.org/wiki/Romeu_Zema,
2026-03-23,Ronaldo Caiado,Ronaldo Caiado,1148,"Wikimedia REST API, pageviews per-article, all-access, agente user (coleta própria 1/9/2026)",https://pt.wikipedia.org/wiki/Ronaldo_Caiado,
2026-03-24,Augusto Cury,Augusto Cury,330,"Wikimedia REST API, pageviews per-article, all-access, agente user (coleta própria 1/9/2026)",https://pt.wikipedia.org/wiki/Augusto_Cury,
2026-03-24,Flávio Bolsonaro,Flávio Bolsonaro,1768,"Wikimedia REST API, pageviews per-article, all-access, agente user (coleta própria 1/9/2026)",https://pt.wikipedia.org/wiki/Flávio_Bolsonaro,
2026-03-24,Lula,Luiz Inácio Lula da Silva,1610,"Wikimedia REST API, pageviews per-article, all-access, agente user (coleta própria 1/9/2026)",https://pt.wikipedia.org/wiki/Luiz_Inácio_Lula_da_Silva,
2026-03-24,Pablo Marçal,Pablo Marçal,245,"Wikimedia REST API, pageviews per-article, all-access, agente user (coleta própria 1/9/2026)",https://pt.wikipedia.org/wiki/Pablo_Marçal,
2026-03-24,Renan Santos,Renan Santos,1202,"Wikimedia REST API, pageviews per-article, all-access, agente user (coleta própria 1/9/2026)",https://pt.wikipedia.org/wiki/Renan_Santos,
2026-03-24,Romeu Zema,Romeu Zema,1401,"Wikimedia REST API, pageviews per-article, all-access, agente user (coleta própria 1/9/2026)",https://pt.wikipedia.org/wiki/Romeu_Zema,
2026-03-24,Ronaldo Caiado,Ronaldo Caiado,1567,"Wikimedia REST API, pageviews per-article, all-access, agente user (coleta própria 1/9/2026)",https://pt.wikipedia.org/wiki/Ronaldo_Caiado,
2026-03-25,Augusto Cury,Augusto Cury,365,"Wikimedia REST API, pageviews per-article, all-access, agente user (coleta própria 1/9/2026)",https://pt.wikipedia.org/wiki/Augusto_Cury,
2026-03-25,Flávio Bolsonaro,Flávio Bolsonaro,1891,"Wikimedia REST API, pageviews per-article, all-access, agente user (coleta própria 1/9/2026)",https://pt.wikipedia.org/wiki/Flávio_Bolsonaro,
2026-03-25,Lula,Luiz Inácio Lula da Silva,1610,"Wikimedia REST API, pageviews per-article, all-access, agente user (coleta própria 1/9/2026)",https://pt.wikipedia.org/wiki/Luiz_Inácio_Lula_da_Silva,
2026-03-25,Pablo Marçal,Pablo Marçal,250,"Wikimedia REST API, pageviews per-article, all-access, agente user (coleta própria 1/9/2026)",https://pt.wikipedia.org/wiki/Pablo_Marçal,
2026-03-25,Renan Santos,Renan Santos,2930,"Wikimedia REST API, pageviews per-article, all-access, agente user (coleta própria 1/9/2026)",https://pt.wikipedia.org/wiki/Renan_Santos,
2026-03-25,Romeu Zema,Romeu Zema,935,"Wikimedia REST API, pageviews per-article, all-access, agente user (coleta própria 1/9/2026)",https://pt.wikipedia.org/wiki/Romeu_Zema,
2026-03-25,Ronaldo Caiado,Ronaldo Caiado,1183,"Wikimedia REST API, pageviews per-article, all-access, agente user (coleta própria 1/9/2026)",https://pt.wikipedia.org/wiki/Ronaldo_Caiado,
2026-03-26,Augusto Cury,Augusto Cury,685,"Wikimedia REST API, pageviews per-article, all-access, agente user (coleta própria 1/9/2026)",https://pt.wikipedia.org/wiki/Augusto_Cury,
2026-03-26,Flávio Bolsonaro,Flávio Bolsonaro,1440,"Wikimedia REST API, pageviews per-article, all-access, agente user (coleta própria 1/9/2026)",https://pt.wikipedia.org/wiki/Flávio_Bolsonaro,
2026-03-26,Lula,Luiz Inácio Lula da Silva,1786,"Wikimedia REST API, pageviews per-article, all-access, agente user (coleta própria 1/9/2026)",https://pt.wikipedia.org/wiki/Luiz_Inácio_Lula_da_Silva,
2026-03-26,Pablo Marçal,Pablo Marçal,486,"Wikimedia REST API, pageviews per-article, all-access, agente user (coleta própria 1/9/2026)",https://pt.wikipedia.org/wiki/Pablo_Marçal,
2026-03-26,Renan Santos,Renan Santos,3453,"Wikimedia REST API, pageviews per-article, all-access, agente user (coleta própria 1/9/2026)",https://pt.wikipedia.org/wiki/Renan_Santos,
2026-03-26,Romeu Zema,Romeu Zema,1069,"Wikimedia REST API, pageviews per-article, all-access, agente user (coleta própria 1/9/2026)",https://pt.wikipedia.org/wiki/Romeu_Zema,
2026-03-26,Ronaldo Caiado,Ronaldo Caiado,784,"Wikimedia REST API, pageviews per-article, all-access, agente user (coleta própria 1/9/2026)",https://pt.wikipedia.org/wiki/Ronaldo_Caiado,
2026-03-27,Augusto Cury,Augusto Cury,532,"Wikimedia REST API, pageviews per-article, all-access, agente user (coleta própria 1/9/2026)",https://pt.wikipedia.org/wiki/Augusto_Cury,
2026-03-27,Flávio Bolsonaro,Flávio Bolsonaro,1177,"Wikimedia REST API, pageviews per-article, all-access, agente user (coleta própria 1/9/2026)",https://pt.wikipedia.org/wiki/Flávio_Bolsonaro,
2026-03-27,Lula,Luiz Inácio Lula da Silva,1799,"Wikimedia REST API, pageviews per-article, all-access, agente user (coleta própria 1/9/2026)",https://pt.wikipedia.org/wiki/Luiz_Inácio_Lula_da_Silva,
2026-03-27,Pablo Marçal,Pablo Marçal,391,"Wikimedia REST API, pageviews per-article, all-access, agente user (coleta própria 1/9/2026)",https://pt.wikipedia.org/wiki/Pablo_Marçal,
2026-03-27,Renan Santos,Renan Santos,2263,"Wikimedia REST API, pageviews per-article, all-access, agente user (coleta própria 1/9/2026)",https://pt.wikipedia.org/wiki/Renan_Santos,
2026-03-27,Romeu Zema,Romeu Zema,633,"Wikimedia REST API, pageviews per-article, all-access, agente user (coleta própria 1/9/2026)",https://pt.wikipedia.org/wiki/Romeu_Zema,
2026-03-27,Ronaldo Caiado,Ronaldo Caiado,666,"Wikimedia REST API, pageviews per-article, all-access, agente user (coleta própria 1/9/2026)",https://pt.wikipedia.org/wiki/Ronaldo_Caiado,
2026-03-28,Augusto Cury,Augusto Cury,547,"Wikimedia REST API, pageviews per-article, all-access, agente user (coleta própria 1/9/2026)",https://pt.wikipedia.org/wiki/Augusto_Cury,
2026-03-28,Flávio Bolsonaro,Flávio Bolsonaro,1234,"Wikimedia REST API, pageviews per-article, all-access, agente user (coleta própria 1/9/2026)",https://pt.wikipedia.org/wiki/Flávio_Bolsonaro,
2026-03-28,Lula,Luiz Inácio Lula da Silva,1563,"Wikimedia REST API, pageviews per-article, all-access, agente user (coleta própria 1/9/2026)",https://pt.wikipedia.org/wiki/Luiz_Inácio_Lula_da_Silva,
2026-03-28,Pablo Marçal,Pablo Marçal,383,"Wikimedia REST API, pageviews per-article, all-access, agente user (coleta própria 1/9/2026)",https://pt.wikipedia.org/wiki/Pablo_Marçal,
2026-03-28,Renan Santos,Renan Santos,2443,"Wikimedia REST API, pageviews per-article, all-access, agente user (coleta própria 1/9/2026)",https://pt.wikipedia.org/wiki/Renan_Santos,
2026-03-28,Romeu Zema,Romeu Zema,540,"Wikimedia REST API, pageviews per-article, all-access, agente user (coleta própria 1/9/2026)",https://pt.wikipedia.org/wiki/Romeu_Zema,
2026-03-28,Ronaldo Caiado,Ronaldo Caiado,649,"Wikimedia REST API, pageviews per-article, all-access, agente user (coleta própria 1/9/2026)",https://pt.wikipedia.org/wiki/Ronaldo_Caiado,
2026-03-29,Augusto Cury,Augusto Cury,544,"Wikimedia REST API, pageviews per-article, all-access, agente user (coleta própria 1/9/2026)",https://pt.wikipedia.org/wiki/Augusto_Cury,
2026-03-29,Flávio Bolsonaro,Flávio Bolsonaro,1477,"Wikimedia REST API, pageviews per-article, all-access, agente user (coleta própria 1/9/2026)",https://pt.wikipedia.org/wiki/Flávio_Bolsonaro,
2026-03-29,Lula,Luiz Inácio Lula da Silva,1425,"Wikimedia REST API, pageviews per-article, all-access, agente user (coleta própria 1/9/2026)",https://pt.wikipedia.org/wiki/Luiz_Inácio_Lula_da_Silva,
2026-03-29,Pablo Marçal,Pablo Marçal,639,"Wikimedia REST API, pageviews per-article, all-access, agente user (coleta própria 1/9/2026)",https://pt.wikipedia.org/wiki/Pablo_Marçal,
2026-03-29,Renan Santos,Renan Santos,2917,"Wikimedia REST API, pageviews per-article, all-access, agente user (coleta própria 1/9/2026)",https://pt.wikipedia.org/wiki/Renan_Santos,
2026-03-29,Romeu Zema,Romeu Zema,515,"Wikimedia REST API, pageviews per-article, all-access, agente user (coleta própria 1/9/2026)",https://pt.wikipedia.org/wiki/Romeu_Zema,
2026-03-29,Ronaldo Caiado,Ronaldo Caiado,621,"Wikimedia REST API, pageviews per-article, all-access, agente user (coleta própria 1/9/2026)",https://pt.wikipedia.org/wiki/Ronaldo_Caiado,
2026-03-30,Augusto Cury,Augusto Cury,669,"Wikimedia REST API, pageviews per-article, all-access, agente user (coleta própria 1/9/2026)",https://pt.wikipedia.org/wiki/Augusto_Cury,
2026-03-30,Flávio Bolsonaro,Flávio Bolsonaro,1729,"Wikimedia REST API, pageviews per-article, all-access, agente user (coleta própria 1/9/2026)",https://pt.wikipedia.org/wiki/Flávio_Bolsonaro,
2026-03-30,Lula,Luiz Inácio Lula da Silva,1631,"Wikimedia REST API, pageviews per-article, all-access, agente user (coleta própria 1/9/2026)",https://pt.wikipedia.org/wiki/Luiz_Inácio_Lula_da_Silva,
2026-03-30,Pablo Marçal,Pablo Marçal,491,"Wikimedia REST API, pageviews per-article, all-access, agente user (coleta própria 1/9/2026)",https://pt.wikipedia.org/wiki/Pablo_Marçal,
2026-03-30,Renan Santos,Renan Santos,2885,"Wikimedia REST API, pageviews per-article, all-access, agente user (coleta própria 1/9/2026)",https://pt.wikipedia.org/wiki/Renan_Santos,
2026-03-30,Romeu Zema,Romeu Zema,716,"Wikimedia REST API, pageviews per-article, all-access, agente user (coleta própria 1/9/2026)",https://pt.wikipedia.org/wiki/Romeu_Zema,
2026-03-30,Ronaldo Caiado,Ronaldo Caiado,9082,"Wikimedia REST API, pageviews per-article, all-access, agente user (coleta própria 1/9/2026)",https://pt.wikipedia.org/wiki/Ronaldo_Caiado,
2026-03-31,Augusto Cury,Augusto Cury,499,"Wikimedia REST API, pageviews per-article, all-access, agente user (coleta própria 1/9/2026)",https://pt.wikipedia.org/wiki/Augusto_Cury,
2026-03-31,Flávio Bolsonaro,Flávio Bolsonaro,1609,"Wikimedia REST API, pageviews per-article, all-access, agente user (coleta própria 1/9/2026)",https://pt.wikipedia.org/wiki/Flávio_Bolsonaro,
2026-03-31,Lula,Luiz Inácio Lula da Silva,1874,"Wikimedia REST API, pageviews per-article, all-access, agente user (coleta própria 1/9/2026)",https://pt.wikipedia.org/wiki/Luiz_Inácio_Lula_da_Silva,
2026-03-31,Pablo Marçal,Pablo Marçal,698,"Wikimedia REST API, pageviews per-article, all-access, agente user (coleta própria 1/9/2026)",https://pt.wikipedia.org/wiki/Pablo_Marçal,
2026-03-31,Renan Santos,Renan Santos,3665,"Wikimedia REST API, pageviews per-article, all-access, agente user (coleta própria 1/9/2026)",https://pt.wikipedia.org/wiki/Renan_Santos,
2026-03-31,Romeu Zema,Romeu Zema,1067,"Wikimedia REST API, pageviews per-article, all-access, agente user (coleta própria 1/9/2026)",https://pt.wikipedia.org/wiki/Romeu_Zema,
2026-03-31,Ronaldo Caiado,Ronaldo Caiado,9412,"Wikimedia REST API, pageviews per-article, all-access, agente user (coleta própria 1/9/2026)",https://pt.wikipedia.org/wiki/Ronaldo_Caiado,
2026-04-01,Augusto Cury,Augusto Cury,429,"Wikimedia REST API, pageviews per-article, all-access, agente user (coleta própria 1/9/2026)",https://pt.wikipedia.org/wiki/Augusto_Cury,
2026-04-01,Flávio Bolsonaro,Flávio Bolsonaro,1038,"Wikimedia REST API, pageviews per-article, all-access, agente user (coleta própria 1/9/2026)",https://pt.wikipedia.org/wiki/Flávio_Bolsonaro,
2026-04-01,Lula,Luiz Inácio Lula da Silva,1719,"Wikimedia REST API, pageviews per-article, all-access, agente user (coleta própria 1/9/2026)",https://pt.wikipedia.org/wiki/Luiz_Inácio_Lula_da_Silva,
2026-04-01,Pablo Marçal,Pablo Marçal,346,"Wikimedia REST API, pageviews per-article, all-access, agente user (coleta própria 1/9/2026)",https://pt.wikipedia.org/wiki/Pablo_Marçal,
2026-04-01,Renan Santos,Renan Santos,2443,"Wikimedia REST API, pageviews per-article, all-access, agente user (coleta própria 1/9/2026)",https://pt.wikipedia.org/wiki/Renan_Santos,
2026-04-01,Romeu Zema,Romeu Zema,694,"Wikimedia REST API, pageviews per-article, all-access, agente user (coleta própria 1/9/2026)",https://pt.wikipedia.org/wiki/Romeu_Zema,
2026-04-01,Ronaldo Caiado,Ronaldo Caiado,3423,"Wikimedia REST API, pageviews per-article, all-access, agente user (coleta própria 1/9/2026)",https://pt.wikipedia.org/wiki/Ronaldo_Caiado,
2026-04-02,Augusto Cury,Augusto Cury,337,"Wikimedia REST API, pageviews per-article, all-access, agente user (coleta própria 1/9/2026)",https://pt.wikipedia.org/wiki/Augusto_Cury,
2026-04-02,Flávio Bolsonaro,Flávio Bolsonaro,946,"Wikimedia REST API, pageviews per-article, all-access, agente user (coleta própria 1/9/2026)",https://pt.wikipedia.org/wiki/Flávio_Bolsonaro,
2026-04-02,Lula,Luiz Inácio Lula da Silva,1411,"Wikimedia REST API, pageviews per-article, all-access, agente user (coleta própria 1/9/2026)",https://pt.wikipedia.org/wiki/Luiz_Inácio_Lula_da_Silva,
2026-04-02,Pablo Marçal,Pablo Marçal,324,"Wikimedia REST API, pageviews per-article, all-access, agente user (coleta própria 1/9/2026)",https://pt.wikipedia.org/wiki/Pablo_Marçal,
2026-04-02,Renan Santos,Renan Santos,2118,"Wikimedia REST API, pageviews per-article, all-access, agente user (coleta própria 1/9/2026)",https://pt.wikipedia.org/wiki/Renan_Santos,
2026-04-02,Romeu Zema,Romeu Zema,543,"Wikimedia REST API, pageviews per-article, all-access, agente user (coleta própria 1/9/2026)",https://pt.wikipedia.org/wiki/Romeu_Zema,
2026-04-02,Ronaldo Caiado,Ronaldo Caiado,1979,"Wikimedia REST API, pageviews per-article, all-access, agente user (coleta própria 1/9/2026)",https://pt.wikipedia.org/wiki/Ronaldo_Caiado,
2026-04-03,Augusto Cury,Augusto Cury,359,"Wikimedia REST API, pageviews per-article, all-access, agente user (coleta própria 1/9/2026)",https://pt.wikipedia.org/wiki/Augusto_Cury,
2026-04-03,Flávio Bolsonaro,Flávio Bolsonaro,1028,"Wikimedia REST API, pageviews per-article, all-access, agente user (coleta própria 1/9/2026)",https://pt.wikipedia.org/wiki/Flávio_Bolsonaro,
2026-04-03,Lula,Luiz Inácio Lula da Silva,1452,"Wikimedia REST API, pageviews per-article, all-access, agente user (coleta própria 1/9/2026)",https://pt.wikipedia.org/wiki/Luiz_Inácio_Lula_da_Silva,
2026-04-03,Pablo Marçal,Pablo Marçal,314,"Wikimedia REST API, pageviews per-article, all-access, agente user (coleta própria 1/9/2026)",https://pt.wikipedia.org/wiki/Pablo_Marçal,
2026-04-03,Renan Santos,Renan Santos,2018,"Wikimedia REST API, pageviews per-article, all-access, agente user (coleta própria 1/9/2026)",https://pt.wikipedia.org/wiki/Renan_Santos,
2026-04-03,Romeu Zema,Romeu Zema,486,"Wikimedia REST API, pageviews per-article, all-access, agente user (coleta própria 1/9/2026)",https://pt.wikipedia.org/wiki/Romeu_Zema,
2026-04-03,Ronaldo Caiado,Ronaldo Caiado,1563,"Wikimedia REST API, pageviews per-article, all-access, agente user (coleta própria 1/9/2026)",https://pt.wikipedia.org/wiki/Ronaldo_Caiado,
2026-04-04,Augusto Cury,Augusto Cury,338,"Wikimedia REST API, pageviews per-article, all-access, agente user (coleta própria 1/9/2026)",https://pt.wikipedia.org/wiki/Augusto_Cury,
2026-04-04,Flávio Bolsonaro,Flávio Bolsonaro,940,"Wikimedia REST API, pageviews per-article, all-access, agente user (coleta própria 1/9/2026)",https://pt.wikipedia.org/wiki/Flávio_Bolsonaro,
2026-04-04,Lula,Luiz Inácio Lula da Silva,1538,"Wikimedia REST API, pageviews per-article, all-access, agente user (coleta própria 1/9/2026)",https://pt.wikipedia.org/wiki/Luiz_Inácio_Lula_da_Silva,
2026-04-04,Pablo Marçal,Pablo Marçal,370,"Wikimedia REST API, pageviews per-article, all-access, agente user (coleta própria 1/9/2026)",https://pt.wikipedia.org/wiki/Pablo_Marçal,
2026-04-04,Renan Santos,Renan Santos,1688,"Wikimedia REST API, pageviews per-article, all-access, agente user (coleta própria 1/9/2026)",https://pt.wikipedia.org/wiki/Renan_Santos,
2026-04-04,Romeu Zema,Romeu Zema,514,"Wikimedia REST API, pageviews per-article, all-access, agente user (coleta própria 1/9/2026)",https://pt.wikipedia.org/wiki/Romeu_Zema,
2026-04-04,Ronaldo Caiado,Ronaldo Caiado,1224,"Wikimedia REST API, pageviews per-article, all-access, agente user (coleta própria 1/9/2026)",https://pt.wikipedia.org/wiki/Ronaldo_Caiado,
2026-04-05,Augusto Cury,Augusto Cury,3936,"Wikimedia REST API, pageviews per-article, all-access, agente user (coleta própria 1/9/2026)",https://pt.wikipedia.org/wiki/Augusto_Cury,
2026-04-05,Flávio Bolsonaro,Flávio Bolsonaro,1052,"Wikimedia REST API, pageviews per-article, all-access, agente user (coleta própria 1/9/2026)",https://pt.wikipedia.org/wiki/Flávio_Bolsonaro,
2026-04-05,Lula,Luiz Inácio Lula da Silva,1556,"Wikimedia REST API, pageviews per-article, all-access, agente user (coleta própria 1/9/2026)",https://pt.wikipedia.org/wiki/Luiz_Inácio_Lula_da_Silva,
2026-04-05,Pablo Marçal,Pablo Marçal,291,"Wikimedia REST API, pageviews per-article, all-access, agente user (coleta própria 1/9/2026)",https://pt.wikipedia.org/wiki/Pablo_Marçal,
2026-04-05,Renan Santos,Renan Santos,1639,"Wikimedia REST API, pageviews per-article, all-access, agente user (coleta própria 1/9/2026)",https://pt.wikipedia.org/wiki/Renan_Santos,
2026-04-05,Romeu Zema,Romeu Zema,510,"Wikimedia REST API, pageviews per-article, all-access, agente user (coleta própria 1/9/2026)",https://pt.wikipedia.org/wiki/Romeu_Zema,
2026-04-05,Ronaldo Caiado,Ronaldo Caiado,1582,"Wikimedia REST API, pageviews per-article, all-access, agente user (coleta própria 1/9/2026)",https://pt.wikipedia.org/wiki/Ronaldo_Caiado,
2026-04-06,Augusto Cury,Augusto Cury,8147,"Wikimedia REST API, pageviews per-article, all-access, agente user (coleta própria 1/9/2026)",https://pt.wikipedia.org/wiki/Augusto_Cury,
2026-04-06,Flávio Bolsonaro,Flávio Bolsonaro,1173,"Wikimedia REST API, pageviews per-article, all-access, agente user (coleta própria 1/9/2026)",https://pt.wikipedia.org/wiki/Flávio_Bolsonaro,
2026-04-06,Lula,Luiz Inácio Lula da Silva,1658,"Wikimedia REST API, pageviews per-article, all-access, agente user (coleta própria 1/9/2026)",https://pt.wikipedia.org/wiki/Luiz_Inácio_Lula_da_Silva,
2026-04-06,Pablo Marçal,Pablo Marçal,335,"Wikimedia REST API, pageviews per-article, all-access, agente user (coleta própria 1/9/2026)",https://pt.wikipedia.org/wiki/Pablo_Marçal,
2026-04-06,Renan Santos,Renan Santos,2031,"Wikimedia REST API, pageviews per-article, all-access, agente user (coleta própria 1/9/2026)",https://pt.wikipedia.org/wiki/Renan_Santos,
2026-04-06,Romeu Zema,Romeu Zema,782,"Wikimedia REST API, pageviews per-article, all-access, agente user (coleta própria 1/9/2026)",https://pt.wikipedia.org/wiki/Romeu_Zema,
2026-04-06,Ronaldo Caiado,Ronaldo Caiado,1848,"Wikimedia REST API, pageviews per-article, all-access, agente user (coleta própria 1/9/2026)",https://pt.wikipedia.org/wiki/Ronaldo_Caiado,
2026-04-07,Augusto Cury,Augusto Cury,2945,"Wikimedia REST API, pageviews per-article, all-access, agente user (coleta própria 1/9/2026)",https://pt.wikipedia.org/wiki/Augusto_Cury,
2026-04-07,Flávio Bolsonaro,Flávio Bolsonaro,1550,"Wikimedia REST API, pageviews per-article, all-access, agente user (coleta própria 1/9/2026)",https://pt.wikipedia.org/wiki/Flávio_Bolsonaro,
2026-04-07,Lula,Luiz Inácio Lula da Silva,1678,"Wikimedia REST API, pageviews per-article, all-access, agente user (coleta própria 1/9/2026)",https://pt.wikipedia.org/wiki/Luiz_Inácio_Lula_da_Silva,
2026-04-07,Pablo Marçal,Pablo Marçal,486,"Wikimedia REST API, pageviews per-article, all-access, agente user (coleta própria 1/9/2026)",https://pt.wikipedia.org/wiki/Pablo_Marçal,
2026-04-07,Renan Santos,Renan Santos,2213,"Wikimedia REST API, pageviews per-article, all-access, agente user (coleta própria 1/9/2026)",https://pt.wikipedia.org/wiki/Renan_Santos,
2026-04-07,Romeu Zema,Romeu Zema,784,"Wikimedia REST API, pageviews per-article, all-access, agente user (coleta própria 1/9/2026)",https://pt.wikipedia.org/wiki/Romeu_Zema,
2026-04-07,Ronaldo Caiado,Ronaldo Caiado,1741,"Wikimedia REST API, pageviews per-article, all-access, agente user (coleta própria 1/9/2026)",https://pt.wikipedia.org/wiki/Ronaldo_Caiado,
2026-04-08,Augusto Cury,Augusto Cury,1641,"Wikimedia REST API, pageviews per-article, all-access, agente user (coleta própria 1/9/2026)",https://pt.wikipedia.org/wiki/Augusto_Cury,
2026-04-08,Flávio Bolsonaro,Flávio Bolsonaro,1366,"Wikimedia REST API, pageviews per-article, all-access, agente user (coleta própria 1/9/2026)",https://pt.wikipedia.org/wiki/Flávio_Bolsonaro,
2026-04-08,Lula,Luiz Inácio Lula da Silva,1668,"Wikimedia REST API, pageviews per-article, all-access, agente user (coleta própria 1/9/2026)",https://pt.wikipedia.org/wiki/Luiz_Inácio_Lula_da_Silva,
2026-04-08,Pablo Marçal,Pablo Marçal,317,"Wikimedia REST API, pageviews per-article, all-access, agente user (coleta própria 1/9/2026)",https://pt.wikipedia.org/wiki/Pablo_Marçal,
2026-04-08,Renan Santos,Renan Santos,2183,"Wikimedia REST API, pageviews per-article, all-access, agente user (coleta própria 1/9/2026)",https://pt.wikipedia.org/wiki/Renan_Santos,
2026-04-08,Romeu Zema,Romeu Zema,643,"Wikimedia REST API, pageviews per-article, all-access, agente user (coleta própria 1/9/2026)",https://pt.wikipedia.org/wiki/Romeu_Zema,
2026-04-08,Ronaldo Caiado,Ronaldo Caiado,1219,"Wikimedia REST API, pageviews per-article, all-access, agente user (coleta própria 1/9/2026)",https://pt.wikipedia.org/wiki/Ronaldo_Caiado,
2026-04-09,Augusto Cury,Augusto Cury,1182,"Wikimedia REST API, pageviews per-article, all-access, agente user (coleta própria 1/9/2026)",https://pt.wikipedia.org/wiki/Augusto_Cury,
2026-04-09,Flávio Bolsonaro,Flávio Bolsonaro,1115,"Wikimedia REST API, pageviews per-article, all-access, agente user (coleta própria 1/9/2026)",https://pt.wikipedia.org/wiki/Flávio_Bolsonaro,
2026-04-09,Lula,Luiz Inácio Lula da Silva,1507,"Wikimedia REST API, pageviews per-article, all-access, agente user (coleta própria 1/9/2026)",https://pt.wikipedia.org/wiki/Luiz_Inácio_Lula_da_Silva,
2026-04-09,Pablo Marçal,Pablo Marçal,333,"Wikimedia REST API, pageviews per-article, all-access, agente user (coleta própria 1/9/2026)",https://pt.wikipedia.org/wiki/Pablo_Marçal,
2026-04-09,Renan Santos,Renan Santos,2186,"Wikimedia REST API, pageviews per-article, all-access, agente user (coleta própria 1/9/2026)",https://pt.wikipedia.org/wiki/Renan_Santos,
2026-04-09,Romeu Zema,Romeu Zema,644,"Wikimedia REST API, pageviews per-article, all-access, agente user (coleta própria 1/9/2026)",https://pt.wikipedia.org/wiki/Romeu_Zema,
2026-04-09,Ronaldo Caiado,Ronaldo Caiado,1052,"Wikimedia REST API, pageviews per-article, all-access, agente user (coleta própria 1/9/2026)",https://pt.wikipedia.org/wiki/Ronaldo_Caiado,
2026-04-09,Samara Martins,Samara Martins,91,"Wikimedia REST API, pageviews per-article, all-access, agente user (coleta própria 1/9/2026)",https://pt.wikipedia.org/wiki/Samara_Martins,verbete criado em abril de 2026; série começa aqui
2026-04-10,Augusto Cury,Augusto Cury,1835,"Wikimedia REST API, pageviews per-article, all-access, agente user (coleta própria 1/9/2026)",https://pt.wikipedia.org/wiki/Augusto_Cury,
2026-04-10,Flávio Bolsonaro,Flávio Bolsonaro,1267,"Wikimedia REST API, pageviews per-article, all-access, agente user (coleta própria 1/9/2026)",https://pt.wikipedia.org/wiki/Flávio_Bolsonaro,
2026-04-10,Lula,Luiz Inácio Lula da Silva,1474,"Wikimedia REST API, pageviews per-article, all-access, agente user (coleta própria 1/9/2026)",https://pt.wikipedia.org/wiki/Luiz_Inácio_Lula_da_Silva,
2026-04-10,Pablo Marçal,Pablo Marçal,387,"Wikimedia REST API, pageviews per-article, all-access, agente user (coleta própria 1/9/2026)",https://pt.wikipedia.org/wiki/Pablo_Marçal,
2026-04-10,Renan Santos,Renan Santos,1899,"Wikimedia REST API, pageviews per-article, all-access, agente user (coleta própria 1/9/2026)",https://pt.wikipedia.org/wiki/Renan_Santos,
2026-04-10,Romeu Zema,Romeu Zema,718,"Wikimedia REST API, pageviews per-article, all-access, agente user (coleta própria 1/9/2026)",https://pt.wikipedia.org/wiki/Romeu_Zema,
2026-04-10,Ronaldo Caiado,Ronaldo Caiado,1181,"Wikimedia REST API, pageviews per-article, all-access, agente user (coleta própria 1/9/2026)",https://pt.wikipedia.org/wiki/Ronaldo_Caiado,
2026-04-10,Samara Martins,Samara Martins,183,"Wikimedia REST API, pageviews per-article, all-access, agente user (coleta própria 1/9/2026)",https://pt.wikipedia.org/wiki/Samara_Martins,
2026-04-11,Augusto Cury,Augusto Cury,1309,"Wikimedia REST API, pageviews per-article, all-access, agente user (coleta própria 1/9/2026)",https://pt.wikipedia.org/wiki/Augusto_Cury,
2026-04-11,Flávio Bolsonaro,Flávio Bolsonaro,1543,"Wikimedia REST API, pageviews per-article, all-access, agente user (coleta própria 1/9/2026)",https://pt.wikipedia.org/wiki/Flávio_Bolsonaro,
2026-04-11,Lula,Luiz Inácio Lula da Silva,1493,"Wikimedia REST API, pageviews per-article, all-access, agente user (coleta própria 1/9/2026)",https://pt.wikipedia.org/wiki/Luiz_Inácio_Lula_da_Silva,
2026-04-11,Pablo Marçal,Pablo Marçal,416,"Wikimedia REST API, pageviews per-article, all-access, agente user (coleta própria 1/9/2026)",https://pt.wikipedia.org/wiki/Pablo_Marçal,
2026-04-11,Renan Santos,Renan Santos,1832,"Wikimedia REST API, pageviews per-article, all-access, agente user (coleta própria 1/9/2026)",https://pt.wikipedia.org/wiki/Renan_Santos,
2026-04-11,Romeu Zema,Romeu Zema,1054,"Wikimedia REST API, pageviews per-article, all-access, agente user (coleta própria 1/9/2026)",https://pt.wikipedia.org/wiki/Romeu_Zema,
2026-04-11,Ronaldo Caiado,Ronaldo Caiado,1843,"Wikimedia REST API, pageviews per-article, all-access, agente user (coleta própria 1/9/2026)",https://pt.wikipedia.org/wiki/Ronaldo_Caiado,
2026-04-11,Samara Martins,Samara Martins,344,"Wikimedia REST API, pageviews per-article, all-access, agente user (coleta própria 1/9/2026)",https://pt.wikipedia.org/wiki/Samara_Martins,
2026-04-12,Augusto Cury,Augusto Cury,992,"Wikimedia REST API, pageviews per-article, all-access, agente user (coleta própria 1/9/2026)",https://pt.wikipedia.org/wiki/Augusto_Cury,
2026-04-12,Flávio Bolsonaro,Flávio Bolsonaro,1562,"Wikimedia REST API, pageviews per-article, all-access, agente user (coleta própria 1/9/2026)",https://pt.wikipedia.org/wiki/Flávio_Bolsonaro,
2026-04-12,Lula,Luiz Inácio Lula da Silva,1494,"Wikimedia REST API, pageviews per-article, all-access, agente user (coleta própria 1/9/2026)",https://pt.wikipedia.org/wiki/Luiz_Inácio_Lula_da_Silva,
2026-04-12,Pablo Marçal,Pablo Marçal,575,"Wikimedia REST API, pageviews per-article, all-access, agente user (coleta própria 1/9/2026)",https://pt.wikipedia.org/wiki/Pablo_Marçal,
2026-04-12,Renan Santos,Renan Santos,1660,"Wikimedia REST API, pageviews per-article, all-access, agente user (coleta própria 1/9/2026)",https://pt.wikipedia.org/wiki/Renan_Santos,
2026-04-12,Romeu Zema,Romeu Zema,1033,"Wikimedia REST API, pageviews per-article, all-access, agente user (coleta própria 1/9/2026)",https://pt.wikipedia.org/wiki/Romeu_Zema,
2026-04-12,Ronaldo Caiado,Ronaldo Caiado,1577,"Wikimedia REST API, pageviews per-article, all-access, agente user (coleta própria 1/9/2026)",https://pt.wikipedia.org/wiki/Ronaldo_Caiado,
2026-04-12,Samara Martins,Samara Martins,327,"Wikimedia REST API, pageviews per-article, all-access, agente user (coleta própria 1/9/2026)",https://pt.wikipedia.org/wiki/Samara_Martins,
2026-04-13,Augusto Cury,Augusto Cury,1024,"Wikimedia REST API, pageviews per-article, all-access, agente user (coleta própria 1/9/2026)",https://pt.wikipedia.org/wiki/Augusto_Cury,
2026-04-13,Flávio Bolsonaro,Flávio Bolsonaro,1375,"Wikimedia REST API, pageviews per-article, all-access, agente user (coleta própria 1/9/2026)",https://pt.wikipedia.org/wiki/Flávio_Bolsonaro,
2026-04-13,Lula,Luiz Inácio Lula da Silva,1560,"Wikimedia REST API, pageviews per-article, all-access, agente user (coleta própria 1/9/2026)",https://pt.wikipedia.org/wiki/Luiz_Inácio_Lula_da_Silva,
2026-04-13,Pablo Marçal,Pablo Marçal,357,"Wikimedia REST API, pageviews per-article, all-access, agente user (coleta própria 1/9/2026)",https://pt.wikipedia.org/wiki/Pablo_Marçal,
2026-04-13,Renan Santos,Renan Santos,1902,"Wikimedia REST API, pageviews per-article, all-access, agente user (coleta própria 1/9/2026)",https://pt.wikipedia.org/wiki/Renan_Santos,
2026-04-13,Romeu Zema,Romeu Zema,1201,"Wikimedia REST API, pageviews per-article, all-access, agente user (coleta própria 1/9/2026)",https://pt.wikipedia.org/wiki/Romeu_Zema,
2026-04-13,Ronaldo Caiado,Ronaldo Caiado,1459,"Wikimedia REST API, pageviews per-article, all-access, agente user (coleta própria 1/9/2026)",https://pt.wikipedia.org/wiki/Ronaldo_Caiado,
2026-04-13,Samara Martins,Samara Martins,384,"Wikimedia REST API, pageviews per-article, all-access, agente user (coleta própria 1/9/2026)",https://pt.wikipedia.org/wiki/Samara_Martins,
2026-04-14,Augusto Cury,Augusto Cury,793,"Wikimedia REST API, pageviews per-article, all-access, agente user (coleta própria 1/9/2026)",https://pt.wikipedia.org/wiki/Augusto_Cury,
2026-04-14,Flávio Bolsonaro,Flávio Bolsonaro,1358,"Wikimedia REST API, pageviews per-article, all-access, agente user (coleta própria 1/9/2026)",https://pt.wikipedia.org/wiki/Flávio_Bolsonaro,
2026-04-14,Lula,Luiz Inácio Lula da Silva,1850,"Wikimedia REST API, pageviews per-article, all-access, agente user (coleta própria 1/9/2026)",https://pt.wikipedia.org/wiki/Luiz_Inácio_Lula_da_Silva,
2026-04-14,Pablo Marçal,Pablo Marçal,321,"Wikimedia REST API, pageviews per-article, all-access, agente user (coleta própria 1/9/2026)",https://pt.wikipedia.org/wiki/Pablo_Marçal,
2026-04-14,Renan Santos,Renan Santos,2255,"Wikimedia REST API, pageviews per-article, all-access, agente user (coleta própria 1/9/2026)",https://pt.wikipedia.org/wiki/Renan_Santos,
2026-04-14,Romeu Zema,Romeu Zema,961,"Wikimedia REST API, pageviews per-article, all-access, agente user (coleta própria 1/9/2026)",https://pt.wikipedia.org/wiki/Romeu_Zema,
2026-04-14,Ronaldo Caiado,Ronaldo Caiado,1082,"Wikimedia REST API, pageviews per-article, all-access, agente user (coleta própria 1/9/2026)",https://pt.wikipedia.org/wiki/Ronaldo_Caiado,
2026-04-14,Samara Martins,Samara Martins,444,"Wikimedia REST API, pageviews per-article, all-access, agente user (coleta própria 1/9/2026)",https://pt.wikipedia.org/wiki/Samara_Martins,
2026-04-15,Augusto Cury,Augusto Cury,1992,"Wikimedia REST API, pageviews per-article, all-access, agente user (coleta própria 1/9/2026)",https://pt.wikipedia.org/wiki/Augusto_Cury,
2026-04-15,Flávio Bolsonaro,Flávio Bolsonaro,1613,"Wikimedia REST API, pageviews per-article, all-access, agente user (coleta própria 1/9/2026)",https://pt.wikipedia.org/wiki/Flávio_Bolsonaro,
2026-04-15,Lula,Luiz Inácio Lula da Silva,1807,"Wikimedia REST API, pageviews per-article, all-access, agente user (coleta própria 1/9/2026)",https://pt.wikipedia.org/wiki/Luiz_Inácio_Lula_da_Silva,
2026-04-15,Pablo Marçal,Pablo Marçal,334,"Wikimedia REST API, pageviews per-article, all-access, agente user (coleta própria 1/9/2026)",https://pt.wikipedia.org/wiki/Pablo_Marçal,
2026-04-15,Renan Santos,Renan Santos,2674,"Wikimedia REST API, pageviews per-article, all-access, agente user (coleta própria 1/9/2026)",https://pt.wikipedia.org/wiki/Renan_Santos,
2026-04-15,Romeu Zema,Romeu Zema,1011,"Wikimedia REST API, pageviews per-article, all-access, agente user (coleta própria 1/9/2026)",https://pt.wikipedia.org/wiki/Romeu_Zema,
2026-04-15,Ronaldo Caiado,Ronaldo Caiado,1368,"Wikimedia REST API, pageviews per-article, all-access, agente user (coleta própria 1/9/2026)",https://pt.wikipedia.org/wiki/Ronaldo_Caiado,
2026-04-15,Samara Martins,Samara Martins,416,"Wikimedia REST API, pageviews per-article, all-access, agente user (coleta própria 1/9/2026)",https://pt.wikipedia.org/wiki/Samara_Martins,
2026-04-16,Augusto Cury,Augusto Cury,1274,"Wikimedia REST API, pageviews per-article, all-access, agente user (coleta própria 1/9/2026)",https://pt.wikipedia.org/wiki/Augusto_Cury,
2026-04-16,Flávio Bolsonaro,Flávio Bolsonaro,1475,"Wikimedia REST API, pageviews per-article, all-access, agente user (coleta própria 1/9/2026)",https://pt.wikipedia.org/wiki/Flávio_Bolsonaro,
2026-04-16,Lula,Luiz Inácio Lula da Silva,2057,"Wikimedia REST API, pageviews per-article, all-access, agente user (coleta própria 1/9/2026)",https://pt.wikipedia.org/wiki/Luiz_Inácio_Lula_da_Silva,
2026-04-16,Pablo Marçal,Pablo Marçal,297,"Wikimedia REST API, pageviews per-article, all-access, agente user (coleta própria 1/9/2026)",https://pt.wikipedia.org/wiki/Pablo_Marçal,
2026-04-16,Renan Santos,Renan Santos,1781,"Wikimedia REST API, pageviews per-article, all-access, agente user (coleta própria 1/9/2026)",https://pt.wikipedia.org/wiki/Renan_Santos,
2026-04-16,Romeu Zema,Romeu Zema,1900,"Wikimedia REST API, pageviews per-article, all-access, agente user (coleta própria 1/9/2026)",https://pt.wikipedia.org/wiki/Romeu_Zema,
2026-04-16,Ronaldo Caiado,Ronaldo Caiado,1013,"Wikimedia REST API, pageviews per-article, all-access, agente user (coleta própria 1/9/2026)",https://pt.wikipedia.org/wiki/Ronaldo_Caiado,
2026-04-16,Samara Martins,Samara Martins,410,"Wikimedia REST API, pageviews per-article, all-access, agente user (coleta própria 1/9/2026)",https://pt.wikipedia.org/wiki/Samara_Martins,
2026-04-17,Augusto Cury,Augusto Cury,875,"Wikimedia REST API, pageviews per-article, all-access, agente user (coleta própria 1/9/2026)",https://pt.wikipedia.org/wiki/Augusto_Cury,
2026-04-17,Flávio Bolsonaro,Flávio Bolsonaro,1210,"Wikimedia REST API, pageviews per-article, all-access, agente user (coleta própria 1/9/2026)",https://pt.wikipedia.org/wiki/Flávio_Bolsonaro,
2026-04-17,Lula,Luiz Inácio Lula da Silva,1743,"Wikimedia REST API, pageviews per-article, all-access, agente user (coleta própria 1/9/2026)",https://pt.wikipedia.org/wiki/Luiz_Inácio_Lula_da_Silva,
2026-04-17,Pablo Marçal,Pablo Marçal,359,"Wikimedia REST API, pageviews per-article, all-access, agente user (coleta própria 1/9/2026)",https://pt.wikipedia.org/wiki/Pablo_Marçal,
2026-04-17,Renan Santos,Renan Santos,1620,"Wikimedia REST API, pageviews per-article, all-access, agente user (coleta própria 1/9/2026)",https://pt.wikipedia.org/wiki/Renan_Santos,
2026-04-17,Romeu Zema,Romeu Zema,1604,"Wikimedia REST API, pageviews per-article, all-access, agente user (coleta própria 1/9/2026)",https://pt.wikipedia.org/wiki/Romeu_Zema,
2026-04-17,Ronaldo Caiado,Ronaldo Caiado,761,"Wikimedia REST API, pageviews per-article, all-access, agente user (coleta própria 1/9/2026)",https://pt.wikipedia.org/wiki/Ronaldo_Caiado,
2026-04-17,Samara Martins,Samara Martins,629,"Wikimedia REST API, pageviews per-article, all-access, agente user (coleta própria 1/9/2026)",https://pt.wikipedia.org/wiki/Samara_Martins,
2026-04-18,Augusto Cury,Augusto Cury,664,"Wikimedia REST API, pageviews per-article, all-access, agente user (coleta própria 1/9/2026)",https://pt.wikipedia.org/wiki/Augusto_Cury,
2026-04-18,Flávio Bolsonaro,Flávio Bolsonaro,1073,"Wikimedia REST API, pageviews per-article, all-access, agente user (coleta própria 1/9/2026)",https://pt.wikipedia.org/wiki/Flávio_Bolsonaro,
2026-04-18,Lula,Luiz Inácio Lula da Silva,1738,"Wikimedia REST API, pageviews per-article, all-access, agente user (coleta própria 1/9/2026)",https://pt.wikipedia.org/wiki/Luiz_Inácio_Lula_da_Silva,
2026-04-18,Pablo Marçal,Pablo Marçal,461,"Wikimedia REST API, pageviews per-article, all-access, agente user (coleta própria 1/9/2026)",https://pt.wikipedia.org/wiki/Pablo_Marçal,
2026-04-18,Renan Santos,Renan Santos,1523,"Wikimedia REST API, pageviews per-article, all-access, agente user (coleta própria 1/9/2026)",https://pt.wikipedia.org/wiki/Renan_Santos,
2026-04-18,Romeu Zema,Romeu Zema,940,"Wikimedia REST API, pageviews per-article, all-access, agente user (coleta própria 1/9/2026)",https://pt.wikipedia.org/wiki/Romeu_Zema,
2026-04-18,Ronaldo Caiado,Ronaldo Caiado,656,"Wikimedia REST API, pageviews per-article, all-access, agente user (coleta própria 1/9/2026)",https://pt.wikipedia.org/wiki/Ronaldo_Caiado,
2026-04-18,Samara Martins,Samara Martins,430,"Wikimedia REST API, pageviews per-article, all-access, agente user (coleta própria 1/9/2026)",https://pt.wikipedia.org/wiki/Samara_Martins,
2026-04-19,Augusto Cury,Augusto Cury,685,"Wikimedia REST API, pageviews per-article, all-access, agente user (coleta própria 1/9/2026)",https://pt.wikipedia.org/wiki/Augusto_Cury,
2026-04-19,Flávio Bolsonaro,Flávio Bolsonaro,1092,"Wikimedia REST API, pageviews per-article, all-access, agente user (coleta própria 1/9/2026)",https://pt.wikipedia.org/wiki/Flávio_Bolsonaro,
2026-04-19,Lula,Luiz Inácio Lula da Silva,1723,"Wikimedia REST API, pageviews per-article, all-access, agente user (coleta própria 1/9/2026)",https://pt.wikipedia.org/wiki/Luiz_Inácio_Lula_da_Silva,
2026-04-19,Pablo Marçal,Pablo Marçal,355,"Wikimedia REST API, pageviews per-article, all-access, agente user (coleta própria 1/9/2026)",https://pt.wikipedia.org/wiki/Pablo_Marçal,
2026-04-19,Renan Santos,Renan Santos,1615,"Wikimedia REST API, pageviews per-article, all-access, agente user (coleta própria 1/9/2026)",https://pt.wikipedia.org/wiki/Renan_Santos,
2026-04-19,Romeu Zema,Romeu Zema,808,"Wikimedia REST API, pageviews per-article, all-access, agente user (coleta própria 1/9/2026)",https://pt.wikipedia.org/wiki/Romeu_Zema,
2026-04-19,Ronaldo Caiado,Ronaldo Caiado,675,"Wikimedia REST API, pageviews per-article, all-access, agente user (coleta própria 1/9/2026)",https://pt.wikipedia.org/wiki/Ronaldo_Caiado,
2026-04-19,Samara Martins,Samara Martins,518,"Wikimedia REST API, pageviews per-article, all-access, agente user (coleta própria 1/9/2026)",https://pt.wikipedia.org/wiki/Samara_Martins,
2026-04-20,Augusto Cury,Augusto Cury,664,"Wikimedia REST API, pageviews per-article, all-access, agente user (coleta própria 1/9/2026)",https://pt.wikipedia.org/wiki/Augusto_Cury,
2026-04-20,Flávio Bolsonaro,Flávio Bolsonaro,1057,"Wikimedia REST API, pageviews per-article, all-access, agente user (coleta própria 1/9/2026)",https://pt.wikipedia.org/wiki/Flávio_Bolsonaro,
2026-04-20,Lula,Luiz Inácio Lula da Silva,1845,"Wikimedia REST API, pageviews per-article, all-access, agente user (coleta própria 1/9/2026)",https://pt.wikipedia.org/wiki/Luiz_Inácio_Lula_da_Silva,
2026-04-20,Pablo Marçal,Pablo Marçal,283,"Wikimedia REST API, pageviews per-article, all-access, agente user (coleta própria 1/9/2026)",https://pt.wikipedia.org/wiki/Pablo_Marçal,
2026-04-20,Renan Santos,Renan Santos,1614,"Wikimedia REST API, pageviews per-article, all-access, agente user (coleta própria 1/9/2026)",https://pt.wikipedia.org/wiki/Renan_Santos,
2026-04-20,Romeu Zema,Romeu Zema,1413,"Wikimedia REST API, pageviews per-article, all-access, agente user (coleta própria 1/9/2026)",https://pt.wikipedia.org/wiki/Romeu_Zema,
2026-04-20,Ronaldo Caiado,Ronaldo Caiado,692,"Wikimedia REST API, pageviews per-article, all-access, agente user (coleta própria 1/9/2026)",https://pt.wikipedia.org/wiki/Ronaldo_Caiado,
2026-04-20,Samara Martins,Samara Martins,412,"Wikimedia REST API, pageviews per-article, all-access, agente user (coleta própria 1/9/2026)",https://pt.wikipedia.org/wiki/Samara_Martins,
2026-04-21,Augusto Cury,Augusto Cury,693,"Wikimedia REST API, pageviews per-article, all-access, agente user (coleta própria 1/9/2026)",https://pt.wikipedia.org/wiki/Augusto_Cury,
2026-04-21,Flávio Bolsonaro,Flávio Bolsonaro,1174,"Wikimedia REST API, pageviews per-article, all-access, agente user (coleta própria 1/9/2026)",https://pt.wikipedia.org/wiki/Flávio_Bolsonaro,
2026-04-21,Lula,Luiz Inácio Lula da Silva,2525,"Wikimedia REST API, pageviews per-article, all-access, agente user (coleta própria 1/9/2026)",https://pt.wikipedia.org/wiki/Luiz_Inácio_Lula_da_Silva,
2026-04-21,Pablo Marçal,Pablo Marçal,331,"Wikimedia REST API, pageviews per-article, all-access, agente user (coleta própria 1/9/2026)",https://pt.wikipedia.org/wiki/Pablo_Marçal,
2026-04-21,Renan Santos,Renan Santos,2795,"Wikimedia REST API, pageviews per-article, all-access, agente user (coleta própria 1/9/2026)",https://pt.wikipedia.org/wiki/Renan_Santos,
2026-04-21,Romeu Zema,Romeu Zema,2302,"Wikimedia REST API, pageviews per-article, all-access, agente user (coleta própria 1/9/2026)",https://pt.wikipedia.org/wiki/Romeu_Zema,
2026-04-21,Ronaldo Caiado,Ronaldo Caiado,939,"Wikimedia REST API, pageviews per-article, all-access, agente user (coleta própria 1/9/2026)",https://pt.wikipedia.org/wiki/Ronaldo_Caiado,
2026-04-21,Samara Martins,Samara Martins,355,"Wikimedia REST API, pageviews per-article, all-access, agente user (coleta própria 1/9/2026)",https://pt.wikipedia.org/wiki/Samara_Martins,
2026-04-22,Augusto Cury,Augusto Cury,729,"Wikimedia REST API, pageviews per-article, all-access, agente user (coleta própria 1/9/2026)",https://pt.wikipedia.org/wiki/Augusto_Cury,
2026-04-22,Flávio Bolsonaro,Flávio Bolsonaro,1056,"Wikimedia REST API, pageviews per-article, all-access, agente user (coleta própria 1/9/2026)",https://pt.wikipedia.org/wiki/Flávio_Bolsonaro,
2026-04-22,Lula,Luiz Inácio Lula da Silva,1816,"Wikimedia REST API, pageviews per-article, all-access, agente user (coleta própria 1/9/2026)",https://pt.wikipedia.org/wiki/Luiz_Inácio_Lula_da_Silva,
2026-04-22,Pablo Marçal,Pablo Marçal,315,"Wikimedia REST API, pageviews per-article, all-access, agente user (coleta própria 1/9/2026)",https://pt.wikipedia.org/wiki/Pablo_Marçal,
2026-04-22,Renan Santos,Renan Santos,2532,"Wikimedia REST API, pageviews per-article, all-access, agente user (coleta própria 1/9/2026)",https://pt.wikipedia.org/wiki/Renan_Santos,
2026-04-22,Romeu Zema,Romeu Zema,2483,"Wikimedia REST API, pageviews per-article, all-access, agente user (coleta própria 1/9/2026)",https://pt.wikipedia.org/wiki/Romeu_Zema,
2026-04-22,Ronaldo Caiado,Ronaldo Caiado,896,"Wikimedia REST API, pageviews per-article, all-access, agente user (coleta própria 1/9/2026)",https://pt.wikipedia.org/wiki/Ronaldo_Caiado,
2026-04-22,Samara Martins,Samara Martins,409,"Wikimedia REST API, pageviews per-article, all-access, agente user (coleta própria 1/9/2026)",https://pt.wikipedia.org/wiki/Samara_Martins,
2026-04-23,Augusto Cury,Augusto Cury,620,"Wikimedia REST API, pageviews per-article, all-access, agente user (coleta própria 1/9/2026)",https://pt.wikipedia.org/wiki/Augusto_Cury,
2026-04-23,Flávio Bolsonaro,Flávio Bolsonaro,1040,"Wikimedia REST API, pageviews per-article, all-access, agente user (coleta própria 1/9/2026)",https://pt.wikipedia.org/wiki/Flávio_Bolsonaro,
2026-04-23,Lula,Luiz Inácio Lula da Silva,1756,"Wikimedia REST API, pageviews per-article, all-access, agente user (coleta própria 1/9/2026)",https://pt.wikipedia.org/wiki/Luiz_Inácio_Lula_da_Silva,
2026-04-23,Pablo Marçal,Pablo Marçal,312,"Wikimedia REST API, pageviews per-article, all-access, agente user (coleta própria 1/9/2026)",https://pt.wikipedia.org/wiki/Pablo_Marçal,
2026-04-23,Renan Santos,Renan Santos,2368,"Wikimedia REST API, pageviews per-article, all-access, agente user (coleta própria 1/9/2026)",https://pt.wikipedia.org/wiki/Renan_Santos,
2026-04-23,Romeu Zema,Romeu Zema,3179,"Wikimedia REST API, pageviews per-article, all-access, agente user (coleta própria 1/9/2026)",https://pt.wikipedia.org/wiki/Romeu_Zema,
2026-04-23,Ronaldo Caiado,Ronaldo Caiado,799,"Wikimedia REST API, pageviews per-article, all-access, agente user (coleta própria 1/9/2026)",https://pt.wikipedia.org/wiki/Ronaldo_Caiado,
2026-04-23,Samara Martins,Samara Martins,614,"Wikimedia REST API, pageviews per-article, all-access, agente user (coleta própria 1/9/2026)",https://pt.wikipedia.org/wiki/Samara_Martins,
2026-04-24,Augusto Cury,Augusto Cury,905,"Wikimedia REST API, pageviews per-article, all-access, agente user (coleta própria 1/9/2026)",https://pt.wikipedia.org/wiki/Augusto_Cury,
2026-04-24,Flávio Bolsonaro,Flávio Bolsonaro,1172,"Wikimedia REST API, pageviews per-article, all-access, agente user (coleta própria 1/9/2026)",https://pt.wikipedia.org/wiki/Flávio_Bolsonaro,
2026-04-24,Lula,Luiz Inácio Lula da Silva,1930,"Wikimedia REST API, pageviews per-article, all-access, agente user (coleta própria 1/9/2026)",https://pt.wikipedia.org/wiki/Luiz_Inácio_Lula_da_Silva,
2026-04-24,Pablo Marçal,Pablo Marçal,308,"Wikimedia REST API, pageviews per-article, all-access, agente user (coleta própria 1/9/2026)",https://pt.wikipedia.org/wiki/Pablo_Marçal,
2026-04-24,Renan Santos,Renan Santos,2134,"Wikimedia REST API, pageviews per-article, all-access, agente user (coleta própria 1/9/2026)",https://pt.wikipedia.org/wiki/Renan_Santos,
2026-04-24,Romeu Zema,Romeu Zema,7853,"Wikimedia REST API, pageviews per-article, all-access, agente user (coleta própria 1/9/2026)",https://pt.wikipedia.org/wiki/Romeu_Zema,
2026-04-24,Ronaldo Caiado,Ronaldo Caiado,876,"Wikimedia REST API, pageviews per-article, all-access, agente user (coleta própria 1/9/2026)",https://pt.wikipedia.org/wiki/Ronaldo_Caiado,
2026-04-24,Samara Martins,Samara Martins,783,"Wikimedia REST API, pageviews per-article, all-access, agente user (coleta própria 1/9/2026)",https://pt.wikipedia.org/wiki/Samara_Martins,
2026-04-25,Augusto Cury,Augusto Cury,848,"Wikimedia REST API, pageviews per-article, all-access, agente user (coleta própria 1/9/2026)",https://pt.wikipedia.org/wiki/Augusto_Cury,
2026-04-25,Flávio Bolsonaro,Flávio Bolsonaro,1107,"Wikimedia REST API, pageviews per-article, all-access, agente user (coleta própria 1/9/2026)",https://pt.wikipedia.org/wiki/Flávio_Bolsonaro,
2026-04-25,Lula,Luiz Inácio Lula da Silva,1713,"Wikimedia REST API, pageviews per-article, all-access, agente user (coleta própria 1/9/2026)",https://pt.wikipedia.org/wiki/Luiz_Inácio_Lula_da_Silva,
2026-04-25,Pablo Marçal,Pablo Marçal,297,"Wikimedia REST API, pageviews per-article, all-access, agente user (coleta própria 1/9/2026)",https://pt.wikipedia.org/wiki/Pablo_Marçal,
2026-04-25,Renan Santos,Renan Santos,1938,"Wikimedia REST API, pageviews per-article, all-access, agente user (coleta própria 1/9/2026)",https://pt.wikipedia.org/wiki/Renan_Santos,
2026-04-25,Romeu Zema,Romeu Zema,5439,"Wikimedia REST API, pageviews per-article, all-access, agente user (coleta própria 1/9/2026)",https://pt.wikipedia.org/wiki/Romeu_Zema,
2026-04-25,Ronaldo Caiado,Ronaldo Caiado,725,"Wikimedia REST API, pageviews per-article, all-access, agente user (coleta própria 1/9/2026)",https://pt.wikipedia.org/wiki/Ronaldo_Caiado,
2026-04-25,Samara Martins,Samara Martins,538,"Wikimedia REST API, pageviews per-article, all-access, agente user (coleta própria 1/9/2026)",https://pt.wikipedia.org/wiki/Samara_Martins,
2026-04-26,Augusto Cury,Augusto Cury,773,"Wikimedia REST API, pageviews per-article, all-access, agente user (coleta própria 1/9/2026)",https://pt.wikipedia.org/wiki/Augusto_Cury,
2026-04-26,Flávio Bolsonaro,Flávio Bolsonaro,1044,"Wikimedia REST API, pageviews per-article, all-access, agente user (coleta própria 1/9/2026)",https://pt.wikipedia.org/wiki/Flávio_Bolsonaro,
2026-04-26,Lula,Luiz Inácio Lula da Silva,1662,"Wikimedia REST API, pageviews per-article, all-access, agente user (coleta própria 1/9/2026)",https://pt.wikipedia.org/wiki/Luiz_Inácio_Lula_da_Silva,
2026-04-26,Pablo Marçal,Pablo Marçal,330,"Wikimedia REST API, pageviews per-article, all-access, agente user (coleta própria 1/9/2026)",https://pt.wikipedia.org/wiki/Pablo_Marçal,
2026-04-26,Renan Santos,Renan Santos,2600,"Wikimedia REST API, pageviews per-article, all-access, agente user (coleta própria 1/9/2026)",https://pt.wikipedia.org/wiki/Renan_Santos,
2026-04-26,Romeu Zema,Romeu Zema,4786,"Wikimedia REST API, pageviews per-article, all-access, agente user (coleta própria 1/9/2026)",https://pt.wikipedia.org/wiki/Romeu_Zema,
2026-04-26,Ronaldo Caiado,Ronaldo Caiado,805,"Wikimedia REST API, pageviews per-article, all-access, agente user (coleta própria 1/9/2026)",https://pt.wikipedia.org/wiki/Ronaldo_Caiado,
2026-04-26,Samara Martins,Samara Martins,453,"Wikimedia REST API, pageviews per-article, all-access, agente user (coleta própria 1/9/2026)",https://pt.wikipedia.org/wiki/Samara_Martins,
2026-04-27,Augusto Cury,Augusto Cury,655,"Wikimedia REST API, pageviews per-article, all-access, agente user (coleta própria 1/9/2026)",https://pt.wikipedia.org/wiki/Augusto_Cury,
2026-04-27,Flávio Bolsonaro,Flávio Bolsonaro,1128,"Wikimedia REST API, pageviews per-article, all-access, agente user (coleta própria 1/9/2026)",https://pt.wikipedia.org/wiki/Flávio_Bolsonaro,
2026-04-27,Lula,Luiz Inácio Lula da Silva,1504,"Wikimedia REST API, pageviews per-article, all-access, agente user (coleta própria 1/9/2026)",https://pt.wikipedia.org/wiki/Luiz_Inácio_Lula_da_Silva,
2026-04-27,Pablo Marçal,Pablo Marçal,329,"Wikimedia REST API, pageviews per-article, all-access, agente user (coleta própria 1/9/2026)",https://pt.wikipedia.org/wiki/Pablo_Marçal,
2026-04-27,Renan Santos,Renan Santos,3843,"Wikimedia REST API, pageviews per-article, all-access, agente user (coleta própria 1/9/2026)",https://pt.wikipedia.org/wiki/Renan_Santos,
2026-04-27,Romeu Zema,Romeu Zema,4106,"Wikimedia REST API, pageviews per-article, all-access, agente user (coleta própria 1/9/2026)",https://pt.wikipedia.org/wiki/Romeu_Zema,
2026-04-27,Ronaldo Caiado,Ronaldo Caiado,847,"Wikimedia REST API, pageviews per-article, all-access, agente user (coleta própria 1/9/2026)",https://pt.wikipedia.org/wiki/Ronaldo_Caiado,
2026-04-27,Samara Martins,Samara Martins,423,"Wikimedia REST API, pageviews per-article, all-access, agente user (coleta própria 1/9/2026)",https://pt.wikipedia.org/wiki/Samara_Martins,
2026-04-28,Augusto Cury,Augusto Cury,908,"Wikimedia REST API, pageviews per-article, all-access, agente user (coleta própria 1/9/2026)",https://pt.wikipedia.org/wiki/Augusto_Cury,
2026-04-28,Flávio Bolsonaro,Flávio Bolsonaro,1045,"Wikimedia REST API, pageviews per-article, all-access, agente user (coleta própria 1/9/2026)",https://pt.wikipedia.org/wiki/Flávio_Bolsonaro,
2026-04-28,Lula,Luiz Inácio Lula da Silva,1493,"Wikimedia REST API, pageviews per-article, all-access, agente user (coleta própria 1/9/2026)",https://pt.wikipedia.org/wiki/Luiz_Inácio_Lula_da_Silva,
2026-04-28,Pablo Marçal,Pablo Marçal,269,"Wikimedia REST API, pageviews per-article, all-access, agente user (coleta própria 1/9/2026)",https://pt.wikipedia.org/wiki/Pablo_Marçal,
2026-04-28,Renan Santos,Renan Santos,4941,"Wikimedia REST API, pageviews per-article, all-access, agente user (coleta própria 1/9/2026)",https://pt.wikipedia.org/wiki/Renan_Santos,
2026-04-28,Romeu Zema,Romeu Zema,3586,"Wikimedia REST API, pageviews per-article, all-access, agente user (coleta própria 1/9/2026)",https://pt.wikipedia.org/wiki/Romeu_Zema,
2026-04-28,Ronaldo Caiado,Ronaldo Caiado,842,"Wikimedia REST API, pageviews per-article, all-access, agente user (coleta própria 1/9/2026)",https://pt.wikipedia.org/wiki/Ronaldo_Caiado,
2026-04-28,Samara Martins,Samara Martins,546,"Wikimedia REST API, pageviews per-article, all-access, agente user (coleta própria 1/9/2026)",https://pt.wikipedia.org/wiki/Samara_Martins,
2026-04-29,Augusto Cury,Augusto Cury,868,"Wikimedia REST API, pageviews per-article, all-access, agente user (coleta própria 1/9/2026)",https://pt.wikipedia.org/wiki/Augusto_Cury,
2026-04-29,Flávio Bolsonaro,Flávio Bolsonaro,1159,"Wikimedia REST API, pageviews per-article, all-access, agente user (coleta própria 1/9/2026)",https://pt.wikipedia.org/wiki/Flávio_Bolsonaro,
2026-04-29,Lula,Luiz Inácio Lula da Silva,1741,"Wikimedia REST API, pageviews per-article, all-access, agente user (coleta própria 1/9/2026)",https://pt.wikipedia.org/wiki/Luiz_Inácio_Lula_da_Silva,
2026-04-29,Pablo Marçal,Pablo Marçal,314,"Wikimedia REST API, pageviews per-article, all-access, agente user (coleta própria 1/9/2026)",https://pt.wikipedia.org/wiki/Pablo_Marçal,
2026-04-29,Renan Santos,Renan Santos,2809,"Wikimedia REST API, pageviews per-article, all-access, agente user (coleta própria 1/9/2026)",https://pt.wikipedia.org/wiki/Renan_Santos,
2026-04-29,Romeu Zema,Romeu Zema,2194,"Wikimedia REST API, pageviews per-article, all-access, agente user (coleta própria 1/9/2026)",https://pt.wikipedia.org/wiki/Romeu_Zema,
2026-04-29,Ronaldo Caiado,Ronaldo Caiado,608,"Wikimedia REST API, pageviews per-article, all-access, agente user (coleta própria 1/9/2026)",https://pt.wikipedia.org/wiki/Ronaldo_Caiado,
2026-04-29,Samara Martins,Samara Martins,490,"Wikimedia REST API, pageviews per-article, all-access, agente user (coleta própria 1/9/2026)",https://pt.wikipedia.org/wiki/Samara_Martins,
2026-04-30,Augusto Cury,Augusto Cury,589,"Wikimedia REST API, pageviews per-article, all-access, agente user (coleta própria 1/9/2026)",https://pt.wikipedia.org/wiki/Augusto_Cury,
2026-04-30,Flávio Bolsonaro,Flávio Bolsonaro,2317,"Wikimedia REST API, pageviews per-article, all-access, agente user (coleta própria 1/9/2026)",https://pt.wikipedia.org/wiki/Flávio_Bolsonaro,
2026-04-30,Lula,Luiz Inácio Lula da Silva,2230,"Wikimedia REST API, pageviews per-article, all-access, agente user (coleta própria 1/9/2026)",https://pt.wikipedia.org/wiki/Luiz_Inácio_Lula_da_Silva,
2026-04-30,Pablo Marçal,Pablo Marçal,254,"Wikimedia REST API, pageviews per-article, all-access, agente user (coleta própria 1/9/2026)",https://pt.wikipedia.org/wiki/Pablo_Marçal,
2026-04-30,Renan Santos,Renan Santos,2254,"Wikimedia REST API, pageviews per-article, all-access, agente user (coleta própria 1/9/2026)",https://pt.wikipedia.org/wiki/Renan_Santos,
2026-04-30,Romeu Zema,Romeu Zema,1642,"Wikimedia REST API, pageviews per-article, all-access, agente user (coleta própria 1/9/2026)",https://pt.wikipedia.org/wiki/Romeu_Zema,
2026-04-30,Ronaldo Caiado,Ronaldo Caiado,620,"Wikimedia REST API, pageviews per-article, all-access, agente user (coleta própria 1/9/2026)",https://pt.wikipedia.org/wiki/Ronaldo_Caiado,
2026-04-30,Samara Martins,Samara Martins,363,"Wikimedia REST API, pageviews per-article, all-access, agente user (coleta própria 1/9/2026)",https://pt.wikipedia.org/wiki/Samara_Martins,
2026-05-01,Augusto Cury,Augusto Cury,602,"Wikimedia REST API, pageviews per-article, all-access, agente user (coleta própria 1/9/2026)",https://pt.wikipedia.org/wiki/Augusto_Cury,
2026-05-01,Flávio Bolsonaro,Flávio Bolsonaro,1725,"Wikimedia REST API, pageviews per-article, all-access, agente user (coleta própria 1/9/2026)",https://pt.wikipedia.org/wiki/Flávio_Bolsonaro,
2026-05-01,Lula,Luiz Inácio Lula da Silva,2005,"Wikimedia REST API, pageviews per-article, all-access, agente user (coleta própria 1/9/2026)",https://pt.wikipedia.org/wiki/Luiz_Inácio_Lula_da_Silva,
2026-05-01,Pablo Marçal,Pablo Marçal,258,"Wikimedia REST API, pageviews per-article, all-access, agente user (coleta própria 1/9/2026)",https://pt.wikipedia.org/wiki/Pablo_Marçal,
2026-05-01,Renan Santos,Renan Santos,2529,"Wikimedia REST API, pageviews per-article, all-access, agente user (coleta própria 1/9/2026)",https://pt.wikipedia.org/wiki/Renan_Santos,
2026-05-01,Romeu Zema,Romeu Zema,1629,"Wikimedia REST API, pageviews per-article, all-access, agente user (coleta própria 1/9/2026)",https://pt.wikipedia.org/wiki/Romeu_Zema,
2026-05-01,Ronaldo Caiado,Ronaldo Caiado,572,"Wikimedia REST API, pageviews per-article, all-access, agente user (coleta própria 1/9/2026)",https://pt.wikipedia.org/wiki/Ronaldo_Caiado,
2026-05-01,Samara Martins,Samara Martins,259,"Wikimedia REST API, pageviews per-article, all-access, agente user (coleta própria 1/9/2026)",https://pt.wikipedia.org/wiki/Samara_Martins,
2026-05-02,Augusto Cury,Augusto Cury,602,"Wikimedia REST API, pageviews per-article, all-access, agente user (coleta própria 1/9/2026)",https://pt.wikipedia.org/wiki/Augusto_Cury,
2026-05-02,Flávio Bolsonaro,Flávio Bolsonaro,1284,"Wikimedia REST API, pageviews per-article, all-access, agente user (coleta própria 1/9/2026)",https://pt.wikipedia.org/wiki/Flávio_Bolsonaro,
2026-05-02,Lula,Luiz Inácio Lula da Silva,1850,"Wikimedia REST API, pageviews per-article, all-access, agente user (coleta própria 1/9/2026)",https://pt.wikipedia.org/wiki/Luiz_Inácio_Lula_da_Silva,
2026-05-02,Pablo Marçal,Pablo Marçal,269,"Wikimedia REST API, pageviews per-article, all-access, agente user (coleta própria 1/9/2026)",https://pt.wikipedia.org/wiki/Pablo_Marçal,
2026-05-02,Renan Santos,Renan Santos,2494,"Wikimedia REST API, pageviews per-article, all-access, agente user (coleta própria 1/9/2026)",https://pt.wikipedia.org/wiki/Renan_Santos,
2026-05-02,Romeu Zema,Romeu Zema,2576,"Wikimedia REST API, pageviews per-article, all-access, agente user (coleta própria 1/9/2026)",https://pt.wikipedia.org/wiki/Romeu_Zema,
2026-05-02,Ronaldo Caiado,Ronaldo Caiado,625,"Wikimedia REST API, pageviews per-article, all-access, agente user (coleta própria 1/9/2026)",https://pt.wikipedia.org/wiki/Ronaldo_Caiado,
2026-05-02,Samara Martins,Samara Martins,247,"Wikimedia REST API, pageviews per-article, all-access, agente user (coleta própria 1/9/2026)",https://pt.wikipedia.org/wiki/Samara_Martins,
2026-05-03,Augusto Cury,Augusto Cury,554,"Wikimedia REST API, pageviews per-article, all-access, agente user (coleta própria 1/9/2026)",https://pt.wikipedia.org/wiki/Augusto_Cury,
2026-05-03,Flávio Bolsonaro,Flávio Bolsonaro,1238,"Wikimedia REST API, pageviews per-article, all-access, agente user (coleta própria 1/9/2026)",https://pt.wikipedia.org/wiki/Flávio_Bolsonaro,
2026-05-03,Lula,Luiz Inácio Lula da Silva,1828,"Wikimedia REST API, pageviews per-article, all-access, agente user (coleta própria 1/9/2026)",https://pt.wikipedia.org/wiki/Luiz_Inácio_Lula_da_Silva,
2026-05-03,Pablo Marçal,Pablo Marçal,263,"Wikimedia REST API, pageviews per-article, all-access, agente user (coleta própria 1/9/2026)",https://pt.wikipedia.org/wiki/Pablo_Marçal,
2026-05-03,Renan Santos,Renan Santos,2045,"Wikimedia REST API, pageviews per-article, all-access, agente user (coleta própria 1/9/2026)",https://pt.wikipedia.org/wiki/Renan_Santos,
2026-05-03,Romeu Zema,Romeu Zema,2074,"Wikimedia REST API, pageviews per-article, all-access, agente user (coleta própria 1/9/2026)",https://pt.wikipedia.org/wiki/Romeu_Zema,
2026-05-03,Ronaldo Caiado,Ronaldo Caiado,586,"Wikimedia REST API, pageviews per-article, all-access, agente user (coleta própria 1/9/2026)",https://pt.wikipedia.org/wiki/Ronaldo_Caiado,
2026-05-03,Samara Martins,Samara Martins,301,"Wikimedia REST API, pageviews per-article, all-access, agente user (coleta própria 1/9/2026)",https://pt.wikipedia.org/wiki/Samara_Martins,
2026-05-04,Augusto Cury,Augusto Cury,473,"Wikimedia REST API, pageviews per-article, all-access, agente user (coleta própria 1/9/2026)",https://pt.wikipedia.org/wiki/Augusto_Cury,
2026-05-04,Flávio Bolsonaro,Flávio Bolsonaro,999,"Wikimedia REST API, pageviews per-article, all-access, agente user (coleta própria 1/9/2026)",https://pt.wikipedia.org/wiki/Flávio_Bolsonaro,
2026-05-04,Lula,Luiz Inácio Lula da Silva,1777,"Wikimedia REST API, pageviews per-article, all-access, agente user (coleta própria 1/9/2026)",https://pt.wikipedia.org/wiki/Luiz_Inácio_Lula_da_Silva,
2026-05-04,Pablo Marçal,Pablo Marçal,238,"Wikimedia REST API, pageviews per-article, all-access, agente user (coleta própria 1/9/2026)",https://pt.wikipedia.org/wiki/Pablo_Marçal,
2026-05-04,Renan Santos,Renan Santos,1997,"Wikimedia REST API, pageviews per-article, all-access, agente user (coleta própria 1/9/2026)",https://pt.wikipedia.org/wiki/Renan_Santos,
2026-05-04,Romeu Zema,Romeu Zema,3550,"Wikimedia REST API, pageviews per-article, all-access, agente user (coleta própria 1/9/2026)",https://pt.wikipedia.org/wiki/Romeu_Zema,
2026-05-04,Ronaldo Caiado,Ronaldo Caiado,632,"Wikimedia REST API, pageviews per-article, all-access, agente user (coleta própria 1/9/2026)",https://pt.wikipedia.org/wiki/Ronaldo_Caiado,
2026-05-04,Samara Martins,Samara Martins,356,"Wikimedia REST API, pageviews per-article, all-access, agente user (coleta própria 1/9/2026)",https://pt.wikipedia.org/wiki/Samara_Martins,
2026-05-05,Augusto Cury,Augusto Cury,654,"Wikimedia REST API, pageviews per-article, all-access, agente user (coleta própria 1/9/2026)",https://pt.wikipedia.org/wiki/Augusto_Cury,
2026-05-05,Flávio Bolsonaro,Flávio Bolsonaro,993,"Wikimedia REST API, pageviews per-article, all-access, agente user (coleta própria 1/9/2026)",https://pt.wikipedia.org/wiki/Flávio_Bolsonaro,
2026-05-05,Lula,Luiz Inácio Lula da Silva,1723,"Wikimedia REST API, pageviews per-article, all-access, agente user (coleta própria 1/9/2026)",https://pt.wikipedia.org/wiki/Luiz_Inácio_Lula_da_Silva,
2026-05-05,Pablo Marçal,Pablo Marçal,284,"Wikimedia REST API, pageviews per-article, all-access, agente user (coleta própria 1/9/2026)",https://pt.wikipedia.org/wiki/Pablo_Marçal,
2026-05-05,Renan Santos,Renan Santos,2198,"Wikimedia REST API, pageviews per-article, all-access, agente user (coleta própria 1/9/2026)",https://pt.wikipedia.org/wiki/Renan_Santos,
2026-05-05,Romeu Zema,Romeu Zema,2610,"Wikimedia REST API, pageviews per-article, all-access, agente user (coleta própria 1/9/2026)",https://pt.wikipedia.org/wiki/Romeu_Zema,
2026-05-05,Ronaldo Caiado,Ronaldo Caiado,571,"Wikimedia REST API, pageviews per-article, all-access, agente user (coleta própria 1/9/2026)",https://pt.wikipedia.org/wiki/Ronaldo_Caiado,
2026-05-05,Samara Martins,Samara Martins,398,"Wikimedia REST API, pageviews per-article, all-access, agente user (coleta própria 1/9/2026)",https://pt.wikipedia.org/wiki/Samara_Martins,
2026-05-06,Augusto Cury,Augusto Cury,830,"Wikimedia REST API, pageviews per-article, all-access, agente user (coleta própria 1/9/2026)",https://pt.wikipedia.org/wiki/Augusto_Cury,
2026-05-06,Flávio Bolsonaro,Flávio Bolsonaro,979,"Wikimedia REST API, pageviews per-article, all-access, agente user (coleta própria 1/9/2026)",https://pt.wikipedia.org/wiki/Flávio_Bolsonaro,
2026-05-06,Lula,Luiz Inácio Lula da Silva,1834,"Wikimedia REST API, pageviews per-article, all-access, agente user (coleta própria 1/9/2026)",https://pt.wikipedia.org/wiki/Luiz_Inácio_Lula_da_Silva,
2026-05-06,Pablo Marçal,Pablo Marçal,302,"Wikimedia REST API, pageviews per-article, all-access, agente user (coleta própria 1/9/2026)",https://pt.wikipedia.org/wiki/Pablo_Marçal,
2026-05-06,Renan Santos,Renan Santos,2550,"Wikimedia REST API, pageviews per-article, all-access, agente user (coleta própria 1/9/2026)",https://pt.wikipedia.org/wiki/Renan_Santos,
2026-05-06,Romeu Zema,Romeu Zema,1630,"Wikimedia REST API, pageviews per-article, all-access, agente user (coleta própria 1/9/2026)",https://pt.wikipedia.org/wiki/Romeu_Zema,
2026-05-06,Ronaldo Caiado,Ronaldo Caiado,656,"Wikimedia REST API, pageviews per-article, all-access, agente user (coleta própria 1/9/2026)",https://pt.wikipedia.org/wiki/Ronaldo_Caiado,
2026-05-06,Samara Martins,Samara Martins,414,"Wikimedia REST API, pageviews per-article, all-access, agente user (coleta própria 1/9/2026)",https://pt.wikipedia.org/wiki/Samara_Martins,
2026-05-07,Augusto Cury,Augusto Cury,5262,"Wikimedia REST API, pageviews per-article, all-access, agente user (coleta própria 1/9/2026)",https://pt.wikipedia.org/wiki/Augusto_Cury,
2026-05-07,Flávio Bolsonaro,Flávio Bolsonaro,912,"Wikimedia REST API, pageviews per-article, all-access, agente user (coleta própria 1/9/2026)",https://pt.wikipedia.org/wiki/Flávio_Bolsonaro,
2026-05-07,Lula,Luiz Inácio Lula da Silva,2325,"Wikimedia REST API, pageviews per-article, all-access, agente user (coleta própria 1/9/2026)",https://pt.wikipedia.org/wiki/Luiz_Inácio_Lula_da_Silva,
2026-05-07,Pablo Marçal,Pablo Marçal,227,"Wikimedia REST API, pageviews per-article, all-access, agente user (coleta própria 1/9/2026)",https://pt.wikipedia.org/wiki/Pablo_Marçal,
2026-05-07,Renan Santos,Renan Santos,2460,"Wikimedia REST API, pageviews per-article, all-access, agente user (coleta própria 1/9/2026)",https://pt.wikipedia.org/wiki/Renan_Santos,
2026-05-07,Romeu Zema,Romeu Zema,1087,"Wikimedia REST API, pageviews per-article, all-access, agente user (coleta própria 1/9/2026)",https://pt.wikipedia.org/wiki/Romeu_Zema,
2026-05-07,Ronaldo Caiado,Ronaldo Caiado,727,"Wikimedia REST API, pageviews per-article, all-access, agente user (coleta própria 1/9/2026)",https://pt.wikipedia.org/wiki/Ronaldo_Caiado,
2026-05-07,Samara Martins,Samara Martins,367,"Wikimedia REST API, pageviews per-article, all-access, agente user (coleta própria 1/9/2026)",https://pt.wikipedia.org/wiki/Samara_Martins,
2026-05-08,Augusto Cury,Augusto Cury,2752,"Wikimedia REST API, pageviews per-article, all-access, agente user (coleta própria 1/9/2026)",https://pt.wikipedia.org/wiki/Augusto_Cury,
2026-05-08,Flávio Bolsonaro,Flávio Bolsonaro,879,"Wikimedia REST API, pageviews per-article, all-access, agente user (coleta própria 1/9/2026)",https://pt.wikipedia.org/wiki/Flávio_Bolsonaro,
2026-05-08,Lula,Luiz Inácio Lula da Silva,2182,"Wikimedia REST API, pageviews per-article, all-access, agente user (coleta própria 1/9/2026)",https://pt.wikipedia.org/wiki/Luiz_Inácio_Lula_da_Silva,
2026-05-08,Pablo Marçal,Pablo Marçal,225,"Wikimedia REST API, pageviews per-article, all-access, agente user (coleta própria 1/9/2026)",https://pt.wikipedia.org/wiki/Pablo_Marçal,
2026-05-08,Renan Santos,Renan Santos,2260,"Wikimedia REST API, pageviews per-article, all-access, agente user (coleta própria 1/9/2026)",https://pt.wikipedia.org/wiki/Renan_Santos,
2026-05-08,Romeu Zema,Romeu Zema,981,"Wikimedia REST API, pageviews per-article, all-access, agente user (coleta própria 1/9/2026)",https://pt.wikipedia.org/wiki/Romeu_Zema,
2026-05-08,Ronaldo Caiado,Ronaldo Caiado,722,"Wikimedia REST API, pageviews per-article, all-access, agente user (coleta própria 1/9/2026)",https://pt.wikipedia.org/wiki/Ronaldo_Caiado,
2026-05-08,Samara Martins,Samara Martins,352,"Wikimedia REST API, pageviews per-article, all-access, agente user (coleta própria 1/9/2026)",https://pt.wikipedia.org/wiki/Samara_Martins,
2026-05-09,Augusto Cury,Augusto Cury,1073,"Wikimedia REST API, pageviews per-article, all-access, agente user (coleta própria 1/9/2026)",https://pt.wikipedia.org/wiki/Augusto_Cury,
2026-05-09,Flávio Bolsonaro,Flávio Bolsonaro,931,"Wikimedia REST API, pageviews per-article, all-access, agente user (coleta própria 1/9/2026)",https://pt.wikipedia.org/wiki/Flávio_Bolsonaro,
2026-05-09,Lula,Luiz Inácio Lula da Silva,1797,"Wikimedia REST API, pageviews per-article, all-access, agente user (coleta própria 1/9/2026)",https://pt.wikipedia.org/wiki/Luiz_Inácio_Lula_da_Silva,
2026-05-09,Pablo Marçal,Pablo Marçal,202,"Wikimedia REST API, pageviews per-article, all-access, agente user (coleta própria 1/9/2026)",https://pt.wikipedia.org/wiki/Pablo_Marçal,
2026-05-09,Renan Santos,Renan Santos,2292,"Wikimedia REST API, pageviews per-article, all-access, agente user (coleta própria 1/9/2026)",https://pt.wikipedia.org/wiki/Renan_Santos,
2026-05-09,Romeu Zema,Romeu Zema,773,"Wikimedia REST API, pageviews per-article, all-access, agente user (coleta própria 1/9/2026)",https://pt.wikipedia.org/wiki/Romeu_Zema,
2026-05-09,Ronaldo Caiado,Ronaldo Caiado,581,"Wikimedia REST API, pageviews per-article, all-access, agente user (coleta própria 1/9/2026)",https://pt.wikipedia.org/wiki/Ronaldo_Caiado,
2026-05-09,Samara Martins,Samara Martins,210,"Wikimedia REST API, pageviews per-article, all-access, agente user (coleta própria 1/9/2026)",https://pt.wikipedia.org/wiki/Samara_Martins,
2026-05-10,Augusto Cury,Augusto Cury,903,"Wikimedia REST API, pageviews per-article, all-access, agente user (coleta própria 1/9/2026)",https://pt.wikipedia.org/wiki/Augusto_Cury,
2026-05-10,Flávio Bolsonaro,Flávio Bolsonaro,863,"Wikimedia REST API, pageviews per-article, all-access, agente user (coleta própria 1/9/2026)",https://pt.wikipedia.org/wiki/Flávio_Bolsonaro,
2026-05-10,Lula,Luiz Inácio Lula da Silva,1773,"Wikimedia REST API, pageviews per-article, all-access, agente user (coleta própria 1/9/2026)",https://pt.wikipedia.org/wiki/Luiz_Inácio_Lula_da_Silva,
2026-05-10,Pablo Marçal,Pablo Marçal,237,"Wikimedia REST API, pageviews per-article, all-access, agente user (coleta própria 1/9/2026)",https://pt.wikipedia.org/wiki/Pablo_Marçal,
2026-05-10,Renan Santos,Renan Santos,2235,"Wikimedia REST API, pageviews per-article, all-access, agente user (coleta própria 1/9/2026)",https://pt.wikipedia.org/wiki/Renan_Santos,
2026-05-10,Romeu Zema,Romeu Zema,864,"Wikimedia REST API, pageviews per-article, all-access, agente user (coleta própria 1/9/2026)",https://pt.wikipedia.org/wiki/Romeu_Zema,
2026-05-10,Ronaldo Caiado,Ronaldo Caiado,537,"Wikimedia REST API, pageviews per-article, all-access, agente user (coleta própria 1/9/2026)",https://pt.wikipedia.org/wiki/Ronaldo_Caiado,
2026-05-10,Samara Martins,Samara Martins,186,"Wikimedia REST API, pageviews per-article, all-access, agente user (coleta própria 1/9/2026)",https://pt.wikipedia.org/wiki/Samara_Martins,
2026-05-11,Augusto Cury,Augusto Cury,745,"Wikimedia REST API, pageviews per-article, all-access, agente user (coleta própria 1/9/2026)",https://pt.wikipedia.org/wiki/Augusto_Cury,
2026-05-11,Flávio Bolsonaro,Flávio Bolsonaro,738,"Wikimedia REST API, pageviews per-article, all-access, agente user (coleta própria 1/9/2026)",https://pt.wikipedia.org/wiki/Flávio_Bolsonaro,
2026-05-11,Lula,Luiz Inácio Lula da Silva,1653,"Wikimedia REST API, pageviews per-article, all-access, agente user (coleta própria 1/9/2026)",https://pt.wikipedia.org/wiki/Luiz_Inácio_Lula_da_Silva,
2026-05-11,Pablo Marçal,Pablo Marçal,213,"Wikimedia REST API, pageviews per-article, all-access, agente user (coleta própria 1/9/2026)",https://pt.wikipedia.org/wiki/Pablo_Marçal,
2026-05-11,Renan Santos,Renan Santos,2375,"Wikimedia REST API, pageviews per-article, all-access, agente user (coleta própria 1/9/2026)",https://pt.wikipedia.org/wiki/Renan_Santos,
2026-05-11,Romeu Zema,Romeu Zema,736,"Wikimedia REST API, pageviews per-article, all-access, agente user (coleta própria 1/9/2026)",https://pt.wikipedia.org/wiki/Romeu_Zema,
2026-05-11,Ronaldo Caiado,Ronaldo Caiado,579,"Wikimedia REST API, pageviews per-article, all-access, agente user (coleta própria 1/9/2026)",https://pt.wikipedia.org/wiki/Ronaldo_Caiado,
2026-05-11,Samara Martins,Samara Martins,193,"Wikimedia REST API, pageviews per-article, all-access, agente user (coleta própria 1/9/2026)",https://pt.wikipedia.org/wiki/Samara_Martins,
2026-05-12,Augusto Cury,Augusto Cury,716,"Wikimedia REST API, pageviews per-article, all-access, agente user (coleta própria 1/9/2026)",https://pt.wikipedia.org/wiki/Augusto_Cury,
2026-05-12,Flávio Bolsonaro,Flávio Bolsonaro,810,"Wikimedia REST API, pageviews per-article, all-access, agente user (coleta própria 1/9/2026)",https://pt.wikipedia.org/wiki/Flávio_Bolsonaro,
2026-05-12,Lula,Luiz Inácio Lula da Silva,1679,"Wikimedia REST API, pageviews per-article, all-access, agente user (coleta própria 1/9/2026)",https://pt.wikipedia.org/wiki/Luiz_Inácio_Lula_da_Silva,
2026-05-12,Pablo Marçal,Pablo Marçal,209,"Wikimedia REST API, pageviews per-article, all-access, agente user (coleta própria 1/9/2026)",https://pt.wikipedia.org/wiki/Pablo_Marçal,
2026-05-12,Renan Santos,Renan Santos,2409,"Wikimedia REST API, pageviews per-article, all-access, agente user (coleta própria 1/9/2026)",https://pt.wikipedia.org/wiki/Renan_Santos,
2026-05-12,Romeu Zema,Romeu Zema,563,"Wikimedia REST API, pageviews per-article, all-access, agente user (coleta própria 1/9/2026)",https://pt.wikipedia.org/wiki/Romeu_Zema,
2026-05-12,Ronaldo Caiado,Ronaldo Caiado,616,"Wikimedia REST API, pageviews per-article, all-access, agente user (coleta própria 1/9/2026)",https://pt.wikipedia.org/wiki/Ronaldo_Caiado,
2026-05-12,Samara Martins,Samara Martins,229,"Wikimedia REST API, pageviews per-article, all-access, agente user (coleta própria 1/9/2026)",https://pt.wikipedia.org/wiki/Samara_Martins,
2026-05-13,Augusto Cury,Augusto Cury,933,"Wikimedia REST API, pageviews per-article, all-access, agente user (coleta própria 1/9/2026)",https://pt.wikipedia.org/wiki/Augusto_Cury,
2026-05-13,Flávio Bolsonaro,Flávio Bolsonaro,1639,"Wikimedia REST API, pageviews per-article, all-access, agente user (coleta própria 1/9/2026)",https://pt.wikipedia.org/wiki/Flávio_Bolsonaro,
2026-05-13,Lula,Luiz Inácio Lula da Silva,1864,"Wikimedia REST API, pageviews per-article, all-access, agente user (coleta própria 1/9/2026)",https://pt.wikipedia.org/wiki/Luiz_Inácio_Lula_da_Silva,
2026-05-13,Pablo Marçal,Pablo Marçal,268,"Wikimedia REST API, pageviews per-article, all-access, agente user (coleta própria 1/9/2026)",https://pt.wikipedia.org/wiki/Pablo_Marçal,
2026-05-13,Renan Santos,Renan Santos,4003,"Wikimedia REST API, pageviews per-article, all-access, agente user (coleta própria 1/9/2026)",https://pt.wikipedia.org/wiki/Renan_Santos,
2026-05-13,Romeu Zema,Romeu Zema,1480,"Wikimedia REST API, pageviews per-article, all-access, agente user (coleta própria 1/9/2026)",https://pt.wikipedia.org/wiki/Romeu_Zema,
2026-05-13,Ronaldo Caiado,Ronaldo Caiado,885,"Wikimedia REST API, pageviews per-article, all-access, agente user (coleta própria 1/9/2026)",https://pt.wikipedia.org/wiki/Ronaldo_Caiado,
2026-05-13,Samara Martins,Samara Martins,338,"Wikimedia REST API, pageviews per-article, all-access, agente user (coleta própria 1/9/2026)",https://pt.wikipedia.org/wiki/Samara_Martins,
2026-05-14,Augusto Cury,Augusto Cury,1033,"Wikimedia REST API, pageviews per-article, all-access, agente user (coleta própria 1/9/2026)",https://pt.wikipedia.org/wiki/Augusto_Cury,
2026-05-14,Flávio Bolsonaro,Flávio Bolsonaro,2998,"Wikimedia REST API, pageviews per-article, all-access, agente user (coleta própria 1/9/2026)",https://pt.wikipedia.org/wiki/Flávio_Bolsonaro,
2026-05-14,Lula,Luiz Inácio Lula da Silva,1951,"Wikimedia REST API, pageviews per-article, all-access, agente user (coleta própria 1/9/2026)",https://pt.wikipedia.org/wiki/Luiz_Inácio_Lula_da_Silva,
2026-05-14,Pablo Marçal,Pablo Marçal,293,"Wikimedia REST API, pageviews per-article, all-access, agente user (coleta própria 1/9/2026)",https://pt.wikipedia.org/wiki/Pablo_Marçal,
2026-05-14,Renan Santos,Renan Santos,8097,"Wikimedia REST API, pageviews per-article, all-access, agente user (coleta própria 1/9/2026)",https://pt.wikipedia.org/wiki/Renan_Santos,
2026-05-14,Romeu Zema,Romeu Zema,3237,"Wikimedia REST API, pageviews per-article, all-access, agente user (coleta própria 1/9/2026)",https://pt.wikipedia.org/wiki/Romeu_Zema,
2026-05-14,Ronaldo Caiado,Ronaldo Caiado,1879,"Wikimedia REST API, pageviews per-article, all-access, agente user (coleta própria 1/9/2026)",https://pt.wikipedia.org/wiki/Ronaldo_Caiado,
2026-05-14,Samara Martins,Samara Martins,484,"Wikimedia REST API, pageviews per-article, all-access, agente user (coleta própria 1/9/2026)",https://pt.wikipedia.org/wiki/Samara_Martins,
2026-05-15,Augusto Cury,Augusto Cury,711,"Wikimedia REST API, pageviews per-article, all-access, agente user (coleta própria 1/9/2026)",https://pt.wikipedia.org/wiki/Augusto_Cury,
2026-05-15,Flávio Bolsonaro,Flávio Bolsonaro,2660,"Wikimedia REST API, pageviews per-article, all-access, agente user (coleta própria 1/9/2026)",https://pt.wikipedia.org/wiki/Flávio_Bolsonaro,
2026-05-15,Lula,Luiz Inácio Lula da Silva,1784,"Wikimedia REST API, pageviews per-article, all-access, agente user (coleta própria 1/9/2026)",https://pt.wikipedia.org/wiki/Luiz_Inácio_Lula_da_Silva,
2026-05-15,Pablo Marçal,Pablo Marçal,260,"Wikimedia REST API, pageviews per-article, all-access, agente user (coleta própria 1/9/2026)",https://pt.wikipedia.org/wiki/Pablo_Marçal,
2026-05-15,Renan Santos,Renan Santos,7106,"Wikimedia REST API, pageviews per-article, all-access, agente user (coleta própria 1/9/2026)",https://pt.wikipedia.org/wiki/Renan_Santos,
2026-05-15,Romeu Zema,Romeu Zema,1723,"Wikimedia REST API, pageviews per-article, all-access, agente user (coleta própria 1/9/2026)",https://pt.wikipedia.org/wiki/Romeu_Zema,
2026-05-15,Ronaldo Caiado,Ronaldo Caiado,1188,"Wikimedia REST API, pageviews per-article, all-access, agente user (coleta própria 1/9/2026)",https://pt.wikipedia.org/wiki/Ronaldo_Caiado,
2026-05-15,Samara Martins,Samara Martins,305,"Wikimedia REST API, pageviews per-article, all-access, agente user (coleta própria 1/9/2026)",https://pt.wikipedia.org/wiki/Samara_Martins,
2026-05-16,Augusto Cury,Augusto Cury,836,"Wikimedia REST API, pageviews per-article, all-access, agente user (coleta própria 1/9/2026)",https://pt.wikipedia.org/wiki/Augusto_Cury,
2026-05-16,Flávio Bolsonaro,Flávio Bolsonaro,1744,"Wikimedia REST API, pageviews per-article, all-access, agente user (coleta própria 1/9/2026)",https://pt.wikipedia.org/wiki/Flávio_Bolsonaro,
2026-05-16,Lula,Luiz Inácio Lula da Silva,1754,"Wikimedia REST API, pageviews per-article, all-access, agente user (coleta própria 1/9/2026)",https://pt.wikipedia.org/wiki/Luiz_Inácio_Lula_da_Silva,
2026-05-16,Pablo Marçal,Pablo Marçal,577,"Wikimedia REST API, pageviews per-article, all-access, agente user (coleta própria 1/9/2026)",https://pt.wikipedia.org/wiki/Pablo_Marçal,
2026-05-16,Renan Santos,Renan Santos,7066,"Wikimedia REST API, pageviews per-article, all-access, agente user (coleta própria 1/9/2026)",https://pt.wikipedia.org/wiki/Renan_Santos,
2026-05-16,Romeu Zema,Romeu Zema,1422,"Wikimedia REST API, pageviews per-article, all-access, agente user (coleta própria 1/9/2026)",https://pt.wikipedia.org/wiki/Romeu_Zema,
2026-05-16,Ronaldo Caiado,Ronaldo Caiado,1079,"Wikimedia REST API, pageviews per-article, all-access, agente user (coleta própria 1/9/2026)",https://pt.wikipedia.org/wiki/Ronaldo_Caiado,
2026-05-16,Samara Martins,Samara Martins,396,"Wikimedia REST API, pageviews per-article, all-access, agente user (coleta própria 1/9/2026)",https://pt.wikipedia.org/wiki/Samara_Martins,
2026-05-17,Augusto Cury,Augusto Cury,660,"Wikimedia REST API, pageviews per-article, all-access, agente user (coleta própria 1/9/2026)",https://pt.wikipedia.org/wiki/Augusto_Cury,
2026-05-17,Flávio Bolsonaro,Flávio Bolsonaro,1175,"Wikimedia REST API, pageviews per-article, all-access, agente user (coleta própria 1/9/2026)",https://pt.wikipedia.org/wiki/Flávio_Bolsonaro,
2026-05-17,Lula,Luiz Inácio Lula da Silva,1624,"Wikimedia REST API, pageviews per-article, all-access, agente user (coleta própria 1/9/2026)",https://pt.wikipedia.org/wiki/Luiz_Inácio_Lula_da_Silva,
2026-05-17,Pablo Marçal,Pablo Marçal,633,"Wikimedia REST API, pageviews per-article, all-access, agente user (coleta própria 1/9/2026)",https://pt.wikipedia.org/wiki/Pablo_Marçal,
2026-05-17,Renan Santos,Renan Santos,5389,"Wikimedia REST API, pageviews per-article, all-access, agente user (coleta própria 1/9/2026)",https://pt.wikipedia.org/wiki/Renan_Santos,
2026-05-17,Romeu Zema,Romeu Zema,854,"Wikimedia REST API, pageviews per-article, all-access, agente user (coleta própria 1/9/2026)",https://pt.wikipedia.org/wiki/Romeu_Zema,
2026-05-17,Ronaldo Caiado,Ronaldo Caiado,679,"Wikimedia REST API, pageviews per-article, all-access, agente user (coleta própria 1/9/2026)",https://pt.wikipedia.org/wiki/Ronaldo_Caiado,
2026-05-17,Samara Martins,Samara Martins,341,"Wikimedia REST API, pageviews per-article, all-access, agente user (coleta própria 1/9/2026)",https://pt.wikipedia.org/wiki/Samara_Martins,
2026-05-18,Augusto Cury,Augusto Cury,611,"Wikimedia REST API, pageviews per-article, all-access, agente user (coleta própria 1/9/2026)",https://pt.wikipedia.org/wiki/Augusto_Cury,
2026-05-18,Flávio Bolsonaro,Flávio Bolsonaro,1019,"Wikimedia REST API, pageviews per-article, all-access, agente user (coleta própria 1/9/2026)",https://pt.wikipedia.org/wiki/Flávio_Bolsonaro,
2026-05-18,Lula,Luiz Inácio Lula da Silva,1751,"Wikimedia REST API, pageviews per-article, all-access, agente user (coleta própria 1/9/2026)",https://pt.wikipedia.org/wiki/Luiz_Inácio_Lula_da_Silva,
2026-05-18,Pablo Marçal,Pablo Marçal,405,"Wikimedia REST API, pageviews per-article, all-access, agente user (coleta própria 1/9/2026)",https://pt.wikipedia.org/wiki/Pablo_Marçal,
2026-05-18,Renan Santos,Renan Santos,4269,"Wikimedia REST API, pageviews per-article, all-access, agente user (coleta própria 1/9/2026)",https://pt.wikipedia.org/wiki/Renan_Santos,
2026-05-18,Romeu Zema,Romeu Zema,765,"Wikimedia REST API, pageviews per-article, all-access, agente user (coleta própria 1/9/2026)",https://pt.wikipedia.org/wiki/Romeu_Zema,
2026-05-18,Ronaldo Caiado,Ronaldo Caiado,678,"Wikimedia REST API, pageviews per-article, all-access, agente user (coleta própria 1/9/2026)",https://pt.wikipedia.org/wiki/Ronaldo_Caiado,
2026-05-18,Samara Martins,Samara Martins,322,"Wikimedia REST API, pageviews per-article, all-access, agente user (coleta própria 1/9/2026)",https://pt.wikipedia.org/wiki/Samara_Martins,
2026-05-19,Augusto Cury,Augusto Cury,615,"Wikimedia REST API, pageviews per-article, all-access, agente user (coleta própria 1/9/2026)",https://pt.wikipedia.org/wiki/Augusto_Cury,
2026-05-19,Flávio Bolsonaro,Flávio Bolsonaro,1394,"Wikimedia REST API, pageviews per-article, all-access, agente user (coleta própria 1/9/2026)",https://pt.wikipedia.org/wiki/Flávio_Bolsonaro,
2026-05-19,Lula,Luiz Inácio Lula da Silva,1705,"Wikimedia REST API, pageviews per-article, all-access, agente user (coleta própria 1/9/2026)",https://pt.wikipedia.org/wiki/Luiz_Inácio_Lula_da_Silva,
2026-05-19,Pablo Marçal,Pablo Marçal,345,"Wikimedia REST API, pageviews per-article, all-access, agente user (coleta própria 1/9/2026)",https://pt.wikipedia.org/wiki/Pablo_Marçal,
2026-05-19,Renan Santos,Renan Santos,9619,"Wikimedia REST API, pageviews per-article, all-access, agente user (coleta própria 1/9/2026)",https://pt.wikipedia.org/wiki/Renan_Santos,
2026-05-19,Romeu Zema,Romeu Zema,884,"Wikimedia REST API, pageviews per-article, all-access, agente user (coleta própria 1/9/2026)",https://pt.wikipedia.org/wiki/Romeu_Zema,
2026-05-19,Ronaldo Caiado,Ronaldo Caiado,715,"Wikimedia REST API, pageviews per-article, all-access, agente user (coleta própria 1/9/2026)",https://pt.wikipedia.org/wiki/Ronaldo_Caiado,
2026-05-19,Samara Martins,Samara Martins,268,"Wikimedia REST API, pageviews per-article, all-access, agente user (coleta própria 1/9/2026)",https://pt.wikipedia.org/wiki/Samara_Martins,
2026-05-20,Augusto Cury,Augusto Cury,616,"Wikimedia REST API, pageviews per-article, all-access, agente user (coleta própria 1/9/2026)",https://pt.wikipedia.org/wiki/Augusto_Cury,
2026-05-20,Flávio Bolsonaro,Flávio Bolsonaro,1522,"Wikimedia REST API, pageviews per-article, all-access, agente user (coleta própria 1/9/2026)",https://pt.wikipedia.org/wiki/Flávio_Bolsonaro,
2026-05-20,Lula,Luiz Inácio Lula da Silva,1879,"Wikimedia REST API, pageviews per-article, all-access, agente user (coleta própria 1/9/2026)",https://pt.wikipedia.org/wiki/Luiz_Inácio_Lula_da_Silva,
2026-05-20,Pablo Marçal,Pablo Marçal,488,"Wikimedia REST API, pageviews per-article, all-access, agente user (coleta própria 1/9/2026)",https://pt.wikipedia.org/wiki/Pablo_Marçal,
2026-05-20,Renan Santos,Renan Santos,9991,"Wikimedia REST API, pageviews per-article, all-access, agente user (coleta própria 1/9/2026)",https://pt.wikipedia.org/wiki/Renan_Santos,
2026-05-20,Romeu Zema,Romeu Zema,1155,"Wikimedia REST API, pageviews per-article, all-access, agente user (coleta própria 1/9/2026)",https://pt.wikipedia.org/wiki/Romeu_Zema,
2026-05-20,Ronaldo Caiado,Ronaldo Caiado,1034,"Wikimedia REST API, pageviews per-article, all-access, agente user (coleta própria 1/9/2026)",https://pt.wikipedia.org/wiki/Ronaldo_Caiado,
2026-05-20,Samara Martins,Samara Martins,273,"Wikimedia REST API, pageviews per-article, all-access, agente user (coleta própria 1/9/2026)",https://pt.wikipedia.org/wiki/Samara_Martins,
2026-05-21,Augusto Cury,Augusto Cury,553,"Wikimedia REST API, pageviews per-article, all-access, agente user (coleta própria 1/9/2026)",https://pt.wikipedia.org/wiki/Augusto_Cury,
2026-05-21,Flávio Bolsonaro,Flávio Bolsonaro,1282,"Wikimedia REST API, pageviews per-article, all-access, agente user (coleta própria 1/9/2026)",https://pt.wikipedia.org/wiki/Flávio_Bolsonaro,
2026-05-21,Lula,Luiz Inácio Lula da Silva,1753,"Wikimedia REST API, pageviews per-article, all-access, agente user (coleta própria 1/9/2026)",https://pt.wikipedia.org/wiki/Luiz_Inácio_Lula_da_Silva,
2026-05-21,Pablo Marçal,Pablo Marçal,305,"Wikimedia REST API, pageviews per-article, all-access, agente user (coleta própria 1/9/2026)",https://pt.wikipedia.org/wiki/Pablo_Marçal,
2026-05-21,Renan Santos,Renan Santos,8183,"Wikimedia REST API, pageviews per-article, all-access, agente user (coleta própria 1/9/2026)",https://pt.wikipedia.org/wiki/Renan_Santos,
2026-05-21,Romeu Zema,Romeu Zema,1187,"Wikimedia REST API, pageviews per-article, all-access, agente user (coleta própria 1/9/2026)",https://pt.wikipedia.org/wiki/Romeu_Zema,
2026-05-21,Ronaldo Caiado,Ronaldo Caiado,885,"Wikimedia REST API, pageviews per-article, all-access, agente user (coleta própria 1/9/2026)",https://pt.wikipedia.org/wiki/Ronaldo_Caiado,
2026-05-21,Samara Martins,Samara Martins,264,"Wikimedia REST API, pageviews per-article, all-access, agente user (coleta própria 1/9/2026)",https://pt.wikipedia.org/wiki/Samara_Martins,
2026-05-22,Augusto Cury,Augusto Cury,598,"Wikimedia REST API, pageviews per-article, all-access, agente user (coleta própria 1/9/2026)",https://pt.wikipedia.org/wiki/Augusto_Cury,
2026-05-22,Flávio Bolsonaro,Flávio Bolsonaro,1077,"Wikimedia REST API, pageviews per-article, all-access, agente user (coleta própria 1/9/2026)",https://pt.wikipedia.org/wiki/Flávio_Bolsonaro,
2026-05-22,Lula,Luiz Inácio Lula da Silva,1780,"Wikimedia REST API, pageviews per-article, all-access, agente user (coleta própria 1/9/2026)",https://pt.wikipedia.org/wiki/Luiz_Inácio_Lula_da_Silva,
2026-05-22,Pablo Marçal,Pablo Marçal,282,"Wikimedia REST API, pageviews per-article, all-access, agente user (coleta própria 1/9/2026)",https://pt.wikipedia.org/wiki/Pablo_Marçal,
2026-05-22,Renan Santos,Renan Santos,6553,"Wikimedia REST API, pageviews per-article, all-access, agente user (coleta própria 1/9/2026)",https://pt.wikipedia.org/wiki/Renan_Santos,
2026-05-22,Romeu Zema,Romeu Zema,914,"Wikimedia REST API, pageviews per-article, all-access, agente user (coleta própria 1/9/2026)",https://pt.wikipedia.org/wiki/Romeu_Zema,
2026-05-22,Ronaldo Caiado,Ronaldo Caiado,708,"Wikimedia REST API, pageviews per-article, all-access, agente user (coleta própria 1/9/2026)",https://pt.wikipedia.org/wiki/Ronaldo_Caiado,
2026-05-22,Samara Martins,Samara Martins,526,"Wikimedia REST API, pageviews per-article, all-access, agente user (coleta própria 1/9/2026)",https://pt.wikipedia.org/wiki/Samara_Martins,
2026-05-23,Augusto Cury,Augusto Cury,749,"Wikimedia REST API, pageviews per-article, all-access, agente user (coleta própria 1/9/2026)",https://pt.wikipedia.org/wiki/Augusto_Cury,
2026-05-23,Flávio Bolsonaro,Flávio Bolsonaro,967,"Wikimedia REST API, pageviews per-article, all-access, agente user (coleta própria 1/9/2026)",https://pt.wikipedia.org/wiki/Flávio_Bolsonaro,
2026-05-23,Lula,Luiz Inácio Lula da Silva,1847,"Wikimedia REST API, pageviews per-article, all-access, agente user (coleta própria 1/9/2026)",https://pt.wikipedia.org/wiki/Luiz_Inácio_Lula_da_Silva,
2026-05-23,Pablo Marçal,Pablo Marçal,323,"Wikimedia REST API, pageviews per-article, all-access, agente user (coleta própria 1/9/2026)",https://pt.wikipedia.org/wiki/Pablo_Marçal,
2026-05-23,Renan Santos,Renan Santos,4964,"Wikimedia REST API, pageviews per-article, all-access, agente user (coleta própria 1/9/2026)",https://pt.wikipedia.org/wiki/Renan_Santos,
2026-05-23,Romeu Zema,Romeu Zema,856,"Wikimedia REST API, pageviews per-article, all-access, agente user (coleta própria 1/9/2026)",https://pt.wikipedia.org/wiki/Romeu_Zema,
2026-05-23,Ronaldo Caiado,Ronaldo Caiado,841,"Wikimedia REST API, pageviews per-article, all-access, agente user (coleta própria 1/9/2026)",https://pt.wikipedia.org/wiki/Ronaldo_Caiado,
2026-05-23,Samara Martins,Samara Martins,686,"Wikimedia REST API, pageviews per-article, all-access, agente user (coleta própria 1/9/2026)",https://pt.wikipedia.org/wiki/Samara_Martins,
2026-05-24,Augusto Cury,Augusto Cury,487,"Wikimedia REST API, pageviews per-article, all-access, agente user (coleta própria 1/9/2026)",https://pt.wikipedia.org/wiki/Augusto_Cury,
2026-05-24,Flávio Bolsonaro,Flávio Bolsonaro,807,"Wikimedia REST API, pageviews per-article, all-access, agente user (coleta própria 1/9/2026)",https://pt.wikipedia.org/wiki/Flávio_Bolsonaro,
2026-05-24,Lula,Luiz Inácio Lula da Silva,1757,"Wikimedia REST API, pageviews per-article, all-access, agente user (coleta própria 1/9/2026)",https://pt.wikipedia.org/wiki/Luiz_Inácio_Lula_da_Silva,
2026-05-24,Pablo Marçal,Pablo Marçal,365,"Wikimedia REST API, pageviews per-article, all-access, agente user (coleta própria 1/9/2026)",https://pt.wikipedia.org/wiki/Pablo_Marçal,
2026-05-24,Renan Santos,Renan Santos,4824,"Wikimedia REST API, pageviews per-article, all-access, agente user (coleta própria 1/9/2026)",https://pt.wikipedia.org/wiki/Renan_Santos,
2026-05-24,Romeu Zema,Romeu Zema,767,"Wikimedia REST API, pageviews per-article, all-access, agente user (coleta própria 1/9/2026)",https://pt.wikipedia.org/wiki/Romeu_Zema,
2026-05-24,Ronaldo Caiado,Ronaldo Caiado,558,"Wikimedia REST API, pageviews per-article, all-access, agente user (coleta própria 1/9/2026)",https://pt.wikipedia.org/wiki/Ronaldo_Caiado,
2026-05-24,Samara Martins,Samara Martins,358,"Wikimedia REST API, pageviews per-article, all-access, agente user (coleta própria 1/9/2026)",https://pt.wikipedia.org/wiki/Samara_Martins,
2026-05-25,Augusto Cury,Augusto Cury,478,"Wikimedia REST API, pageviews per-article, all-access, agente user (coleta própria 1/9/2026)",https://pt.wikipedia.org/wiki/Augusto_Cury,
2026-05-25,Flávio Bolsonaro,Flávio Bolsonaro,840,"Wikimedia REST API, pageviews per-article, all-access, agente user (coleta própria 1/9/2026)",https://pt.wikipedia.org/wiki/Flávio_Bolsonaro,
2026-05-25,Lula,Luiz Inácio Lula da Silva,1712,"Wikimedia REST API, pageviews per-article, all-access, agente user (coleta própria 1/9/2026)",https://pt.wikipedia.org/wiki/Luiz_Inácio_Lula_da_Silva,
2026-05-25,Pablo Marçal,Pablo Marçal,352,"Wikimedia REST API, pageviews per-article, all-access, agente user (coleta própria 1/9/2026)",https://pt.wikipedia.org/wiki/Pablo_Marçal,
2026-05-25,Renan Santos,Renan Santos,4923,"Wikimedia REST API, pageviews per-article, all-access, agente user (coleta própria 1/9/2026)",https://pt.wikipedia.org/wiki/Renan_Santos,
2026-05-25,Romeu Zema,Romeu Zema,1169,"Wikimedia REST API, pageviews per-article, all-access, agente user (coleta própria 1/9/2026)",https://pt.wikipedia.org/wiki/Romeu_Zema,
2026-05-25,Ronaldo Caiado,Ronaldo Caiado,651,"Wikimedia REST API, pageviews per-article, all-access, agente user (coleta própria 1/9/2026)",https://pt.wikipedia.org/wiki/Ronaldo_Caiado,
2026-05-25,Samara Martins,Samara Martins,338,"Wikimedia REST API, pageviews per-article, all-access, agente user (coleta própria 1/9/2026)",https://pt.wikipedia.org/wiki/Samara_Martins,
2026-05-26,Augusto Cury,Augusto Cury,917,"Wikimedia REST API, pageviews per-article, all-access, agente user (coleta própria 1/9/2026)",https://pt.wikipedia.org/wiki/Augusto_Cury,
2026-05-26,Flávio Bolsonaro,Flávio Bolsonaro,1033,"Wikimedia REST API, pageviews per-article, all-access, agente user (coleta própria 1/9/2026)",https://pt.wikipedia.org/wiki/Flávio_Bolsonaro,
2026-05-26,Lula,Luiz Inácio Lula da Silva,1859,"Wikimedia REST API, pageviews per-article, all-access, agente user (coleta própria 1/9/2026)",https://pt.wikipedia.org/wiki/Luiz_Inácio_Lula_da_Silva,
2026-05-26,Pablo Marçal,Pablo Marçal,341,"Wikimedia REST API, pageviews per-article, all-access, agente user (coleta própria 1/9/2026)",https://pt.wikipedia.org/wiki/Pablo_Marçal,
2026-05-26,Renan Santos,Renan Santos,4130,"Wikimedia REST API, pageviews per-article, all-access, agente user (coleta própria 1/9/2026)",https://pt.wikipedia.org/wiki/Renan_Santos,
2026-05-26,Romeu Zema,Romeu Zema,880,"Wikimedia REST API, pageviews per-article, all-access, agente user (coleta própria 1/9/2026)",https://pt.wikipedia.org/wiki/Romeu_Zema,
2026-05-26,Ronaldo Caiado,Ronaldo Caiado,566,"Wikimedia REST API, pageviews per-article, all-access, agente user (coleta própria 1/9/2026)",https://pt.wikipedia.org/wiki/Ronaldo_Caiado,
2026-05-26,Samara Martins,Samara Martins,328,"Wikimedia REST API, pageviews per-article, all-access, agente user (coleta própria 1/9/2026)",https://pt.wikipedia.org/wiki/Samara_Martins,
2026-05-27,Augusto Cury,Augusto Cury,464,"Wikimedia REST API, pageviews per-article, all-access, agente user (coleta própria 1/9/2026)",https://pt.wikipedia.org/wiki/Augusto_Cury,
2026-05-27,Flávio Bolsonaro,Flávio Bolsonaro,1348,"Wikimedia REST API, pageviews per-article, all-access, agente user (coleta própria 1/9/2026)",https://pt.wikipedia.org/wiki/Flávio_Bolsonaro,
2026-05-27,Lula,Luiz Inácio Lula da Silva,1896,"Wikimedia REST API, pageviews per-article, all-access, agente user (coleta própria 1/9/2026)",https://pt.wikipedia.org/wiki/Luiz_Inácio_Lula_da_Silva,
2026-05-27,Pablo Marçal,Pablo Marçal,539,"Wikimedia REST API, pageviews per-article, all-access, agente user (coleta própria 1/9/2026)",https://pt.wikipedia.org/wiki/Pablo_Marçal,
2026-05-27,Renan Santos,Renan Santos,3756,"Wikimedia REST API, pageviews per-article, all-access, agente user (coleta própria 1/9/2026)",https://pt.wikipedia.org/wiki/Renan_Santos,
2026-05-27,Romeu Zema,Romeu Zema,780,"Wikimedia REST API, pageviews per-article, all-access, agente user (coleta própria 1/9/2026)",https://pt.wikipedia.org/wiki/Romeu_Zema,
2026-05-27,Ronaldo Caiado,Ronaldo Caiado,708,"Wikimedia REST API, pageviews per-article, all-access, agente user (coleta própria 1/9/2026)",https://pt.wikipedia.org/wiki/Ronaldo_Caiado,
2026-05-27,Samara Martins,Samara Martins,352,"Wikimedia REST API, pageviews per-article, all-access, agente user (coleta própria 1/9/2026)",https://pt.wikipedia.org/wiki/Samara_Martins,
2026-05-28,Augusto Cury,Augusto Cury,471,"Wikimedia REST API, pageviews per-article, all-access, agente user (coleta própria 1/9/2026)",https://pt.wikipedia.org/wiki/Augusto_Cury,
2026-05-28,Flávio Bolsonaro,Flávio Bolsonaro,1002,"Wikimedia REST API, pageviews per-article, all-access, agente user (coleta própria 1/9/2026)",https://pt.wikipedia.org/wiki/Flávio_Bolsonaro,
2026-05-28,Lula,Luiz Inácio Lula da Silva,2027,"Wikimedia REST API, pageviews per-article, all-access, agente user (coleta própria 1/9/2026)",https://pt.wikipedia.org/wiki/Luiz_Inácio_Lula_da_Silva,
2026-05-28,Pablo Marçal,Pablo Marçal,326,"Wikimedia REST API, pageviews per-article, all-access, agente user (coleta própria 1/9/2026)",https://pt.wikipedia.org/wiki/Pablo_Marçal,
2026-05-28,Renan Santos,Renan Santos,3741,"Wikimedia REST API, pageviews per-article, all-access, agente user (coleta própria 1/9/2026)",https://pt.wikipedia.org/wiki/Renan_Santos,
2026-05-28,Romeu Zema,Romeu Zema,672,"Wikimedia REST API, pageviews per-article, all-access, agente user (coleta própria 1/9/2026)",https://pt.wikipedia.org/wiki/Romeu_Zema,
2026-05-28,Ronaldo Caiado,Ronaldo Caiado,719,"Wikimedia REST API, pageviews per-article, all-access, agente user (coleta própria 1/9/2026)",https://pt.wikipedia.org/wiki/Ronaldo_Caiado,
2026-05-28,Samara Martins,Samara Martins,354,"Wikimedia REST API, pageviews per-article, all-access, agente user (coleta própria 1/9/2026)",https://pt.wikipedia.org/wiki/Samara_Martins,
2026-05-29,Augusto Cury,Augusto Cury,462,"Wikimedia REST API, pageviews per-article, all-access, agente user (coleta própria 1/9/2026)",https://pt.wikipedia.org/wiki/Augusto_Cury,
2026-05-29,Flávio Bolsonaro,Flávio Bolsonaro,1262,"Wikimedia REST API, pageviews per-article, all-access, agente user (coleta própria 1/9/2026)",https://pt.wikipedia.org/wiki/Flávio_Bolsonaro,
2026-05-29,Lula,Luiz Inácio Lula da Silva,1919,"Wikimedia REST API, pageviews per-article, all-access, agente user (coleta própria 1/9/2026)",https://pt.wikipedia.org/wiki/Luiz_Inácio_Lula_da_Silva,
2026-05-29,Pablo Marçal,Pablo Marçal,273,"Wikimedia REST API, pageviews per-article, all-access, agente user (coleta própria 1/9/2026)",https://pt.wikipedia.org/wiki/Pablo_Marçal,
2026-05-29,Renan Santos,Renan Santos,3225,"Wikimedia REST API, pageviews per-article, all-access, agente user (coleta própria 1/9/2026)",https://pt.wikipedia.org/wiki/Renan_Santos,
2026-05-29,Romeu Zema,Romeu Zema,569,"Wikimedia REST API, pageviews per-article, all-access, agente user (coleta própria 1/9/2026)",https://pt.wikipedia.org/wiki/Romeu_Zema,
2026-05-29,Ronaldo Caiado,Ronaldo Caiado,607,"Wikimedia REST API, pageviews per-article, all-access, agente user (coleta própria 1/9/2026)",https://pt.wikipedia.org/wiki/Ronaldo_Caiado,
2026-05-29,Samara Martins,Samara Martins,277,"Wikimedia REST API, pageviews per-article, all-access, agente user (coleta própria 1/9/2026)",https://pt.wikipedia.org/wiki/Samara_Martins,
2026-05-30,Augusto Cury,Augusto Cury,407,"Wikimedia REST API, pageviews per-article, all-access, agente user (coleta própria 1/9/2026)",https://pt.wikipedia.org/wiki/Augusto_Cury,
2026-05-30,Flávio Bolsonaro,Flávio Bolsonaro,1133,"Wikimedia REST API, pageviews per-article, all-access, agente user (coleta própria 1/9/2026)",https://pt.wikipedia.org/wiki/Flávio_Bolsonaro,
2026-05-30,Lula,Luiz Inácio Lula da Silva,1805,"Wikimedia REST API, pageviews per-article, all-access, agente user (coleta própria 1/9/2026)",https://pt.wikipedia.org/wiki/Luiz_Inácio_Lula_da_Silva,
2026-05-30,Pablo Marçal,Pablo Marçal,261,"Wikimedia REST API, pageviews per-article, all-access, agente user (coleta própria 1/9/2026)",https://pt.wikipedia.org/wiki/Pablo_Marçal,
2026-05-30,Renan Santos,Renan Santos,2568,"Wikimedia REST API, pageviews per-article, all-access, agente user (coleta própria 1/9/2026)",https://pt.wikipedia.org/wiki/Renan_Santos,
2026-05-30,Romeu Zema,Romeu Zema,452,"Wikimedia REST API, pageviews per-article, all-access, agente user (coleta própria 1/9/2026)",https://pt.wikipedia.org/wiki/Romeu_Zema,
2026-05-30,Ronaldo Caiado,Ronaldo Caiado,610,"Wikimedia REST API, pageviews per-article, all-access, agente user (coleta própria 1/9/2026)",https://pt.wikipedia.org/wiki/Ronaldo_Caiado,
2026-05-30,Samara Martins,Samara Martins,252,"Wikimedia REST API, pageviews per-article, all-access, agente user (coleta própria 1/9/2026)",https://pt.wikipedia.org/wiki/Samara_Martins,
2026-05-31,Augusto Cury,Augusto Cury,607,"Wikimedia REST API, pageviews per-article, all-access, agente user (coleta própria 1/9/2026)",https://pt.wikipedia.org/wiki/Augusto_Cury,
2026-05-31,Flávio Bolsonaro,Flávio Bolsonaro,1033,"Wikimedia REST API, pageviews per-article, all-access, agente user (coleta própria 1/9/2026)",https://pt.wikipedia.org/wiki/Flávio_Bolsonaro,
2026-05-31,Lula,Luiz Inácio Lula da Silva,1793,"Wikimedia REST API, pageviews per-article, all-access, agente user (coleta própria 1/9/2026)",https://pt.wikipedia.org/wiki/Luiz_Inácio_Lula_da_Silva,
2026-05-31,Pablo Marçal,Pablo Marçal,327,"Wikimedia REST API, pageviews per-article, all-access, agente user (coleta própria 1/9/2026)",https://pt.wikipedia.org/wiki/Pablo_Marçal,
2026-05-31,Renan Santos,Renan Santos,2504,"Wikimedia REST API, pageviews per-article, all-access, agente user (coleta própria 1/9/2026)",https://pt.wikipedia.org/wiki/Renan_Santos,
2026-05-31,Romeu Zema,Romeu Zema,394,"Wikimedia REST API, pageviews per-article, all-access, agente user (coleta própria 1/9/2026)",https://pt.wikipedia.org/wiki/Romeu_Zema,
2026-05-31,Ronaldo Caiado,Ronaldo Caiado,578,"Wikimedia REST API, pageviews per-article, all-access, agente user (coleta própria 1/9/2026)",https://pt.wikipedia.org/wiki/Ronaldo_Caiado,
2026-05-31,Samara Martins,Samara Martins,256,"Wikimedia REST API, pageviews per-article, all-access, agente user (coleta própria 1/9/2026)",https://pt.wikipedia.org/wiki/Samara_Martins,
2026-06-01,Augusto Cury,Augusto Cury,433,"Wikimedia REST API, pageviews per-article, all-access, agente user (coleta própria 1/9/2026)",https://pt.wikipedia.org/wiki/Augusto_Cury,
2026-06-01,Flávio Bolsonaro,Flávio Bolsonaro,993,"Wikimedia REST API, pageviews per-article, all-access, agente user (coleta própria 1/9/2026)",https://pt.wikipedia.org/wiki/Flávio_Bolsonaro,
2026-06-01,Lula,Luiz Inácio Lula da Silva,1542,"Wikimedia REST API, pageviews per-article, all-access, agente user (coleta própria 1/9/2026)",https://pt.wikipedia.org/wiki/Luiz_Inácio_Lula_da_Silva,
2026-06-01,Pablo Marçal,Pablo Marçal,362,"Wikimedia REST API, pageviews per-article, all-access, agente user (coleta própria 1/9/2026)",https://pt.wikipedia.org/wiki/Pablo_Marçal,
2026-06-01,Renan Santos,Renan Santos,3674,"Wikimedia REST API, pageviews per-article, all-access, agente user (coleta própria 1/9/2026)",https://pt.wikipedia.org/wiki/Renan_Santos,
2026-06-01,Romeu Zema,Romeu Zema,612,"Wikimedia REST API, pageviews per-article, all-access, agente user (coleta própria 1/9/2026)",https://pt.wikipedia.org/wiki/Romeu_Zema,
2026-06-01,Ronaldo Caiado,Ronaldo Caiado,1371,"Wikimedia REST API, pageviews per-article, all-access, agente user (coleta própria 1/9/2026)",https://pt.wikipedia.org/wiki/Ronaldo_Caiado,
2026-06-01,Samara Martins,Samara Martins,251,"Wikimedia REST API, pageviews per-article, all-access, agente user (coleta própria 1/9/2026)",https://pt.wikipedia.org/wiki/Samara_Martins,
2026-06-02,Augusto Cury,Augusto Cury,501,"Wikimedia REST API, pageviews per-article, all-access, agente user (coleta própria 1/9/2026)",https://pt.wikipedia.org/wiki/Augusto_Cury,
2026-06-02,Flávio Bolsonaro,Flávio Bolsonaro,1217,"Wikimedia REST API, pageviews per-article, all-access, agente user (coleta própria 1/9/2026)",https://pt.wikipedia.org/wiki/Flávio_Bolsonaro,
2026-06-02,Lula,Luiz Inácio Lula da Silva,1642,"Wikimedia REST API, pageviews per-article, all-access, agente user (coleta própria 1/9/2026)",https://pt.wikipedia.org/wiki/Luiz_Inácio_Lula_da_Silva,
2026-06-02,Pablo Marçal,Pablo Marçal,345,"Wikimedia REST API, pageviews per-article, all-access, agente user (coleta própria 1/9/2026)",https://pt.wikipedia.org/wiki/Pablo_Marçal,
2026-06-02,Renan Santos,Renan Santos,4591,"Wikimedia REST API, pageviews per-article, all-access, agente user (coleta própria 1/9/2026)",https://pt.wikipedia.org/wiki/Renan_Santos,
2026-06-02,Romeu Zema,Romeu Zema,750,"Wikimedia REST API, pageviews per-article, all-access, agente user (coleta própria 1/9/2026)",https://pt.wikipedia.org/wiki/Romeu_Zema,
2026-06-02,Ronaldo Caiado,Ronaldo Caiado,1671,"Wikimedia REST API, pageviews per-article, all-access, agente user (coleta própria 1/9/2026)",https://pt.wikipedia.org/wiki/Ronaldo_Caiado,
2026-06-02,Samara Martins,Samara Martins,270,"Wikimedia REST API, pageviews per-article, all-access, agente user (coleta própria 1/9/2026)",https://pt.wikipedia.org/wiki/Samara_Martins,
2026-06-03,Augusto Cury,Augusto Cury,468,"Wikimedia REST API, pageviews per-article, all-access, agente user (coleta própria 1/9/2026)",https://pt.wikipedia.org/wiki/Augusto_Cury,
2026-06-03,Flávio Bolsonaro,Flávio Bolsonaro,1539,"Wikimedia REST API, pageviews per-article, all-access, agente user (coleta própria 1/9/2026)",https://pt.wikipedia.org/wiki/Flávio_Bolsonaro,
2026-06-03,Lula,Luiz Inácio Lula da Silva,1901,"Wikimedia REST API, pageviews per-article, all-access, agente user (coleta própria 1/9/2026)",https://pt.wikipedia.org/wiki/Luiz_Inácio_Lula_da_Silva,
2026-06-03,Pablo Marçal,Pablo Marçal,277,"Wikimedia REST API, pageviews per-article, all-access, agente user (coleta própria 1/9/2026)",https://pt.wikipedia.org/wiki/Pablo_Marçal,
2026-06-03,Renan Santos,Renan Santos,3415,"Wikimedia REST API, pageviews per-article, all-access, agente user (coleta própria 1/9/2026)",https://pt.wikipedia.org/wiki/Renan_Santos,
2026-06-03,Romeu Zema,Romeu Zema,679,"Wikimedia REST API, pageviews per-article, all-access, agente user (coleta própria 1/9/2026)",https://pt.wikipedia.org/wiki/Romeu_Zema,
2026-06-03,Ronaldo Caiado,Ronaldo Caiado,1667,"Wikimedia REST API, pageviews per-article, all-access, agente user (coleta própria 1/9/2026)",https://pt.wikipedia.org/wiki/Ronaldo_Caiado,
2026-06-03,Samara Martins,Samara Martins,229,"Wikimedia REST API, pageviews per-article, all-access, agente user (coleta própria 1/9/2026)",https://pt.wikipedia.org/wiki/Samara_Martins,
2026-06-04,Augusto Cury,Augusto Cury,498,"Wikimedia REST API, pageviews per-article, all-access, agente user (coleta própria 1/9/2026)",https://pt.wikipedia.org/wiki/Augusto_Cury,
2026-06-04,Flávio Bolsonaro,Flávio Bolsonaro,1207,"Wikimedia REST API, pageviews per-article, all-access, agente user (coleta própria 1/9/2026)",https://pt.wikipedia.org/wiki/Flávio_Bolsonaro,
2026-06-04,Lula,Luiz Inácio Lula da Silva,1680,"Wikimedia REST API, pageviews per-article, all-access, agente user (coleta própria 1/9/2026)",https://pt.wikipedia.org/wiki/Luiz_Inácio_Lula_da_Silva,
2026-06-04,Pablo Marçal,Pablo Marçal,289,"Wikimedia REST API, pageviews per-article, all-access, agente user (coleta própria 1/9/2026)",https://pt.wikipedia.org/wiki/Pablo_Marçal,
2026-06-04,Renan Santos,Renan Santos,3788,"Wikimedia REST API, pageviews per-article, all-access, agente user (coleta própria 1/9/2026)",https://pt.wikipedia.org/wiki/Renan_Santos,
2026-06-04,Romeu Zema,Romeu Zema,439,"Wikimedia REST API, pageviews per-article, all-access, agente user (coleta própria 1/9/2026)",https://pt.wikipedia.org/wiki/Romeu_Zema,
2026-06-04,Ronaldo Caiado,Ronaldo Caiado,1622,"Wikimedia REST API, pageviews per-article, all-access, agente user (coleta própria 1/9/2026)",https://pt.wikipedia.org/wiki/Ronaldo_Caiado,
2026-06-04,Samara Martins,Samara Martins,124,"Wikimedia REST API, pageviews per-article, all-access, agente user (coleta própria 1/9/2026)",https://pt.wikipedia.org/wiki/Samara_Martins,
2026-06-05,Augusto Cury,Augusto Cury,670,"Wikimedia REST API, pageviews per-article, all-access, agente user (coleta própria 1/9/2026)",https://pt.wikipedia.org/wiki/Augusto_Cury,
2026-06-05,Flávio Bolsonaro,Flávio Bolsonaro,1008,"Wikimedia REST API, pageviews per-article, all-access, agente user (coleta própria 1/9/2026)",https://pt.wikipedia.org/wiki/Flávio_Bolsonaro,
2026-06-05,Lula,Luiz Inácio Lula da Silva,1678,"Wikimedia REST API, pageviews per-article, all-access, agente user (coleta própria 1/9/2026)",https://pt.wikipedia.org/wiki/Luiz_Inácio_Lula_da_Silva,
2026-06-05,Pablo Marçal,Pablo Marçal,295,"Wikimedia REST API, pageviews per-article, all-access, agente user (coleta própria 1/9/2026)",https://pt.wikipedia.org/wiki/Pablo_Marçal,
2026-06-05,Renan Santos,Renan Santos,5813,"Wikimedia REST API, pageviews per-article, all-access, agente user (coleta própria 1/9/2026)",https://pt.wikipedia.org/wiki/Renan_Santos,
2026-06-05,Romeu Zema,Romeu Zema,439,"Wikimedia REST API, pageviews per-article, all-access, agente user (coleta própria 1/9/2026)",https://pt.wikipedia.org/wiki/Romeu_Zema,
2026-06-05,Ronaldo Caiado,Ronaldo Caiado,1258,"Wikimedia REST API, pageviews per-article, all-access, agente user (coleta própria 1/9/2026)",https://pt.wikipedia.org/wiki/Ronaldo_Caiado,
2026-06-05,Samara Martins,Samara Martins,132,"Wikimedia REST API, pageviews per-article, all-access, agente user (coleta própria 1/9/2026)",https://pt.wikipedia.org/wiki/Samara_Martins,
2026-06-06,Augusto Cury,Augusto Cury,479,"Wikimedia REST API, pageviews per-article, all-access, agente user (coleta própria 1/9/2026)",https://pt.wikipedia.org/wiki/Augusto_Cury,
2026-06-06,Flávio Bolsonaro,Flávio Bolsonaro,658,"Wikimedia REST API, pageviews per-article, all-access, agente user (coleta própria 1/9/2026)",https://pt.wikipedia.org/wiki/Flávio_Bolsonaro,
2026-06-06,Lula,Luiz Inácio Lula da Silva,1625,"Wikimedia REST API, pageviews per-article, all-access, agente user (coleta própria 1/9/2026)",https://pt.wikipedia.org/wiki/Luiz_Inácio_Lula_da_Silva,
2026-06-06,Pablo Marçal,Pablo Marçal,266,"Wikimedia REST API, pageviews per-article, all-access, agente user (coleta própria 1/9/2026)",https://pt.wikipedia.org/wiki/Pablo_Marçal,
2026-06-06,Renan Santos,Renan Santos,4919,"Wikimedia REST API, pageviews per-article, all-access, agente user (coleta própria 1/9/2026)",https://pt.wikipedia.org/wiki/Renan_Santos,
2026-06-06,Romeu Zema,Romeu Zema,365,"Wikimedia REST API, pageviews per-article, all-access, agente user (coleta própria 1/9/2026)",https://pt.wikipedia.org/wiki/Romeu_Zema,
2026-06-06,Ronaldo Caiado,Ronaldo Caiado,899,"Wikimedia REST API, pageviews per-article, all-access, agente user (coleta própria 1/9/2026)",https://pt.wikipedia.org/wiki/Ronaldo_Caiado,
2026-06-06,Samara Martins,Samara Martins,93,"Wikimedia REST API, pageviews per-article, all-access, agente user (coleta própria 1/9/2026)",https://pt.wikipedia.org/wiki/Samara_Martins,
2026-06-07,Augusto Cury,Augusto Cury,442,"Wikimedia REST API, pageviews per-article, all-access, agente user (coleta própria 1/9/2026)",https://pt.wikipedia.org/wiki/Augusto_Cury,
2026-06-07,Flávio Bolsonaro,Flávio Bolsonaro,658,"Wikimedia REST API, pageviews per-article, all-access, agente user (coleta própria 1/9/2026)",https://pt.wikipedia.org/wiki/Flávio_Bolsonaro,
2026-06-07,Lula,Luiz Inácio Lula da Silva,1667,"Wikimedia REST API, pageviews per-article, all-access, agente user (coleta própria 1/9/2026)",https://pt.wikipedia.org/wiki/Luiz_Inácio_Lula_da_Silva,
2026-06-07,Pablo Marçal,Pablo Marçal,278,"Wikimedia REST API, pageviews per-article, all-access, agente user (coleta própria 1/9/2026)",https://pt.wikipedia.org/wiki/Pablo_Marçal,
2026-06-07,Renan Santos,Renan Santos,3810,"Wikimedia REST API, pageviews per-article, all-access, agente user (coleta própria 1/9/2026)",https://pt.wikipedia.org/wiki/Renan_Santos,
2026-06-07,Romeu Zema,Romeu Zema,385,"Wikimedia REST API, pageviews per-article, all-access, agente user (coleta própria 1/9/2026)",https://pt.wikipedia.org/wiki/Romeu_Zema,
2026-06-07,Ronaldo Caiado,Ronaldo Caiado,1578,"Wikimedia REST API, pageviews per-article, all-access, agente user (coleta própria 1/9/2026)",https://pt.wikipedia.org/wiki/Ronaldo_Caiado,
2026-06-07,Samara Martins,Samara Martins,99,"Wikimedia REST API, pageviews per-article, all-access, agente user (coleta própria 1/9/2026)",https://pt.wikipedia.org/wiki/Samara_Martins,
2026-06-08,Augusto Cury,Augusto Cury,435,"Wikimedia REST API, pageviews per-article, all-access, agente user (coleta própria 1/9/2026)",https://pt.wikipedia.org/wiki/Augusto_Cury,
2026-06-08,Flávio Bolsonaro,Flávio Bolsonaro,847,"Wikimedia REST API, pageviews per-article, all-access, agente user (coleta própria 1/9/2026)",https://pt.wikipedia.org/wiki/Flávio_Bolsonaro,
2026-06-08,Lula,Luiz Inácio Lula da Silva,1682,"Wikimedia REST API, pageviews per-article, all-access, agente user (coleta própria 1/9/2026)",https://pt.wikipedia.org/wiki/Luiz_Inácio_Lula_da_Silva,
2026-06-08,Pablo Marçal,Pablo Marçal,253,"Wikimedia REST API, pageviews per-article, all-access, agente user (coleta própria 1/9/2026)",https://pt.wikipedia.org/wiki/Pablo_Marçal,
2026-06-08,Renan Santos,Renan Santos,3906,"Wikimedia REST API, pageviews per-article, all-access, agente user (coleta própria 1/9/2026)",https://pt.wikipedia.org/wiki/Renan_Santos,
2026-06-08,Romeu Zema,Romeu Zema,385,"Wikimedia REST API, pageviews per-article, all-access, agente user (coleta própria 1/9/2026)",https://pt.wikipedia.org/wiki/Romeu_Zema,
2026-06-08,Ronaldo Caiado,Ronaldo Caiado,695,"Wikimedia REST API, pageviews per-article, all-access, agente user (coleta própria 1/9/2026)",https://pt.wikipedia.org/wiki/Ronaldo_Caiado,
2026-06-08,Samara Martins,Samara Martins,121,"Wikimedia REST API, pageviews per-article, all-access, agente user (coleta própria 1/9/2026)",https://pt.wikipedia.org/wiki/Samara_Martins,
2026-06-09,Augusto Cury,Augusto Cury,426,"Wikimedia REST API, pageviews per-article, all-access, agente user (coleta própria 1/9/2026)",https://pt.wikipedia.org/wiki/Augusto_Cury,
2026-06-09,Flávio Bolsonaro,Flávio Bolsonaro,682,"Wikimedia REST API, pageviews per-article, all-access, agente user (coleta própria 1/9/2026)",https://pt.wikipedia.org/wiki/Flávio_Bolsonaro,
2026-06-09,Lula,Luiz Inácio Lula da Silva,1706,"Wikimedia REST API, pageviews per-article, all-access, agente user (coleta própria 1/9/2026)",https://pt.wikipedia.org/wiki/Luiz_Inácio_Lula_da_Silva,
2026-06-09,Pablo Marçal,Pablo Marçal,253,"Wikimedia REST API, pageviews per-article, all-access, agente user (coleta própria 1/9/2026)",https://pt.wikipedia.org/wiki/Pablo_Marçal,
2026-06-09,Renan Santos,Renan Santos,3120,"Wikimedia REST API, pageviews per-article, all-access, agente user (coleta própria 1/9/2026)",https://pt.wikipedia.org/wiki/Renan_Santos,
2026-06-09,Romeu Zema,Romeu Zema,385,"Wikimedia REST API, pageviews per-article, all-access, agente user (coleta própria 1/9/2026)",https://pt.wikipedia.org/wiki/Romeu_Zema,
2026-06-09,Ronaldo Caiado,Ronaldo Caiado,802,"Wikimedia REST API, pageviews per-article, all-access, agente user (coleta própria 1/9/2026)",https://pt.wikipedia.org/wiki/Ronaldo_Caiado,
2026-06-09,Samara Martins,Samara Martins,232,"Wikimedia REST API, pageviews per-article, all-access, agente user (coleta própria 1/9/2026)",https://pt.wikipedia.org/wiki/Samara_Martins,
2026-06-10,Augusto Cury,Augusto Cury,513,"Wikimedia REST API, pageviews per-article, all-access, agente user (coleta própria 1/9/2026)",https://pt.wikipedia.org/wiki/Augusto_Cury,
2026-06-10,Flávio Bolsonaro,Flávio Bolsonaro,755,"Wikimedia REST API, pageviews per-article, all-access, agente user (coleta própria 1/9/2026)",https://pt.wikipedia.org/wiki/Flávio_Bolsonaro,
2026-06-10,Lula,Luiz Inácio Lula da Silva,1552,"Wikimedia REST API, pageviews per-article, all-access, agente user (coleta própria 1/9/2026)",https://pt.wikipedia.org/wiki/Luiz_Inácio_Lula_da_Silva,
2026-06-10,Pablo Marçal,Pablo Marçal,255,"Wikimedia REST API, pageviews per-article, all-access, agente user (coleta própria 1/9/2026)",https://pt.wikipedia.org/wiki/Pablo_Marçal,
2026-06-10,Renan Santos,Renan Santos,5069,"Wikimedia REST API, pageviews per-article, all-access, agente user (coleta própria 1/9/2026)",https://pt.wikipedia.org/wiki/Renan_Santos,
2026-06-10,Romeu Zema,Romeu Zema,476,"Wikimedia REST API, pageviews per-article, all-access, agente user (coleta própria 1/9/2026)",https://pt.wikipedia.org/wiki/Romeu_Zema,
2026-06-10,Ronaldo Caiado,Ronaldo Caiado,737,"Wikimedia REST API, pageviews per-article, all-access, agente user (coleta própria 1/9/2026)",https://pt.wikipedia.org/wiki/Ronaldo_Caiado,
2026-06-10,Samara Martins,Samara Martins,285,"Wikimedia REST API, pageviews per-article, all-access, agente user (coleta própria 1/9/2026)",https://pt.wikipedia.org/wiki/Samara_Martins,
2026-06-11,Augusto Cury,Augusto Cury,607,"Wikimedia REST API, pageviews per-article, all-access, agente user (coleta própria 1/9/2026)",https://pt.wikipedia.org/wiki/Augusto_Cury,
2026-06-11,Flávio Bolsonaro,Flávio Bolsonaro,668,"Wikimedia REST API, pageviews per-article, all-access, agente user (coleta própria 1/9/2026)",https://pt.wikipedia.org/wiki/Flávio_Bolsonaro,
2026-06-11,Lula,Luiz Inácio Lula da Silva,1667,"Wikimedia REST API, pageviews per-article, all-access, agente user (coleta própria 1/9/2026)",https://pt.wikipedia.org/wiki/Luiz_Inácio_Lula_da_Silva,
2026-06-11,Pablo Marçal,Pablo Marçal,223,"Wikimedia REST API, pageviews per-article, all-access, agente user (coleta própria 1/9/2026)",https://pt.wikipedia.org/wiki/Pablo_Marçal,
2026-06-11,Renan Santos,Renan Santos,5223,"Wikimedia REST API, pageviews per-article, all-access, agente user (coleta própria 1/9/2026)",https://pt.wikipedia.org/wiki/Renan_Santos,
2026-06-11,Romeu Zema,Romeu Zema,526,"Wikimedia REST API, pageviews per-article, all-access, agente user (coleta própria 1/9/2026)",https://pt.wikipedia.org/wiki/Romeu_Zema,
2026-06-11,Ronaldo Caiado,Ronaldo Caiado,886,"Wikimedia REST API, pageviews per-article, all-access, agente user (coleta própria 1/9/2026)",https://pt.wikipedia.org/wiki/Ronaldo_Caiado,
2026-06-11,Samara Martins,Samara Martins,262,"Wikimedia REST API, pageviews per-article, all-access, agente user (coleta própria 1/9/2026)",https://pt.wikipedia.org/wiki/Samara_Martins,
2026-06-12,Augusto Cury,Augusto Cury,373,"Wikimedia REST API, pageviews per-article, all-access, agente user (coleta própria 1/9/2026)",https://pt.wikipedia.org/wiki/Augusto_Cury,
2026-06-12,Flávio Bolsonaro,Flávio Bolsonaro,561,"Wikimedia REST API, pageviews per-article, all-access, agente user (coleta própria 1/9/2026)",https://pt.wikipedia.org/wiki/Flávio_Bolsonaro,
2026-06-12,Lula,Luiz Inácio Lula da Silva,1449,"Wikimedia REST API, pageviews per-article, all-access, agente user (coleta própria 1/9/2026)",https://pt.wikipedia.org/wiki/Luiz_Inácio_Lula_da_Silva,
2026-06-12,Pablo Marçal,Pablo Marçal,205,"Wikimedia REST API, pageviews per-article, all-access, agente user (coleta própria 1/9/2026)",https://pt.wikipedia.org/wiki/Pablo_Marçal,
2026-06-12,Renan Santos,Renan Santos,2593,"Wikimedia REST API, pageviews per-article, all-access, agente user (coleta própria 1/9/2026)",https://pt.wikipedia.org/wiki/Renan_Santos,
2026-06-12,Romeu Zema,Romeu Zema,303,"Wikimedia REST API, pageviews per-article, all-access, agente user (coleta própria 1/9/2026)",https://pt.wikipedia.org/wiki/Romeu_Zema,
2026-06-12,Ronaldo Caiado,Ronaldo Caiado,744,"Wikimedia REST API, pageviews per-article, all-access, agente user (coleta própria 1/9/2026)",https://pt.wikipedia.org/wiki/Ronaldo_Caiado,
2026-06-12,Samara Martins,Samara Martins,188,"Wikimedia REST API, pageviews per-article, all-access, agente user (coleta própria 1/9/2026)",https://pt.wikipedia.org/wiki/Samara_Martins,
2026-06-13,Augusto Cury,Augusto Cury,287,"Wikimedia REST API, pageviews per-article, all-access, agente user (coleta própria 1/9/2026)",https://pt.wikipedia.org/wiki/Augusto_Cury,
2026-06-13,Flávio Bolsonaro,Flávio Bolsonaro,530,"Wikimedia REST API, pageviews per-article, all-access, agente user (coleta própria 1/9/2026)",https://pt.wikipedia.org/wiki/Flávio_Bolsonaro,
2026-06-13,Lula,Luiz Inácio Lula da Silva,1356,"Wikimedia REST API, pageviews per-article, all-access, agente user (coleta própria 1/9/2026)",https://pt.wikipedia.org/wiki/Luiz_Inácio_Lula_da_Silva,
2026-06-13,Pablo Marçal,Pablo Marçal,151,"Wikimedia REST API, pageviews per-article, all-access, agente user (coleta própria 1/9/2026)",https://pt.wikipedia.org/wiki/Pablo_Marçal,
2026-06-13,Renan Santos,Renan Santos,2057,"Wikimedia REST API, pageviews per-article, all-access, agente user (coleta própria 1/9/2026)",https://pt.wikipedia.org/wiki/Renan_Santos,
2026-06-13,Romeu Zema,Romeu Zema,308,"Wikimedia REST API, pageviews per-article, all-access, agente user (coleta própria 1/9/2026)",https://pt.wikipedia.org/wiki/Romeu_Zema,
2026-06-13,Ronaldo Caiado,Ronaldo Caiado,480,"Wikimedia REST API, pageviews per-article, all-access, agente user (coleta própria 1/9/2026)",https://pt.wikipedia.org/wiki/Ronaldo_Caiado,
2026-06-13,Samara Martins,Samara Martins,174,"Wikimedia REST API, pageviews per-article, all-access, agente user (coleta própria 1/9/2026)",https://pt.wikipedia.org/wiki/Samara_Martins,
2026-06-14,Augusto Cury,Augusto Cury,333,"Wikimedia REST API, pageviews per-article, all-access, agente user (coleta própria 1/9/2026)",https://pt.wikipedia.org/wiki/Augusto_Cury,
2026-06-14,Flávio Bolsonaro,Flávio Bolsonaro,525,"Wikimedia REST API, pageviews per-article, all-access, agente user (coleta própria 1/9/2026)",https://pt.wikipedia.org/wiki/Flávio_Bolsonaro,
2026-06-14,Lula,Luiz Inácio Lula da Silva,1283,"Wikimedia REST API, pageviews per-article, all-access, agente user (coleta própria 1/9/2026)",https://pt.wikipedia.org/wiki/Luiz_Inácio_Lula_da_Silva,
2026-06-14,Pablo Marçal,Pablo Marçal,209,"Wikimedia REST API, pageviews per-article, all-access, agente user (coleta própria 1/9/2026)",https://pt.wikipedia.org/wiki/Pablo_Marçal,
2026-06-14,Renan Santos,Renan Santos,1987,"Wikimedia REST API, pageviews per-article, all-access, agente user (coleta própria 1/9/2026)",https://pt.wikipedia.org/wiki/Renan_Santos,
2026-06-14,Romeu Zema,Romeu Zema,344,"Wikimedia REST API, pageviews per-article, all-access, agente user (coleta própria 1/9/2026)",https://pt.wikipedia.org/wiki/Romeu_Zema,
2026-06-14,Ronaldo Caiado,Ronaldo Caiado,854,"Wikimedia REST API, pageviews per-article, all-access, agente user (coleta própria 1/9/2026)",https://pt.wikipedia.org/wiki/Ronaldo_Caiado,
2026-06-14,Samara Martins,Samara Martins,162,"Wikimedia REST API, pageviews per-article, all-access, agente user (coleta própria 1/9/2026)",https://pt.wikipedia.org/wiki/Samara_Martins,
2026-06-15,Augusto Cury,Augusto Cury,358,"Wikimedia REST API, pageviews per-article, all-access, agente user (coleta própria 1/9/2026)",https://pt.wikipedia.org/wiki/Augusto_Cury,
2026-06-15,Flávio Bolsonaro,Flávio Bolsonaro,579,"Wikimedia REST API, pageviews per-article, all-access, agente user (coleta própria 1/9/2026)",https://pt.wikipedia.org/wiki/Flávio_Bolsonaro,
2026-06-15,Lula,Luiz Inácio Lula da Silva,1538,"Wikimedia REST API, pageviews per-article, all-access, agente user (coleta própria 1/9/2026)",https://pt.wikipedia.org/wiki/Luiz_Inácio_Lula_da_Silva,
2026-06-15,Pablo Marçal,Pablo Marçal,253,"Wikimedia REST API, pageviews per-article, all-access, agente user (coleta própria 1/9/2026)",https://pt.wikipedia.org/wiki/Pablo_Marçal,
2026-06-15,Renan Santos,Renan Santos,2011,"Wikimedia REST API, pageviews per-article, all-access, agente user (coleta própria 1/9/2026)",https://pt.wikipedia.org/wiki/Renan_Santos,
2026-06-15,Romeu Zema,Romeu Zema,388,"Wikimedia REST API, pageviews per-article, all-access, agente user (coleta própria 1/9/2026)",https://pt.wikipedia.org/wiki/Romeu_Zema,
2026-06-15,Ronaldo Caiado,Ronaldo Caiado,446,"Wikimedia REST API, pageviews per-article, all-access, agente user (coleta própria 1/9/2026)",https://pt.wikipedia.org/wiki/Ronaldo_Caiado,
2026-06-15,Samara Martins,Samara Martins,140,"Wikimedia REST API, pageviews per-article, all-access, agente user (coleta própria 1/9/2026)",https://pt.wikipedia.org/wiki/Samara_Martins,
2026-06-16,Augusto Cury,Augusto Cury,428,"Wikimedia REST API, pageviews per-article, all-access, agente user (coleta própria 1/9/2026)",https://pt.wikipedia.org/wiki/Augusto_Cury,
2026-06-16,Flávio Bolsonaro,Flávio Bolsonaro,675,"Wikimedia REST API, pageviews per-article, all-access, agente user (coleta própria 1/9/2026)",https://pt.wikipedia.org/wiki/Flávio_Bolsonaro,
2026-06-16,Lula,Luiz Inácio Lula da Silva,1387,"Wikimedia REST API, pageviews per-article, all-access, agente user (coleta própria 1/9/2026)",https://pt.wikipedia.org/wiki/Luiz_Inácio_Lula_da_Silva,
2026-06-16,Pablo Marçal,Pablo Marçal,235,"Wikimedia REST API, pageviews per-article, all-access, agente user (coleta própria 1/9/2026)",https://pt.wikipedia.org/wiki/Pablo_Marçal,
2026-06-16,Renan Santos,Renan Santos,2172,"Wikimedia REST API, pageviews per-article, all-access, agente user (coleta própria 1/9/2026)",https://pt.wikipedia.org/wiki/Renan_Santos,
2026-06-16,Romeu Zema,Romeu Zema,547,"Wikimedia REST API, pageviews per-article, all-access, agente user (coleta própria 1/9/2026)",https://pt.wikipedia.org/wiki/Romeu_Zema,
2026-06-16,Ronaldo Caiado,Ronaldo Caiado,612,"Wikimedia REST API, pageviews per-article, all-access, agente user (coleta própria 1/9/2026)",https://pt.wikipedia.org/wiki/Ronaldo_Caiado,
2026-06-16,Samara Martins,Samara Martins,133,"Wikimedia REST API, pageviews per-article, all-access, agente user (coleta própria 1/9/2026)",https://pt.wikipedia.org/wiki/Samara_Martins,
2026-06-17,Augusto Cury,Augusto Cury,318,"Wikimedia REST API, pageviews per-article, all-access, agente user (coleta própria 1/9/2026)",https://pt.wikipedia.org/wiki/Augusto_Cury,
2026-06-17,Flávio Bolsonaro,Flávio Bolsonaro,1068,"Wikimedia REST API, pageviews per-article, all-access, agente user (coleta própria 1/9/2026)",https://pt.wikipedia.org/wiki/Flávio_Bolsonaro,
2026-06-17,Lula,Luiz Inácio Lula da Silva,1458,"Wikimedia REST API, pageviews per-article, all-access, agente user (coleta própria 1/9/2026)",https://pt.wikipedia.org/wiki/Luiz_Inácio_Lula_da_Silva,
2026-06-17,Pablo Marçal,Pablo Marçal,175,"Wikimedia REST API, pageviews per-article, all-access, agente user (coleta própria 1/9/2026)",https://pt.wikipedia.org/wiki/Pablo_Marçal,
2026-06-17,Renan Santos,Renan Santos,2030,"Wikimedia REST API, pageviews per-article, all-access, agente user (coleta própria 1/9/2026)",https://pt.wikipedia.org/wiki/Renan_Santos,
2026-06-17,Romeu Zema,Romeu Zema,315,"Wikimedia REST API, pageviews per-article, all-access, agente user (coleta própria 1/9/2026)",https://pt.wikipedia.org/wiki/Romeu_Zema,
2026-06-17,Ronaldo Caiado,Ronaldo Caiado,370,"Wikimedia REST API, pageviews per-article, all-access, agente user (coleta própria 1/9/2026)",https://pt.wikipedia.org/wiki/Ronaldo_Caiado,
2026-06-17,Samara Martins,Samara Martins,177,"Wikimedia REST API, pageviews per-article, all-access, agente user (coleta própria 1/9/2026)",https://pt.wikipedia.org/wiki/Samara_Martins,
2026-06-18,Augusto Cury,Augusto Cury,325,"Wikimedia REST API, pageviews per-article, all-access, agente user (coleta própria 1/9/2026)",https://pt.wikipedia.org/wiki/Augusto_Cury,
2026-06-18,Flávio Bolsonaro,Flávio Bolsonaro,712,"Wikimedia REST API, pageviews per-article, all-access, agente user (coleta própria 1/9/2026)",https://pt.wikipedia.org/wiki/Flávio_Bolsonaro,
2026-06-18,Lula,Luiz Inácio Lula da Silva,1515,"Wikimedia REST API, pageviews per-article, all-access, agente user (coleta própria 1/9/2026)",https://pt.wikipedia.org/wiki/Luiz_Inácio_Lula_da_Silva,
2026-06-18,Pablo Marçal,Pablo Marçal,235,"Wikimedia REST API, pageviews per-article, all-access, agente user (coleta própria 1/9/2026)",https://pt.wikipedia.org/wiki/Pablo_Marçal,
2026-06-18,Renan Santos,Renan Santos,1611,"Wikimedia REST API, pageviews per-article, all-access, agente user (coleta própria 1/9/2026)",https://pt.wikipedia.org/wiki/Renan_Santos,
2026-06-18,Romeu Zema,Romeu Zema,285,"Wikimedia REST API, pageviews per-article, all-access, agente user (coleta própria 1/9/2026)",https://pt.wikipedia.org/wiki/Romeu_Zema,
2026-06-18,Ronaldo Caiado,Ronaldo Caiado,384,"Wikimedia REST API, pageviews per-article, all-access, agente user (coleta própria 1/9/2026)",https://pt.wikipedia.org/wiki/Ronaldo_Caiado,
2026-06-18,Samara Martins,Samara Martins,195,"Wikimedia REST API, pageviews per-article, all-access, agente user (coleta própria 1/9/2026)",https://pt.wikipedia.org/wiki/Samara_Martins,
2026-06-19,Augusto Cury,Augusto Cury,306,"Wikimedia REST API, pageviews per-article, all-access, agente user (coleta própria 1/9/2026)",https://pt.wikipedia.org/wiki/Augusto_Cury,
2026-06-19,Flávio Bolsonaro,Flávio Bolsonaro,506,"Wikimedia REST API, pageviews per-article, all-access, agente user (coleta própria 1/9/2026)",https://pt.wikipedia.org/wiki/Flávio_Bolsonaro,
2026-06-19,Lula,Luiz Inácio Lula da Silva,1452,"Wikimedia REST API, pageviews per-article, all-access, agente user (coleta própria 1/9/2026)",https://pt.wikipedia.org/wiki/Luiz_Inácio_Lula_da_Silva,
2026-06-19,Pablo Marçal,Pablo Marçal,278,"Wikimedia REST API, pageviews per-article, all-access, agente user (coleta própria 1/9/2026)",https://pt.wikipedia.org/wiki/Pablo_Marçal,
2026-06-19,Renan Santos,Renan Santos,1662,"Wikimedia REST API, pageviews per-article, all-access, agente user (coleta própria 1/9/2026)",https://pt.wikipedia.org/wiki/Renan_Santos,
2026-06-19,Romeu Zema,Romeu Zema,298,"Wikimedia REST API, pageviews per-article, all-access, agente user (coleta própria 1/9/2026)",https://pt.wikipedia.org/wiki/Romeu_Zema,
2026-06-19,Ronaldo Caiado,Ronaldo Caiado,381,"Wikimedia REST API, pageviews per-article, all-access, agente user (coleta própria 1/9/2026)",https://pt.wikipedia.org/wiki/Ronaldo_Caiado,
2026-06-19,Samara Martins,Samara Martins,175,"Wikimedia REST API, pageviews per-article, all-access, agente user (coleta própria 1/9/2026)",https://pt.wikipedia.org/wiki/Samara_Martins,
2026-06-20,Augusto Cury,Augusto Cury,338,"Wikimedia REST API, pageviews per-article, all-access, agente user (coleta própria 1/9/2026)",https://pt.wikipedia.org/wiki/Augusto_Cury,
2026-06-20,Flávio Bolsonaro,Flávio Bolsonaro,457,"Wikimedia REST API, pageviews per-article, all-access, agente user (coleta própria 1/9/2026)",https://pt.wikipedia.org/wiki/Flávio_Bolsonaro,
2026-06-20,Lula,Luiz Inácio Lula da Silva,1299,"Wikimedia REST API, pageviews per-article, all-access, agente user (coleta própria 1/9/2026)",https://pt.wikipedia.org/wiki/Luiz_Inácio_Lula_da_Silva,
2026-06-20,Pablo Marçal,Pablo Marçal,212,"Wikimedia REST API, pageviews per-article, all-access, agente user (coleta própria 1/9/2026)",https://pt.wikipedia.org/wiki/Pablo_Marçal,
2026-06-20,Renan Santos,Renan Santos,1846,"Wikimedia REST API, pageviews per-article, all-access, agente user (coleta própria 1/9/2026)",https://pt.wikipedia.org/wiki/Renan_Santos,
2026-06-20,Romeu Zema,Romeu Zema,376,"Wikimedia REST API, pageviews per-article, all-access, agente user (coleta própria 1/9/2026)",https://pt.wikipedia.org/wiki/Romeu_Zema,
2026-06-20,Ronaldo Caiado,Ronaldo Caiado,847,"Wikimedia REST API, pageviews per-article, all-access, agente user (coleta própria 1/9/2026)",https://pt.wikipedia.org/wiki/Ronaldo_Caiado,
2026-06-20,Samara Martins,Samara Martins,298,"Wikimedia REST API, pageviews per-article, all-access, agente user (coleta própria 1/9/2026)",https://pt.wikipedia.org/wiki/Samara_Martins,
2026-06-21,Augusto Cury,Augusto Cury,281,"Wikimedia REST API, pageviews per-article, all-access, agente user (coleta própria 1/9/2026)",https://pt.wikipedia.org/wiki/Augusto_Cury,
2026-06-21,Flávio Bolsonaro,Flávio Bolsonaro,453,"Wikimedia REST API, pageviews per-article, all-access, agente user (coleta própria 1/9/2026)",https://pt.wikipedia.org/wiki/Flávio_Bolsonaro,
2026-06-21,Lula,Luiz Inácio Lula da Silva,1275,"Wikimedia REST API, pageviews per-article, all-access, agente user (coleta própria 1/9/2026)",https://pt.wikipedia.org/wiki/Luiz_Inácio_Lula_da_Silva,
2026-06-21,Pablo Marçal,Pablo Marçal,232,"Wikimedia REST API, pageviews per-article, all-access, agente user (coleta própria 1/9/2026)",https://pt.wikipedia.org/wiki/Pablo_Marçal,
2026-06-21,Renan Santos,Renan Santos,2066,"Wikimedia REST API, pageviews per-article, all-access, agente user (coleta própria 1/9/2026)",https://pt.wikipedia.org/wiki/Renan_Santos,
2026-06-21,Romeu Zema,Romeu Zema,280,"Wikimedia REST API, pageviews per-article, all-access, agente user (coleta própria 1/9/2026)",https://pt.wikipedia.org/wiki/Romeu_Zema,
2026-06-21,Ronaldo Caiado,Ronaldo Caiado,545,"Wikimedia REST API, pageviews per-article, all-access, agente user (coleta própria 1/9/2026)",https://pt.wikipedia.org/wiki/Ronaldo_Caiado,
2026-06-21,Samara Martins,Samara Martins,232,"Wikimedia REST API, pageviews per-article, all-access, agente user (coleta própria 1/9/2026)",https://pt.wikipedia.org/wiki/Samara_Martins,
2026-06-22,Augusto Cury,Augusto Cury,265,"Wikimedia REST API, pageviews per-article, all-access, agente user (coleta própria 1/9/2026)",https://pt.wikipedia.org/wiki/Augusto_Cury,
2026-06-22,Flávio Bolsonaro,Flávio Bolsonaro,579,"Wikimedia REST API, pageviews per-article, all-access, agente user (coleta própria 1/9/2026)",https://pt.wikipedia.org/wiki/Flávio_Bolsonaro,
2026-06-22,Lula,Luiz Inácio Lula da Silva,1395,"Wikimedia REST API, pageviews per-article, all-access, agente user (coleta própria 1/9/2026)",https://pt.wikipedia.org/wiki/Luiz_Inácio_Lula_da_Silva,
2026-06-22,Pablo Marçal,Pablo Marçal,188,"Wikimedia REST API, pageviews per-article, all-access, agente user (coleta própria 1/9/2026)",https://pt.wikipedia.org/wiki/Pablo_Marçal,
2026-06-22,Renan Santos,Renan Santos,2580,"Wikimedia REST API, pageviews per-article, all-access, agente user (coleta própria 1/9/2026)",https://pt.wikipedia.org/wiki/Renan_Santos,
2026-06-22,Romeu Zema,Romeu Zema,320,"Wikimedia REST API, pageviews per-article, all-access, agente user (coleta própria 1/9/2026)",https://pt.wikipedia.org/wiki/Romeu_Zema,
2026-06-22,Ronaldo Caiado,Ronaldo Caiado,405,"Wikimedia REST API, pageviews per-article, all-access, agente user (coleta própria 1/9/2026)",https://pt.wikipedia.org/wiki/Ronaldo_Caiado,
2026-06-22,Samara Martins,Samara Martins,397,"Wikimedia REST API, pageviews per-article, all-access, agente user (coleta própria 1/9/2026)",https://pt.wikipedia.org/wiki/Samara_Martins,
2026-06-23,Augusto Cury,Augusto Cury,262,"Wikimedia REST API, pageviews per-article, all-access, agente user (coleta própria 1/9/2026)",https://pt.wikipedia.org/wiki/Augusto_Cury,
2026-06-23,Flávio Bolsonaro,Flávio Bolsonaro,478,"Wikimedia REST API, pageviews per-article, all-access, agente user (coleta própria 1/9/2026)",https://pt.wikipedia.org/wiki/Flávio_Bolsonaro,
2026-06-23,Lula,Luiz Inácio Lula da Silva,1424,"Wikimedia REST API, pageviews per-article, all-access, agente user (coleta própria 1/9/2026)",https://pt.wikipedia.org/wiki/Luiz_Inácio_Lula_da_Silva,
2026-06-23,Pablo Marçal,Pablo Marçal,216,"Wikimedia REST API, pageviews per-article, all-access, agente user (coleta própria 1/9/2026)",https://pt.wikipedia.org/wiki/Pablo_Marçal,
2026-06-23,Renan Santos,Renan Santos,1898,"Wikimedia REST API, pageviews per-article, all-access, agente user (coleta própria 1/9/2026)",https://pt.wikipedia.org/wiki/Renan_Santos,
2026-06-23,Romeu Zema,Romeu Zema,495,"Wikimedia REST API, pageviews per-article, all-access, agente user (coleta própria 1/9/2026)",https://pt.wikipedia.org/wiki/Romeu_Zema,
2026-06-23,Ronaldo Caiado,Ronaldo Caiado,355,"Wikimedia REST API, pageviews per-article, all-access, agente user (coleta própria 1/9/2026)",https://pt.wikipedia.org/wiki/Ronaldo_Caiado,
2026-06-23,Samara Martins,Samara Martins,188,"Wikimedia REST API, pageviews per-article, all-access, agente user (coleta própria 1/9/2026)",https://pt.wikipedia.org/wiki/Samara_Martins,
2026-06-24,Augusto Cury,Augusto Cury,285,"Wikimedia REST API, pageviews per-article, all-access, agente user (coleta própria 1/9/2026)",https://pt.wikipedia.org/wiki/Augusto_Cury,
2026-06-24,Flávio Bolsonaro,Flávio Bolsonaro,738,"Wikimedia REST API, pageviews per-article, all-access, agente user (coleta própria 1/9/2026)",https://pt.wikipedia.org/wiki/Flávio_Bolsonaro,
2026-06-24,Lula,Luiz Inácio Lula da Silva,1273,"Wikimedia REST API, pageviews per-article, all-access, agente user (coleta própria 1/9/2026)",https://pt.wikipedia.org/wiki/Luiz_Inácio_Lula_da_Silva,
2026-06-24,Pablo Marçal,Pablo Marçal,215,"Wikimedia REST API, pageviews per-article, all-access, agente user (coleta própria 1/9/2026)",https://pt.wikipedia.org/wiki/Pablo_Marçal,
2026-06-24,Renan Santos,Renan Santos,2129,"Wikimedia REST API, pageviews per-article, all-access, agente user (coleta própria 1/9/2026)",https://pt.wikipedia.org/wiki/Renan_Santos,
2026-06-24,Romeu Zema,Romeu Zema,289,"Wikimedia REST API, pageviews per-article, all-access, agente user (coleta própria 1/9/2026)",https://pt.wikipedia.org/wiki/Romeu_Zema,
2026-06-24,Ronaldo Caiado,Ronaldo Caiado,349,"Wikimedia REST API, pageviews per-article, all-access, agente user (coleta própria 1/9/2026)",https://pt.wikipedia.org/wiki/Ronaldo_Caiado,
2026-06-24,Samara Martins,Samara Martins,235,"Wikimedia REST API, pageviews per-article, all-access, agente user (coleta própria 1/9/2026)",https://pt.wikipedia.org/wiki/Samara_Martins,
2026-06-25,Augusto Cury,Augusto Cury,312,"Wikimedia REST API, pageviews per-article, all-access, agente user (coleta própria 1/9/2026)",https://pt.wikipedia.org/wiki/Augusto_Cury,
2026-06-25,Flávio Bolsonaro,Flávio Bolsonaro,1870,"Wikimedia REST API, pageviews per-article, all-access, agente user (coleta própria 1/9/2026)",https://pt.wikipedia.org/wiki/Flávio_Bolsonaro,
2026-06-25,Lula,Luiz Inácio Lula da Silva,1435,"Wikimedia REST API, pageviews per-article, all-access, agente user (coleta própria 1/9/2026)",https://pt.wikipedia.org/wiki/Luiz_Inácio_Lula_da_Silva,
2026-06-25,Pablo Marçal,Pablo Marçal,205,"Wikimedia REST API, pageviews per-article, all-access, agente user (coleta própria 1/9/2026)",https://pt.wikipedia.org/wiki/Pablo_Marçal,
2026-06-25,Renan Santos,Renan Santos,2229,"Wikimedia REST API, pageviews per-article, all-access, agente user (coleta própria 1/9/2026)",https://pt.wikipedia.org/wiki/Renan_Santos,
2026-06-25,Romeu Zema,Romeu Zema,307,"Wikimedia REST API, pageviews per-article, all-access, agente user (coleta própria 1/9/2026)",https://pt.wikipedia.org/wiki/Romeu_Zema,
2026-06-25,Ronaldo Caiado,Ronaldo Caiado,487,"Wikimedia REST API, pageviews per-article, all-access, agente user (coleta própria 1/9/2026)",https://pt.wikipedia.org/wiki/Ronaldo_Caiado,
2026-06-25,Samara Martins,Samara Martins,234,"Wikimedia REST API, pageviews per-article, all-access, agente user (coleta própria 1/9/2026)",https://pt.wikipedia.org/wiki/Samara_Martins,
2026-06-26,Augusto Cury,Augusto Cury,320,"Wikimedia REST API, pageviews per-article, all-access, agente user (coleta própria 1/9/2026)",https://pt.wikipedia.org/wiki/Augusto_Cury,
2026-06-26,Flávio Bolsonaro,Flávio Bolsonaro,1012,"Wikimedia REST API, pageviews per-article, all-access, agente user (coleta própria 1/9/2026)",https://pt.wikipedia.org/wiki/Flávio_Bolsonaro,
2026-06-26,Lula,Luiz Inácio Lula da Silva,1334,"Wikimedia REST API, pageviews per-article, all-access, agente user (coleta própria 1/9/2026)",https://pt.wikipedia.org/wiki/Luiz_Inácio_Lula_da_Silva,
2026-06-26,Pablo Marçal,Pablo Marçal,613,"Wikimedia REST API, pageviews per-article, all-access, agente user (coleta própria 1/9/2026)",https://pt.wikipedia.org/wiki/Pablo_Marçal,
2026-06-26,Renan Santos,Renan Santos,2424,"Wikimedia REST API, pageviews per-article, all-access, agente user (coleta própria 1/9/2026)",https://pt.wikipedia.org/wiki/Renan_Santos,
2026-06-26,Romeu Zema,Romeu Zema,292,"Wikimedia REST API, pageviews per-article, all-access, agente user (coleta própria 1/9/2026)",https://pt.wikipedia.org/wiki/Romeu_Zema,
2026-06-26,Ronaldo Caiado,Ronaldo Caiado,446,"Wikimedia REST API, pageviews per-article, all-access, agente user (coleta própria 1/9/2026)",https://pt.wikipedia.org/wiki/Ronaldo_Caiado,
2026-06-26,Samara Martins,Samara Martins,240,"Wikimedia REST API, pageviews per-article, all-access, agente user (coleta própria 1/9/2026)",https://pt.wikipedia.org/wiki/Samara_Martins,
2026-06-27,Augusto Cury,Augusto Cury,309,"Wikimedia REST API, pageviews per-article, all-access, agente user (coleta própria 1/9/2026)",https://pt.wikipedia.org/wiki/Augusto_Cury,
2026-06-27,Flávio Bolsonaro,Flávio Bolsonaro,795,"Wikimedia REST API, pageviews per-article, all-access, agente user (coleta própria 1/9/2026)",https://pt.wikipedia.org/wiki/Flávio_Bolsonaro,
2026-06-27,Lula,Luiz Inácio Lula da Silva,1152,"Wikimedia REST API, pageviews per-article, all-access, agente user (coleta própria 1/9/2026)",https://pt.wikipedia.org/wiki/Luiz_Inácio_Lula_da_Silva,
2026-06-27,Pablo Marçal,Pablo Marçal,1265,"Wikimedia REST API, pageviews per-article, all-access, agente user (coleta própria 1/9/2026)",https://pt.wikipedia.org/wiki/Pablo_Marçal,
2026-06-27,Renan Santos,Renan Santos,1982,"Wikimedia REST API, pageviews per-article, all-access, agente user (coleta própria 1/9/2026)",https://pt.wikipedia.org/wiki/Renan_Santos,
2026-06-27,Romeu Zema,Romeu Zema,235,"Wikimedia REST API, pageviews per-article, all-access, agente user (coleta própria 1/9/2026)",https://pt.wikipedia.org/wiki/Romeu_Zema,
2026-06-27,Ronaldo Caiado,Ronaldo Caiado,435,"Wikimedia REST API, pageviews per-article, all-access, agente user (coleta própria 1/9/2026)",https://pt.wikipedia.org/wiki/Ronaldo_Caiado,
2026-06-27,Samara Martins,Samara Martins,202,"Wikimedia REST API, pageviews per-article, all-access, agente user (coleta própria 1/9/2026)",https://pt.wikipedia.org/wiki/Samara_Martins,
2026-06-28,Augusto Cury,Augusto Cury,277,"Wikimedia REST API, pageviews per-article, all-access, agente user (coleta própria 1/9/2026)",https://pt.wikipedia.org/wiki/Augusto_Cury,
2026-06-28,Flávio Bolsonaro,Flávio Bolsonaro,579,"Wikimedia REST API, pageviews per-article, all-access, agente user (coleta própria 1/9/2026)",https://pt.wikipedia.org/wiki/Flávio_Bolsonaro,
2026-06-28,Lula,Luiz Inácio Lula da Silva,1316,"Wikimedia REST API, pageviews per-article, all-access, agente user (coleta própria 1/9/2026)",https://pt.wikipedia.org/wiki/Luiz_Inácio_Lula_da_Silva,
2026-06-28,Pablo Marçal,Pablo Marçal,801,"Wikimedia REST API, pageviews per-article, all-access, agente user (coleta própria 1/9/2026)",https://pt.wikipedia.org/wiki/Pablo_Marçal,
2026-06-28,Renan Santos,Renan Santos,2005,"Wikimedia REST API, pageviews per-article, all-access, agente user (coleta própria 1/9/2026)",https://pt.wikipedia.org/wiki/Renan_Santos,
2026-06-28,Romeu Zema,Romeu Zema,275,"Wikimedia REST API, pageviews per-article, all-access, agente user (coleta própria 1/9/2026)",https://pt.wikipedia.org/wiki/Romeu_Zema,
2026-06-28,Ronaldo Caiado,Ronaldo Caiado,421,"Wikimedia REST API, pageviews per-article, all-access, agente user (coleta própria 1/9/2026)",https://pt.wikipedia.org/wiki/Ronaldo_Caiado,
2026-06-28,Samara Martins,Samara Martins,193,"Wikimedia REST API, pageviews per-article, all-access, agente user (coleta própria 1/9/2026)",https://pt.wikipedia.org/wiki/Samara_Martins,
2026-06-29,Augusto Cury,Augusto Cury,238,"Wikimedia REST API, pageviews per-article, all-access, agente user (coleta própria 1/9/2026)",https://pt.wikipedia.org/wiki/Augusto_Cury,
2026-06-29,Flávio Bolsonaro,Flávio Bolsonaro,552,"Wikimedia REST API, pageviews per-article, all-access, agente user (coleta própria 1/9/2026)",https://pt.wikipedia.org/wiki/Flávio_Bolsonaro,
2026-06-29,Lula,Luiz Inácio Lula da Silva,1196,"Wikimedia REST API, pageviews per-article, all-access, agente user (coleta própria 1/9/2026)",https://pt.wikipedia.org/wiki/Luiz_Inácio_Lula_da_Silva,
2026-06-29,Pablo Marçal,Pablo Marçal,512,"Wikimedia REST API, pageviews per-article, all-access, agente user (coleta própria 1/9/2026)",https://pt.wikipedia.org/wiki/Pablo_Marçal,
2026-06-29,Renan Santos,Renan Santos,2123,"Wikimedia REST API, pageviews per-article, all-access, agente user (coleta própria 1/9/2026)",https://pt.wikipedia.org/wiki/Renan_Santos,
2026-06-29,Romeu Zema,Romeu Zema,242,"Wikimedia REST API, pageviews per-article, all-access, agente user (coleta própria 1/9/2026)",https://pt.wikipedia.org/wiki/Romeu_Zema,
2026-06-29,Ronaldo Caiado,Ronaldo Caiado,331,"Wikimedia REST API, pageviews per-article, all-access, agente user (coleta própria 1/9/2026)",https://pt.wikipedia.org/wiki/Ronaldo_Caiado,
2026-06-29,Samara Martins,Samara Martins,177,"Wikimedia REST API, pageviews per-article, all-access, agente user (coleta própria 1/9/2026)",https://pt.wikipedia.org/wiki/Samara_Martins,
2026-06-30,Augusto Cury,Augusto Cury,276,"Wikimedia REST API, pageviews per-article, all-access, agente user (coleta própria 1/9/2026)",https://pt.wikipedia.org/wiki/Augusto_Cury,
2026-06-30,Flávio Bolsonaro,Flávio Bolsonaro,533,"Wikimedia REST API, pageviews per-article, all-access, agente user (coleta própria 1/9/2026)",https://pt.wikipedia.org/wiki/Flávio_Bolsonaro,
2026-06-30,Lula,Luiz Inácio Lula da Silva,1219,"Wikimedia REST API, pageviews per-article, all-access, agente user (coleta própria 1/9/2026)",https://pt.wikipedia.org/wiki/Luiz_Inácio_Lula_da_Silva,
2026-06-30,Pablo Marçal,Pablo Marçal,370,"Wikimedia REST API, pageviews per-article, all-access, agente user (coleta própria 1/9/2026)",https://pt.wikipedia.org/wiki/Pablo_Marçal,
2026-06-30,Renan Santos,Renan Santos,2700,"Wikimedia REST API, pageviews per-article, all-access, agente user (coleta própria 1/9/2026)",https://pt.wikipedia.org/wiki/Renan_Santos,
2026-06-30,Romeu Zema,Romeu Zema,225,"Wikimedia REST API, pageviews per-article, all-access, agente user (coleta própria 1/9/2026)",https://pt.wikipedia.org/wiki/Romeu_Zema,
2026-06-30,Ronaldo Caiado,Ronaldo Caiado,627,"Wikimedia REST API, pageviews per-article, all-access, agente user (coleta própria 1/9/2026)",https://pt.wikipedia.org/wiki/Ronaldo_Caiado,
2026-06-30,Samara Martins,Samara Martins,174,"Wikimedia REST API, pageviews per-article, all-access, agente user (coleta própria 1/9/2026)",https://pt.wikipedia.org/wiki/Samara_Martins,
2026-07-01,Augusto Cury,Augusto Cury,242,"Wikimedia REST API, pageviews per-article, all-access, agente user (coleta própria 1/9/2026)",https://pt.wikipedia.org/wiki/Augusto_Cury,
2026-07-01,Flávio Bolsonaro,Flávio Bolsonaro,694,"Wikimedia REST API, pageviews per-article, all-access, agente user (coleta própria 1/9/2026)",https://pt.wikipedia.org/wiki/Flávio_Bolsonaro,
2026-07-01,Lula,Luiz Inácio Lula da Silva,1321,"Wikimedia REST API, pageviews per-article, all-access, agente user (coleta própria 1/9/2026)",https://pt.wikipedia.org/wiki/Luiz_Inácio_Lula_da_Silva,
2026-07-01,Pablo Marçal,Pablo Marçal,325,"Wikimedia REST API, pageviews per-article, all-access, agente user (coleta própria 1/9/2026)",https://pt.wikipedia.org/wiki/Pablo_Marçal,
2026-07-01,Renan Santos,Renan Santos,2978,"Wikimedia REST API, pageviews per-article, all-access, agente user (coleta própria 1/9/2026)",https://pt.wikipedia.org/wiki/Renan_Santos,
2026-07-01,Romeu Zema,Romeu Zema,255,"Wikimedia REST API, pageviews per-article, all-access, agente user (coleta própria 1/9/2026)",https://pt.wikipedia.org/wiki/Romeu_Zema,
2026-07-01,Ronaldo Caiado,Ronaldo Caiado,786,"Wikimedia REST API, pageviews per-article, all-access, agente user (coleta própria 1/9/2026)",https://pt.wikipedia.org/wiki/Ronaldo_Caiado,
2026-07-01,Samara Martins,Samara Martins,190,"Wikimedia REST API, pageviews per-article, all-access, agente user (coleta própria 1/9/2026)",https://pt.wikipedia.org/wiki/Samara_Martins,
2026-07-02,Augusto Cury,Augusto Cury,281,"Wikimedia REST API, pageviews per-article, all-access, agente user (coleta própria 1/9/2026)",https://pt.wikipedia.org/wiki/Augusto_Cury,
2026-07-02,Flávio Bolsonaro,Flávio Bolsonaro,702,"Wikimedia REST API, pageviews per-article, all-access, agente user (coleta própria 1/9/2026)",https://pt.wikipedia.org/wiki/Flávio_Bolsonaro,
2026-07-02,Lula,Luiz Inácio Lula da Silva,1110,"Wikimedia REST API, pageviews per-article, all-access, agente user (coleta própria 1/9/2026)",https://pt.wikipedia.org/wiki/Luiz_Inácio_Lula_da_Silva,
2026-07-02,Pablo Marçal,Pablo Marçal,284,"Wikimedia REST API, pageviews per-article, all-access, agente user (coleta própria 1/9/2026)",https://pt.wikipedia.org/wiki/Pablo_Marçal,
2026-07-02,Renan Santos,Renan Santos,3547,"Wikimedia REST API, pageviews per-article, all-access, agente user (coleta própria 1/9/2026)",https://pt.wikipedia.org/wiki/Renan_Santos,
2026-07-02,Romeu Zema,Romeu Zema,245,"Wikimedia REST API, pageviews per-article, all-access, agente user (coleta própria 1/9/2026)",https://pt.wikipedia.org/wiki/Romeu_Zema,
2026-07-02,Ronaldo Caiado,Ronaldo Caiado,553,"Wikimedia REST API, pageviews per-article, all-access, agente user (coleta própria 1/9/2026)",https://pt.wikipedia.org/wiki/Ronaldo_Caiado,
2026-07-02,Samara Martins,Samara Martins,274,"Wikimedia REST API, pageviews per-article, all-access, agente user (coleta própria 1/9/2026)",https://pt.wikipedia.org/wiki/Samara_Martins,
2026-07-03,Augusto Cury,Augusto Cury,293,"Wikimedia REST API, pageviews per-article, all-access, agente user (coleta própria 1/9/2026)",https://pt.wikipedia.org/wiki/Augusto_Cury,
2026-07-03,Flávio Bolsonaro,Flávio Bolsonaro,480,"Wikimedia REST API, pageviews per-article, all-access, agente user (coleta própria 1/9/2026)",https://pt.wikipedia.org/wiki/Flávio_Bolsonaro,
2026-07-03,Lula,Luiz Inácio Lula da Silva,1198,"Wikimedia REST API, pageviews per-article, all-access, agente user (coleta própria 1/9/2026)",https://pt.wikipedia.org/wiki/Luiz_Inácio_Lula_da_Silva,
2026-07-03,Pablo Marçal,Pablo Marçal,249,"Wikimedia REST API, pageviews per-article, all-access, agente user (coleta própria 1/9/2026)",https://pt.wikipedia.org/wiki/Pablo_Marçal,
2026-07-03,Renan Santos,Renan Santos,2330,"Wikimedia REST API, pageviews per-article, all-access, agente user (coleta própria 1/9/2026)",https://pt.wikipedia.org/wiki/Renan_Santos,
2026-07-03,Romeu Zema,Romeu Zema,241,"Wikimedia REST API, pageviews per-article, all-access, agente user (coleta própria 1/9/2026)",https://pt.wikipedia.org/wiki/Romeu_Zema,
2026-07-03,Ronaldo Caiado,Ronaldo Caiado,404,"Wikimedia REST API, pageviews per-article, all-access, agente user (coleta própria 1/9/2026)",https://pt.wikipedia.org/wiki/Ronaldo_Caiado,
2026-07-03,Samara Martins,Samara Martins,171,"Wikimedia REST API, pageviews per-article, all-access, agente user (coleta própria 1/9/2026)",https://pt.wikipedia.org/wiki/Samara_Martins,
2026-07-04,Augusto Cury,Augusto Cury,284,"Wikimedia REST API, pageviews per-article, all-access, agente user (coleta própria 1/9/2026)",https://pt.wikipedia.org/wiki/Augusto_Cury,
2026-07-04,Flávio Bolsonaro,Flávio Bolsonaro,432,"Wikimedia REST API, pageviews per-article, all-access, agente user (coleta própria 1/9/2026)",https://pt.wikipedia.org/wiki/Flávio_Bolsonaro,
2026-07-04,Lula,Luiz Inácio Lula da Silva,1200,"Wikimedia REST API, pageviews per-article, all-access, agente user (coleta própria 1/9/2026)",https://pt.wikipedia.org/wiki/Luiz_Inácio_Lula_da_Silva,
2026-07-04,Pablo Marçal,Pablo Marçal,235,"Wikimedia REST API, pageviews per-article, all-access, agente user (coleta própria 1/9/2026)",https://pt.wikipedia.org/wiki/Pablo_Marçal,
2026-07-04,Renan Santos,Renan Santos,1930,"Wikimedia REST API, pageviews per-article, all-access, agente user (coleta própria 1/9/2026)",https://pt.wikipedia.org/wiki/Renan_Santos,
2026-07-04,Romeu Zema,Romeu Zema,218,"Wikimedia REST API, pageviews per-article, all-access, agente user (coleta própria 1/9/2026)",https://pt.wikipedia.org/wiki/Romeu_Zema,
2026-07-04,Ronaldo Caiado,Ronaldo Caiado,308,"Wikimedia REST API, pageviews per-article, all-access, agente user (coleta própria 1/9/2026)",https://pt.wikipedia.org/wiki/Ronaldo_Caiado,
2026-07-04,Samara Martins,Samara Martins,213,"Wikimedia REST API, pageviews per-article, all-access, agente user (coleta própria 1/9/2026)",https://pt.wikipedia.org/wiki/Samara_Martins,
2026-07-05,Augusto Cury,Augusto Cury,307,"Wikimedia REST API, pageviews per-article, all-access, agente user (coleta própria 1/9/2026)",https://pt.wikipedia.org/wiki/Augusto_Cury,
2026-07-05,Flávio Bolsonaro,Flávio Bolsonaro,457,"Wikimedia REST API, pageviews per-article, all-access, agente user (coleta própria 1/9/2026)",https://pt.wikipedia.org/wiki/Flávio_Bolsonaro,
2026-07-05,Lula,Luiz Inácio Lula da Silva,1361,"Wikimedia REST API, pageviews per-article, all-access, agente user (coleta própria 1/9/2026)",https://pt.wikipedia.org/wiki/Luiz_Inácio_Lula_da_Silva,
2026-07-05,Pablo Marçal,Pablo Marçal,257,"Wikimedia REST API, pageviews per-article, all-access, agente user (coleta própria 1/9/2026)",https://pt.wikipedia.org/wiki/Pablo_Marçal,
2026-07-05,Renan Santos,Renan Santos,1973,"Wikimedia REST API, pageviews per-article, all-access, agente user (coleta própria 1/9/2026)",https://pt.wikipedia.org/wiki/Renan_Santos,
2026-07-05,Romeu Zema,Romeu Zema,273,"Wikimedia REST API, pageviews per-article, all-access, agente user (coleta própria 1/9/2026)",https://pt.wikipedia.org/wiki/Romeu_Zema,
2026-07-05,Ronaldo Caiado,Ronaldo Caiado,346,"Wikimedia REST API, pageviews per-article, all-access, agente user (coleta própria 1/9/2026)",https://pt.wikipedia.org/wiki/Ronaldo_Caiado,
2026-07-05,Samara Martins,Samara Martins,190,"Wikimedia REST API, pageviews per-article, all-access, agente user (coleta própria 1/9/2026)",https://pt.wikipedia.org/wiki/Samara_Martins,
2026-07-06,Augusto Cury,Augusto Cury,306,"Wikimedia REST API, pageviews per-article, all-access, agente user (coleta própria 1/9/2026)",https://pt.wikipedia.org/wiki/Augusto_Cury,
2026-07-06,Flávio Bolsonaro,Flávio Bolsonaro,520,"Wikimedia REST API, pageviews per-article, all-access, agente user (coleta própria 1/9/2026)",https://pt.wikipedia.org/wiki/Flávio_Bolsonaro,
2026-07-06,Lula,Luiz Inácio Lula da Silva,1693,"Wikimedia REST API, pageviews per-article, all-access, agente user (coleta própria 1/9/2026)",https://pt.wikipedia.org/wiki/Luiz_Inácio_Lula_da_Silva,
2026-07-06,Pablo Marçal,Pablo Marçal,222,"Wikimedia REST API, pageviews per-article, all-access, agente user (coleta própria 1/9/2026)",https://pt.wikipedia.org/wiki/Pablo_Marçal,
2026-07-06,Renan Santos,Renan Santos,2854,"Wikimedia REST API, pageviews per-article, all-access, agente user (coleta própria 1/9/2026)",https://pt.wikipedia.org/wiki/Renan_Santos,
2026-07-06,Romeu Zema,Romeu Zema,289,"Wikimedia REST API, pageviews per-article, all-access, agente user (coleta própria 1/9/2026)",https://pt.wikipedia.org/wiki/Romeu_Zema,
2026-07-06,Ronaldo Caiado,Ronaldo Caiado,455,"Wikimedia REST API, pageviews per-article, all-access, agente user (coleta própria 1/9/2026)",https://pt.wikipedia.org/wiki/Ronaldo_Caiado,
2026-07-06,Samara Martins,Samara Martins,380,"Wikimedia REST API, pageviews per-article, all-access, agente user (coleta própria 1/9/2026)",https://pt.wikipedia.org/wiki/Samara_Martins,
2026-07-07,Augusto Cury,Augusto Cury,300,"Wikimedia REST API, pageviews per-article, all-access, agente user (coleta própria 1/9/2026)",https://pt.wikipedia.org/wiki/Augusto_Cury,
2026-07-07,Flávio Bolsonaro,Flávio Bolsonaro,536,"Wikimedia REST API, pageviews per-article, all-access, agente user (coleta própria 1/9/2026)",https://pt.wikipedia.org/wiki/Flávio_Bolsonaro,
2026-07-07,Lula,Luiz Inácio Lula da Silva,1348,"Wikimedia REST API, pageviews per-article, all-access, agente user (coleta própria 1/9/2026)",https://pt.wikipedia.org/wiki/Luiz_Inácio_Lula_da_Silva,
2026-07-07,Pablo Marçal,Pablo Marçal,229,"Wikimedia REST API, pageviews per-article, all-access, agente user (coleta própria 1/9/2026)",https://pt.wikipedia.org/wiki/Pablo_Marçal,
2026-07-07,Renan Santos,Renan Santos,2107,"Wikimedia REST API, pageviews per-article, all-access, agente user (coleta própria 1/9/2026)",https://pt.wikipedia.org/wiki/Renan_Santos,
2026-07-07,Romeu Zema,Romeu Zema,322,"Wikimedia REST API, pageviews per-article, all-access, agente user (coleta própria 1/9/2026)",https://pt.wikipedia.org/wiki/Romeu_Zema,
2026-07-07,Ronaldo Caiado,Ronaldo Caiado,407,"Wikimedia REST API, pageviews per-article, all-access, agente user (coleta própria 1/9/2026)",https://pt.wikipedia.org/wiki/Ronaldo_Caiado,
2026-07-07,Samara Martins,Samara Martins,277,"Wikimedia REST API, pageviews per-article, all-access, agente user (coleta própria 1/9/2026)",https://pt.wikipedia.org/wiki/Samara_Martins,
2026-07-08,Augusto Cury,Augusto Cury,384,"Wikimedia REST API, pageviews per-article, all-access, agente user (coleta própria 1/9/2026)",https://pt.wikipedia.org/wiki/Augusto_Cury,
2026-07-08,Flávio Bolsonaro,Flávio Bolsonaro,608,"Wikimedia REST API, pageviews per-article, all-access, agente user (coleta própria 1/9/2026)",https://pt.wikipedia.org/wiki/Flávio_Bolsonaro,
2026-07-08,Lula,Luiz Inácio Lula da Silva,1391,"Wikimedia REST API, pageviews per-article, all-access, agente user (coleta própria 1/9/2026)",https://pt.wikipedia.org/wiki/Luiz_Inácio_Lula_da_Silva,
2026-07-08,Pablo Marçal,Pablo Marçal,247,"Wikimedia REST API, pageviews per-article, all-access, agente user (coleta própria 1/9/2026)",https://pt.wikipedia.org/wiki/Pablo_Marçal,
2026-07-08,Renan Santos,Renan Santos,2070,"Wikimedia REST API, pageviews per-article, all-access, agente user (coleta própria 1/9/2026)",https://pt.wikipedia.org/wiki/Renan_Santos,
2026-07-08,Romeu Zema,Romeu Zema,397,"Wikimedia REST API, pageviews per-article, all-access, agente user (coleta própria 1/9/2026)",https://pt.wikipedia.org/wiki/Romeu_Zema,
2026-07-08,Ronaldo Caiado,Ronaldo Caiado,559,"Wikimedia REST API, pageviews per-article, all-access, agente user (coleta própria 1/9/2026)",https://pt.wikipedia.org/wiki/Ronaldo_Caiado,
2026-07-08,Samara Martins,Samara Martins,307,"Wikimedia REST API, pageviews per-article, all-access, agente user (coleta própria 1/9/2026)",https://pt.wikipedia.org/wiki/Samara_Martins,
2026-07-09,Augusto Cury,Augusto Cury,354,"Wikimedia REST API, pageviews per-article, all-access, agente user (coleta própria 1/9/2026)",https://pt.wikipedia.org/wiki/Augusto_Cury,
2026-07-09,Flávio Bolsonaro,Flávio Bolsonaro,520,"Wikimedia REST API, pageviews per-article, all-access, agente user (coleta própria 1/9/2026)",https://pt.wikipedia.org/wiki/Flávio_Bolsonaro,
2026-07-09,Lula,Luiz Inácio Lula da Silva,1407,"Wikimedia REST API, pageviews per-article, all-access, agente user (coleta própria 1/9/2026)",https://pt.wikipedia.org/wiki/Luiz_Inácio_Lula_da_Silva,
2026-07-09,Pablo Marçal,Pablo Marçal,228,"Wikimedia REST API, pageviews per-article, all-access, agente user (coleta própria 1/9/2026)",https://pt.wikipedia.org/wiki/Pablo_Marçal,
2026-07-09,Renan Santos,Renan Santos,2141,"Wikimedia REST API, pageviews per-article, all-access, agente user (coleta própria 1/9/2026)",https://pt.wikipedia.org/wiki/Renan_Santos,
2026-07-09,Romeu Zema,Romeu Zema,371,"Wikimedia REST API, pageviews per-article, all-access, agente user (coleta própria 1/9/2026)",https://pt.wikipedia.org/wiki/Romeu_Zema,
2026-07-09,Ronaldo Caiado,Ronaldo Caiado,540,"Wikimedia REST API, pageviews per-article, all-access, agente user (coleta própria 1/9/2026)",https://pt.wikipedia.org/wiki/Ronaldo_Caiado,
2026-07-09,Samara Martins,Samara Martins,260,"Wikimedia REST API, pageviews per-article, all-access, agente user (coleta própria 1/9/2026)",https://pt.wikipedia.org/wiki/Samara_Martins,
2026-07-10,Augusto Cury,Augusto Cury,337,"Wikimedia REST API, pageviews per-article, all-access, agente user (coleta própria 1/9/2026)",https://pt.wikipedia.org/wiki/Augusto_Cury,
2026-07-10,Flávio Bolsonaro,Flávio Bolsonaro,571,"Wikimedia REST API, pageviews per-article, all-access, agente user (coleta própria 1/9/2026)",https://pt.wikipedia.org/wiki/Flávio_Bolsonaro,
2026-07-10,Lula,Luiz Inácio Lula da Silva,1179,"Wikimedia REST API, pageviews per-article, all-access, agente user (coleta própria 1/9/2026)",https://pt.wikipedia.org/wiki/Luiz_Inácio_Lula_da_Silva,
2026-07-10,Pablo Marçal,Pablo Marçal,205,"Wikimedia REST API, pageviews per-article, all-access, agente user (coleta própria 1/9/2026)",https://pt.wikipedia.org/wiki/Pablo_Marçal,
2026-07-10,Renan Santos,Renan Santos,2195,"Wikimedia REST API, pageviews per-article, all-access, agente user (coleta própria 1/9/2026)",https://pt.wikipedia.org/wiki/Renan_Santos,
2026-07-10,Romeu Zema,Romeu Zema,324,"Wikimedia REST API, pageviews per-article, all-access, agente user (coleta própria 1/9/2026)",https://pt.wikipedia.org/wiki/Romeu_Zema,
2026-07-10,Ronaldo Caiado,Ronaldo Caiado,473,"Wikimedia REST API, pageviews per-article, all-access, agente user (coleta própria 1/9/2026)",https://pt.wikipedia.org/wiki/Ronaldo_Caiado,
2026-07-10,Samara Martins,Samara Martins,246,"Wikimedia REST API, pageviews per-article, all-access, agente user (coleta própria 1/9/2026)",https://pt.wikipedia.org/wiki/Samara_Martins,
2026-07-11,Augusto Cury,Augusto Cury,236,"Wikimedia REST API, pageviews per-article, all-access, agente user (coleta própria 1/9/2026)",https://pt.wikipedia.org/wiki/Augusto_Cury,
2026-07-11,Flávio Bolsonaro,Flávio Bolsonaro,597,"Wikimedia REST API, pageviews per-article, all-access, agente user (coleta própria 1/9/2026)",https://pt.wikipedia.org/wiki/Flávio_Bolsonaro,
2026-07-11,Lula,Luiz Inácio Lula da Silva,1212,"Wikimedia REST API, pageviews per-article, all-access, agente user (coleta própria 1/9/2026)",https://pt.wikipedia.org/wiki/Luiz_Inácio_Lula_da_Silva,
2026-07-11,Pablo Marçal,Pablo Marçal,198,"Wikimedia REST API, pageviews per-article, all-access, agente user (coleta própria 1/9/2026)",https://pt.wikipedia.org/wiki/Pablo_Marçal,
2026-07-11,Renan Santos,Renan Santos,1855,"Wikimedia REST API, pageviews per-article, all-access, agente user (coleta própria 1/9/2026)",https://pt.wikipedia.org/wiki/Renan_Santos,
2026-07-11,Romeu Zema,Romeu Zema,246,"Wikimedia REST API, pageviews per-article, all-access, agente user (coleta própria 1/9/2026)",https://pt.wikipedia.org/wiki/Romeu_Zema,
2026-07-11,Ronaldo Caiado,Ronaldo Caiado,344,"Wikimedia REST API, pageviews per-article, all-access, agente user (coleta própria 1/9/2026)",https://pt.wikipedia.org/wiki/Ronaldo_Caiado,
2026-07-11,Samara Martins,Samara Martins,197,"Wikimedia REST API, pageviews per-article, all-access, agente user (coleta própria 1/9/2026)",https://pt.wikipedia.org/wiki/Samara_Martins,
2026-07-12,Augusto Cury,Augusto Cury,252,"Wikimedia REST API, pageviews per-article, all-access, agente user (coleta própria 1/9/2026)",https://pt.wikipedia.org/wiki/Augusto_Cury,
2026-07-12,Flávio Bolsonaro,Flávio Bolsonaro,530,"Wikimedia REST API, pageviews per-article, all-access, agente user (coleta própria 1/9/2026)",https://pt.wikipedia.org/wiki/Flávio_Bolsonaro,
2026-07-12,Lula,Luiz Inácio Lula da Silva,1339,"Wikimedia REST API, pageviews per-article, all-access, agente user (coleta própria 1/9/2026)",https://pt.wikipedia.org/wiki/Luiz_Inácio_Lula_da_Silva,
2026-07-12,Pablo Marçal,Pablo Marçal,234,"Wikimedia REST API, pageviews per-article, all-access, agente user (coleta própria 1/9/2026)",https://pt.wikipedia.org/wiki/Pablo_Marçal,
2026-07-12,Renan Santos,Renan Santos,1866,"Wikimedia REST API, pageviews per-article, all-access, agente user (coleta própria 1/9/2026)",https://pt.wikipedia.org/wiki/Renan_Santos,
2026-07-12,Romeu Zema,Romeu Zema,251,"Wikimedia REST API, pageviews per-article, all-access, agente user (coleta própria 1/9/2026)",https://pt.wikipedia.org/wiki/Romeu_Zema,
2026-07-12,Ronaldo Caiado,Ronaldo Caiado,432,"Wikimedia REST API, pageviews per-article, all-access, agente user (coleta própria 1/9/2026)",https://pt.wikipedia.org/wiki/Ronaldo_Caiado,
2026-07-12,Samara Martins,Samara Martins,184,"Wikimedia REST API, pageviews per-article, all-access, agente user (coleta própria 1/9/2026)",https://pt.wikipedia.org/wiki/Samara_Martins,
2026-07-13,Augusto Cury,Augusto Cury,329,"Wikimedia REST API, pageviews per-article, all-access, agente user (coleta própria 1/9/2026)",https://pt.wikipedia.org/wiki/Augusto_Cury,
2026-07-13,Flávio Bolsonaro,Flávio Bolsonaro,694,"Wikimedia REST API, pageviews per-article, all-access, agente user (coleta própria 1/9/2026)",https://pt.wikipedia.org/wiki/Flávio_Bolsonaro,
2026-07-13,Lula,Luiz Inácio Lula da Silva,1504,"Wikimedia REST API, pageviews per-article, all-access, agente user (coleta própria 1/9/2026)",https://pt.wikipedia.org/wiki/Luiz_Inácio_Lula_da_Silva,
2026-07-13,Pablo Marçal,Pablo Marçal,235,"Wikimedia REST API, pageviews per-article, all-access, agente user (coleta própria 1/9/2026)",https://pt.wikipedia.org/wiki/Pablo_Marçal,
2026-07-13,Renan Santos,Renan Santos,2381,"Wikimedia REST API, pageviews per-article, all-access, agente user (coleta própria 1/9/2026)",https://pt.wikipedia.org/wiki/Renan_Santos,
2026-07-13,Romeu Zema,Romeu Zema,345,"Wikimedia REST API, pageviews per-article, all-access, agente user (coleta própria 1/9/2026)",https://pt.wikipedia.org/wiki/Romeu_Zema,
2026-07-13,Ronaldo Caiado,Ronaldo Caiado,530,"Wikimedia REST API, pageviews per-article, all-access, agente user (coleta própria 1/9/2026)",https://pt.wikipedia.org/wiki/Ronaldo_Caiado,
2026-07-13,Samara Martins,Samara Martins,215,"Wikimedia REST API, pageviews per-article, all-access, agente user (coleta própria 1/9/2026)",https://pt.wikipedia.org/wiki/Samara_Martins,
2026-07-14,Augusto Cury,Augusto Cury,308,"Wikimedia REST API, pageviews per-article, all-access, agente user (coleta própria 1/9/2026)",https://pt.wikipedia.org/wiki/Augusto_Cury,
2026-07-14,Flávio Bolsonaro,Flávio Bolsonaro,957,"Wikimedia REST API, pageviews per-article, all-access, agente user (coleta própria 1/9/2026)",https://pt.wikipedia.org/wiki/Flávio_Bolsonaro,
2026-07-14,Lula,Luiz Inácio Lula da Silva,1467,"Wikimedia REST API, pageviews per-article, all-access, agente user (coleta própria 1/9/2026)",https://pt.wikipedia.org/wiki/Luiz_Inácio_Lula_da_Silva,
2026-07-14,Pablo Marçal,Pablo Marçal,254,"Wikimedia REST API, pageviews per-article, all-access, agente user (coleta própria 1/9/2026)",https://pt.wikipedia.org/wiki/Pablo_Marçal,
2026-07-14,Renan Santos,Renan Santos,2462,"Wikimedia REST API, pageviews per-article, all-access, agente user (coleta própria 1/9/2026)",https://pt.wikipedia.org/wiki/Renan_Santos,
2026-07-14,Romeu Zema,Romeu Zema,307,"Wikimedia REST API, pageviews per-article, all-access, agente user (coleta própria 1/9/2026)",https://pt.wikipedia.org/wiki/Romeu_Zema,
2026-07-14,Ronaldo Caiado,Ronaldo Caiado,459,"Wikimedia REST API, pageviews per-article, all-access, agente user (coleta própria 1/9/2026)",https://pt.wikipedia.org/wiki/Ronaldo_Caiado,
2026-07-14,Samara Martins,Samara Martins,241,"Wikimedia REST API, pageviews per-article, all-access, agente user (coleta própria 1/9/2026)",https://pt.wikipedia.org/wiki/Samara_Martins,
2026-07-15,Augusto Cury,Augusto Cury,400,"Wikimedia REST API, pageviews per-article, all-access, agente user (coleta própria 1/9/2026)",https://pt.wikipedia.org/wiki/Augusto_Cury,
2026-07-15,Flávio Bolsonaro,Flávio Bolsonaro,959,"Wikimedia REST API, pageviews per-article, all-access, agente user (coleta própria 1/9/2026)",https://pt.wikipedia.org/wiki/Flávio_Bolsonaro,
2026-07-15,Lula,Luiz Inácio Lula da Silva,1485,"Wikimedia REST API, pageviews per-article, all-access, agente user (coleta própria 1/9/2026)",https://pt.wikipedia.org/wiki/Luiz_Inácio_Lula_da_Silva,
2026-07-15,Pablo Marçal,Pablo Marçal,242,"Wikimedia REST API, pageviews per-article, all-access, agente user (coleta própria 1/9/2026)",https://pt.wikipedia.org/wiki/Pablo_Marçal,
2026-07-15,Renan Santos,Renan Santos,4093,"Wikimedia REST API, pageviews per-article, all-access, agente user (coleta própria 1/9/2026)",https://pt.wikipedia.org/wiki/Renan_Santos,
2026-07-15,Romeu Zema,Romeu Zema,528,"Wikimedia REST API, pageviews per-article, all-access, agente user (coleta própria 1/9/2026)",https://pt.wikipedia.org/wiki/Romeu_Zema,
2026-07-15,Ronaldo Caiado,Ronaldo Caiado,814,"Wikimedia REST API, pageviews per-article, all-access, agente user (coleta própria 1/9/2026)",https://pt.wikipedia.org/wiki/Ronaldo_Caiado,
2026-07-15,Samara Martins,Samara Martins,315,"Wikimedia REST API, pageviews per-article, all-access, agente user (coleta própria 1/9/2026)",https://pt.wikipedia.org/wiki/Samara_Martins,
2026-07-16,Augusto Cury,Augusto Cury,359,"Wikimedia REST API, pageviews per-article, all-access, agente user (coleta própria 1/9/2026)",https://pt.wikipedia.org/wiki/Augusto_Cury,
2026-07-16,Flávio Bolsonaro,Flávio Bolsonaro,866,"Wikimedia REST API, pageviews per-article, all-access, agente user (coleta própria 1/9/2026)",https://pt.wikipedia.org/wiki/Flávio_Bolsonaro,
2026-07-16,Lula,Luiz Inácio Lula da Silva,1475,"Wikimedia REST API, pageviews per-article, all-access, agente user (coleta própria 1/9/2026)",https://pt.wikipedia.org/wiki/Luiz_Inácio_Lula_da_Silva,
2026-07-16,Pablo Marçal,Pablo Marçal,200,"Wikimedia REST API, pageviews per-article, all-access, agente user (coleta própria 1/9/2026)",https://pt.wikipedia.org/wiki/Pablo_Marçal,
2026-07-16,Renan Santos,Renan Santos,3225,"Wikimedia REST API, pageviews per-article, all-access, agente user (coleta própria 1/9/2026)",https://pt.wikipedia.org/wiki/Renan_Santos,
2026-07-16,Romeu Zema,Romeu Zema,425,"Wikimedia REST API, pageviews per-article, all-access, agente user (coleta própria 1/9/2026)",https://pt.wikipedia.org/wiki/Romeu_Zema,
2026-07-16,Ronaldo Caiado,Ronaldo Caiado,734,"Wikimedia REST API, pageviews per-article, all-access, agente user (coleta própria 1/9/2026)",https://pt.wikipedia.org/wiki/Ronaldo_Caiado,
2026-07-16,Samara Martins,Samara Martins,304,"Wikimedia REST API, pageviews per-article, all-access, agente user (coleta própria 1/9/2026)",https://pt.wikipedia.org/wiki/Samara_Martins,
2026-07-17,Augusto Cury,Augusto Cury,345,"Wikimedia REST API, pageviews per-article, all-access, agente user (coleta própria 1/9/2026)",https://pt.wikipedia.org/wiki/Augusto_Cury,
2026-07-17,Flávio Bolsonaro,Flávio Bolsonaro,757,"Wikimedia REST API, pageviews per-article, all-access, agente user (coleta própria 1/9/2026)",https://pt.wikipedia.org/wiki/Flávio_Bolsonaro,
2026-07-17,Lula,Luiz Inácio Lula da Silva,1496,"Wikimedia REST API, pageviews per-article, all-access, agente user (coleta própria 1/9/2026)",https://pt.wikipedia.org/wiki/Luiz_Inácio_Lula_da_Silva,
2026-07-17,Pablo Marçal,Pablo Marçal,257,"Wikimedia REST API, pageviews per-article, all-access, agente user (coleta própria 1/9/2026)",https://pt.wikipedia.org/wiki/Pablo_Marçal,
2026-07-17,Renan Santos,Renan Santos,2609,"Wikimedia REST API, pageviews per-article, all-access, agente user (coleta própria 1/9/2026)",https://pt.wikipedia.org/wiki/Renan_Santos,
2026-07-17,Romeu Zema,Romeu Zema,313,"Wikimedia REST API, pageviews per-article, all-access, agente user (coleta própria 1/9/2026)",https://pt.wikipedia.org/wiki/Romeu_Zema,
2026-07-17,Ronaldo Caiado,Ronaldo Caiado,661,"Wikimedia REST API, pageviews per-article, all-access, agente user (coleta própria 1/9/2026)",https://pt.wikipedia.org/wiki/Ronaldo_Caiado,
2026-07-17,Samara Martins,Samara Martins,273,"Wikimedia REST API, pageviews per-article, all-access, agente user (coleta própria 1/9/2026)",https://pt.wikipedia.org/wiki/Samara_Martins,
2026-07-18,Augusto Cury,Augusto Cury,343,"Wikimedia REST API, pageviews per-article, all-access, agente user (coleta própria 1/9/2026)",https://pt.wikipedia.org/wiki/Augusto_Cury,
2026-07-18,Flávio Bolsonaro,Flávio Bolsonaro,591,"Wikimedia REST API, pageviews per-article, all-access, agente user (coleta própria 1/9/2026)",https://pt.wikipedia.org/wiki/Flávio_Bolsonaro,
2026-07-18,Lula,Luiz Inácio Lula da Silva,1238,"Wikimedia REST API, pageviews per-article, all-access, agente user (coleta própria 1/9/2026)",https://pt.wikipedia.org/wiki/Luiz_Inácio_Lula_da_Silva,
2026-07-18,Pablo Marçal,Pablo Marçal,240,"Wikimedia REST API, pageviews per-article, all-access, agente user (coleta própria 1/9/2026)",https://pt.wikipedia.org/wiki/Pablo_Marçal,
2026-07-18,Renan Santos,Renan Santos,2168,"Wikimedia REST API, pageviews per-article, all-access, agente user (coleta própria 1/9/2026)",https://pt.wikipedia.org/wiki/Renan_Santos,
2026-07-18,Romeu Zema,Romeu Zema,355,"Wikimedia REST API, pageviews per-article, all-access, agente user (coleta própria 1/9/2026)",https://pt.wikipedia.org/wiki/Romeu_Zema,
2026-07-18,Ronaldo Caiado,Ronaldo Caiado,526,"Wikimedia REST API, pageviews per-article, all-access, agente user (coleta própria 1/9/2026)",https://pt.wikipedia.org/wiki/Ronaldo_Caiado,
2026-07-18,Samara Martins,Samara Martins,241,"Wikimedia REST API, pageviews per-article, all-access, agente user (coleta própria 1/9/2026)",https://pt.wikipedia.org/wiki/Samara_Martins,
2026-07-19,Augusto Cury,Augusto Cury,324,"Wikimedia REST API, pageviews per-article, all-access, agente user (coleta própria 1/9/2026)",https://pt.wikipedia.org/wiki/Augusto_Cury,
2026-07-19,Flávio Bolsonaro,Flávio Bolsonaro,704,"Wikimedia REST API, pageviews per-article, all-access, agente user (coleta própria 1/9/2026)",https://pt.wikipedia.org/wiki/Flávio_Bolsonaro,
2026-07-19,Lula,Luiz Inácio Lula da Silva,1323,"Wikimedia REST API, pageviews per-article, all-access, agente user (coleta própria 1/9/2026)",https://pt.wikipedia.org/wiki/Luiz_Inácio_Lula_da_Silva,
2026-07-19,Pablo Marçal,Pablo Marçal,245,"Wikimedia REST API, pageviews per-article, all-access, agente user (coleta própria 1/9/2026)",https://pt.wikipedia.org/wiki/Pablo_Marçal,
2026-07-19,Renan Santos,Renan Santos,2677,"Wikimedia REST API, pageviews per-article, all-access, agente user (coleta própria 1/9/2026)",https://pt.wikipedia.org/wiki/Renan_Santos,
2026-07-19,Romeu Zema,Romeu Zema,366,"Wikimedia REST API, pageviews per-article, all-access, agente user (coleta própria 1/9/2026)",https://pt.wikipedia.org/wiki/Romeu_Zema,
2026-07-19,Ronaldo Caiado,Ronaldo Caiado,506,"Wikimedia REST API, pageviews per-article, all-access, agente user (coleta própria 1/9/2026)",https://pt.wikipedia.org/wiki/Ronaldo_Caiado,
2026-07-19,Samara Martins,Samara Martins,233,"Wikimedia REST API, pageviews per-article, all-access, agente user (coleta própria 1/9/2026)",https://pt.wikipedia.org/wiki/Samara_Martins,
2026-07-20,Augusto Cury,Augusto Cury,356,"Wikimedia REST API, pageviews per-article, all-access, agente user (coleta própria 1/9/2026)",https://pt.wikipedia.org/wiki/Augusto_Cury,
2026-07-20,Flávio Bolsonaro,Flávio Bolsonaro,706,"Wikimedia REST API, pageviews per-article, all-access, agente user (coleta própria 1/9/2026)",https://pt.wikipedia.org/wiki/Flávio_Bolsonaro,
2026-07-20,Lula,Luiz Inácio Lula da Silva,1436,"Wikimedia REST API, pageviews per-article, all-access, agente user (coleta própria 1/9/2026)",https://pt.wikipedia.org/wiki/Luiz_Inácio_Lula_da_Silva,
2026-07-20,Pablo Marçal,Pablo Marçal,210,"Wikimedia REST API, pageviews per-article, all-access, agente user (coleta própria 1/9/2026)",https://pt.wikipedia.org/wiki/Pablo_Marçal,
2026-07-20,Renan Santos,Renan Santos,5381,"Wikimedia REST API, pageviews per-article, all-access, agente user (coleta própria 1/9/2026)",https://pt.wikipedia.org/wiki/Renan_Santos,
2026-07-20,Romeu Zema,Romeu Zema,452,"Wikimedia REST API, pageviews per-article, all-access, agente user (coleta própria 1/9/2026)",https://pt.wikipedia.org/wiki/Romeu_Zema,
2026-07-20,Ronaldo Caiado,Ronaldo Caiado,589,"Wikimedia REST API, pageviews per-article, all-access, agente user (coleta própria 1/9/2026)",https://pt.wikipedia.org/wiki/Ronaldo_Caiado,
2026-07-20,Samara Martins,Samara Martins,250,"Wikimedia REST API, pageviews per-article, all-access, agente user (coleta própria 1/9/2026)",https://pt.wikipedia.org/wiki/Samara_Martins,
2026-07-21,Augusto Cury,Augusto Cury,504,"Wikimedia REST API, pageviews per-article, all-access, agente user (coleta própria 1/9/2026)",https://pt.wikipedia.org/wiki/Augusto_Cury,
2026-07-21,Flávio Bolsonaro,Flávio Bolsonaro,995,"Wikimedia REST API, pageviews per-article, all-access, agente user (coleta própria 1/9/2026)",https://pt.wikipedia.org/wiki/Flávio_Bolsonaro,
2026-07-21,Lula,Luiz Inácio Lula da Silva,1404,"Wikimedia REST API, pageviews per-article, all-access, agente user (coleta própria 1/9/2026)",https://pt.wikipedia.org/wiki/Luiz_Inácio_Lula_da_Silva,
2026-07-21,Pablo Marçal,Pablo Marçal,288,"Wikimedia REST API, pageviews per-article, all-access, agente user (coleta própria 1/9/2026)",https://pt.wikipedia.org/wiki/Pablo_Marçal,
2026-07-21,Renan Santos,Renan Santos,5890,"Wikimedia REST API, pageviews per-article, all-access, agente user (coleta própria 1/9/2026)",https://pt.wikipedia.org/wiki/Renan_Santos,
2026-07-21,Romeu Zema,Romeu Zema,429,"Wikimedia REST API, pageviews per-article, all-access, agente user (coleta própria 1/9/2026)",https://pt.wikipedia.org/wiki/Romeu_Zema,
2026-07-21,Ronaldo Caiado,Ronaldo Caiado,1194,"Wikimedia REST API, pageviews per-article, all-access, agente user (coleta própria 1/9/2026)",https://pt.wikipedia.org/wiki/Ronaldo_Caiado,
2026-07-21,Samara Martins,Samara Martins,342,"Wikimedia REST API, pageviews per-article, all-access, agente user (coleta própria 1/9/2026)",https://pt.wikipedia.org/wiki/Samara_Martins,
2026-07-22,Augusto Cury,Augusto Cury,454,"Wikimedia REST API, pageviews per-article, all-access, agente user (coleta própria 1/9/2026)",https://pt.wikipedia.org/wiki/Augusto_Cury,
2026-07-22,Flávio Bolsonaro,Flávio Bolsonaro,1182,"Wikimedia REST API, pageviews per-article, all-access, agente user (coleta própria 1/9/2026)",https://pt.wikipedia.org/wiki/Flávio_Bolsonaro,
2026-07-22,Lula,Luiz Inácio Lula da Silva,1387,"Wikimedia REST API, pageviews per-article, all-access, agente user (coleta própria 1/9/2026)",https://pt.wikipedia.org/wiki/Luiz_Inácio_Lula_da_Silva,
2026-07-22,Pablo Marçal,Pablo Marçal,206,"Wikimedia REST API, pageviews per-article, all-access, agente user (coleta própria 1/9/2026)",https://pt.wikipedia.org/wiki/Pablo_Marçal,
2026-07-22,Renan Santos,Renan Santos,6110,"Wikimedia REST API, pageviews per-article, all-access, agente user (coleta própria 1/9/2026)",https://pt.wikipedia.org/wiki/Renan_Santos,
2026-07-22,Romeu Zema,Romeu Zema,422,"Wikimedia REST API, pageviews per-article, all-access, agente user (coleta própria 1/9/2026)",https://pt.wikipedia.org/wiki/Romeu_Zema,
2026-07-22,Ronaldo Caiado,Ronaldo Caiado,1130,"Wikimedia REST API, pageviews per-article, all-access, agente user (coleta própria 1/9/2026)",https://pt.wikipedia.org/wiki/Ronaldo_Caiado,
2026-07-22,Samara Martins,Samara Martins,335,"Wikimedia REST API, pageviews per-article, all-access, agente user (coleta própria 1/9/2026)",https://pt.wikipedia.org/wiki/Samara_Martins,
2026-07-23,Augusto Cury,Augusto Cury,410,"Wikimedia REST API, pageviews per-article, all-access, agente user (coleta própria 1/9/2026)",https://pt.wikipedia.org/wiki/Augusto_Cury,
2026-07-23,Flávio Bolsonaro,Flávio Bolsonaro,1314,"Wikimedia REST API, pageviews per-article, all-access, agente user (coleta própria 1/9/2026)",https://pt.wikipedia.org/wiki/Flávio_Bolsonaro,
2026-07-23,Lula,Luiz Inácio Lula da Silva,1453,"Wikimedia REST API, pageviews per-article, all-access, agente user (coleta própria 1/9/2026)",https://pt.wikipedia.org/wiki/Luiz_Inácio_Lula_da_Silva,
2026-07-23,Pablo Marçal,Pablo Marçal,286,"Wikimedia REST API, pageviews per-article, all-access, agente user (coleta própria 1/9/2026)",https://pt.wikipedia.org/wiki/Pablo_Marçal,
2026-07-23,Renan Santos,Renan Santos,5672,"Wikimedia REST API, pageviews per-article, all-access, agente user (coleta própria 1/9/2026)",https://pt.wikipedia.org/wiki/Renan_Santos,
2026-07-23,Romeu Zema,Romeu Zema,444,"Wikimedia REST API, pageviews per-article, all-access, agente user (coleta própria 1/9/2026)",https://pt.wikipedia.org/wiki/Romeu_Zema,
2026-07-23,Ronaldo Caiado,Ronaldo Caiado,1022,"Wikimedia REST API, pageviews per-article, all-access, agente user (coleta própria 1/9/2026)",https://pt.wikipedia.org/wiki/Ronaldo_Caiado,
2026-07-23,Samara Martins,Samara Martins,344,"Wikimedia REST API, pageviews per-article, all-access, agente user (coleta própria 1/9/2026)",https://pt.wikipedia.org/wiki/Samara_Martins,
2026-07-24,Augusto Cury,Augusto Cury,468,"Wikimedia REST API, pageviews per-article, all-access, agente user (coleta própria 1/9/2026)",https://pt.wikipedia.org/wiki/Augusto_Cury,
2026-07-24,Flávio Bolsonaro,Flávio Bolsonaro,1223,"Wikimedia REST API, pageviews per-article, all-access, agente user (coleta própria 1/9/2026)",https://pt.wikipedia.org/wiki/Flávio_Bolsonaro,
2026-07-24,Lula,Luiz Inácio Lula da Silva,1473,"Wikimedia REST API, pageviews per-article, all-access, agente user (coleta própria 1/9/2026)",https://pt.wikipedia.org/wiki/Luiz_Inácio_Lula_da_Silva,
2026-07-24,Pablo Marçal,Pablo Marçal,204,"Wikimedia REST API, pageviews per-article, all-access, agente user (coleta própria 1/9/2026)",https://pt.wikipedia.org/wiki/Pablo_Marçal,
2026-07-24,Renan Santos,Renan Santos,6250,"Wikimedia REST API, pageviews per-article, all-access, agente user (coleta própria 1/9/2026)",https://pt.wikipedia.org/wiki/Renan_Santos,
2026-07-24,Romeu Zema,Romeu Zema,616,"Wikimedia REST API, pageviews per-article, all-access, agente user (coleta própria 1/9/2026)",https://pt.wikipedia.org/wiki/Romeu_Zema,
2026-07-24,Ronaldo Caiado,Ronaldo Caiado,1161,"Wikimedia REST API, pageviews per-article, all-access, agente user (coleta própria 1/9/2026)",https://pt.wikipedia.org/wiki/Ronaldo_Caiado,
2026-07-24,Samara Martins,Samara Martins,416,"Wikimedia REST API, pageviews per-article, all-access, agente user (coleta própria 1/9/2026)",https://pt.wikipedia.org/wiki/Samara_Martins,
2026-07-25,Augusto Cury,Augusto Cury,569,"Wikimedia REST API, pageviews per-article, all-access, agente user (coleta própria 1/9/2026)",https://pt.wikipedia.org/wiki/Augusto_Cury,
2026-07-25,Flávio Bolsonaro,Flávio Bolsonaro,1794,"Wikimedia REST API, pageviews per-article, all-access, agente user (coleta própria 1/9/2026)",https://pt.wikipedia.org/wiki/Flávio_Bolsonaro,
2026-07-25,Lula,Luiz Inácio Lula da Silva,1578,"Wikimedia REST API, pageviews per-article, all-access, agente user (coleta própria 1/9/2026)",https://pt.wikipedia.org/wiki/Luiz_Inácio_Lula_da_Silva,
2026-07-25,Pablo Marçal,Pablo Marçal,253,"Wikimedia REST API, pageviews per-article, all-access, agente user (coleta própria 1/9/2026)",https://pt.wikipedia.org/wiki/Pablo_Marçal,
2026-07-25,Renan Santos,Renan Santos,6218,"Wikimedia REST API, pageviews per-article, all-access, agente user (coleta própria 1/9/2026)",https://pt.wikipedia.org/wiki/Renan_Santos,
2026-07-25,Romeu Zema,Romeu Zema,546,"Wikimedia REST API, pageviews per-article, all-access, agente user (coleta própria 1/9/2026)",https://pt.wikipedia.org/wiki/Romeu_Zema,
2026-07-25,Ronaldo Caiado,Ronaldo Caiado,1087,"Wikimedia REST API, pageviews per-article, all-access, agente user (coleta própria 1/9/2026)",https://pt.wikipedia.org/wiki/Ronaldo_Caiado,
2026-07-25,Samara Martins,Samara Martins,389,"Wikimedia REST API, pageviews per-article, all-access, agente user (coleta própria 1/9/2026)",https://pt.wikipedia.org/wiki/Samara_Martins,
2026-07-26,Augusto Cury,Augusto Cury,522,"Wikimedia REST API, pageviews per-article, all-access, agente user (coleta própria 1/9/2026)",https://pt.wikipedia.org/wiki/Augusto_Cury,
2026-07-26,Flávio Bolsonaro,Flávio Bolsonaro,1674,"Wikimedia REST API, pageviews per-article, all-access, agente user (coleta própria 1/9/2026)",https://pt.wikipedia.org/wiki/Flávio_Bolsonaro,
2026-07-26,Lula,Luiz Inácio Lula da Silva,1768,"Wikimedia REST API, pageviews per-article, all-access, agente user (coleta própria 1/9/2026)",https://pt.wikipedia.org/wiki/Luiz_Inácio_Lula_da_Silva,
2026-07-26,Pablo Marçal,Pablo Marçal,254,"Wikimedia REST API, pageviews per-article, all-access, agente user (coleta própria 1/9/2026)",https://pt.wikipedia.org/wiki/Pablo_Marçal,
2026-07-26,Renan Santos,Renan Santos,4658,"Wikimedia REST API, pageviews per-article, all-access, agente user (coleta própria 1/9/2026)",https://pt.wikipedia.org/wiki/Renan_Santos,
2026-07-26,Romeu Zema,Romeu Zema,567,"Wikimedia REST API, pageviews per-article, all-access, agente user (coleta própria 1/9/2026)",https://pt.wikipedia.org/wiki/Romeu_Zema,
2026-07-26,Ronaldo Caiado,Ronaldo Caiado,2204,"Wikimedia REST API, pageviews per-article, all-access, agente user (coleta própria 1/9/2026)",https://pt.wikipedia.org/wiki/Ronaldo_Caiado,
2026-07-26,Samara Martins,Samara Martins,762,"Wikimedia REST API, pageviews per-article, all-access, agente user (coleta própria 1/9/2026)",https://pt.wikipedia.org/wiki/Samara_Martins,
2026-07-27,Augusto Cury,Augusto Cury,667,"Wikimedia REST API, pageviews per-article, all-access, agente user (coleta própria 1/9/2026)",https://pt.wikipedia.org/wiki/Augusto_Cury,
2026-07-27,Flávio Bolsonaro,Flávio Bolsonaro,1667,"Wikimedia REST API, pageviews per-article, all-access, agente user (coleta própria 1/9/2026)",https://pt.wikipedia.org/wiki/Flávio_Bolsonaro,
2026-07-27,Lula,Luiz Inácio Lula da Silva,2065,"Wikimedia REST API, pageviews per-article, all-access, agente user (coleta própria 1/9/2026)",https://pt.wikipedia.org/wiki/Luiz_Inácio_Lula_da_Silva,
2026-07-27,Pablo Marçal,Pablo Marçal,263,"Wikimedia REST API, pageviews per-article, all-access, agente user (coleta própria 1/9/2026)",https://pt.wikipedia.org/wiki/Pablo_Marçal,
2026-07-27,Renan Santos,Renan Santos,5942,"Wikimedia REST API, pageviews per-article, all-access, agente user (coleta própria 1/9/2026)",https://pt.wikipedia.org/wiki/Renan_Santos,
2026-07-27,Romeu Zema,Romeu Zema,2550,"Wikimedia REST API, pageviews per-article, all-access, agente user (coleta própria 1/9/2026)",https://pt.wikipedia.org/wiki/Romeu_Zema,
2026-07-27,Ronaldo Caiado,Ronaldo Caiado,3586,"Wikimedia REST API, pageviews per-article, all-access, agente user (coleta própria 1/9/2026)",https://pt.wikipedia.org/wiki/Ronaldo_Caiado,
2026-07-27,Samara Martins,Samara Martins,1065,"Wikimedia REST API, pageviews per-article, all-access, agente user (coleta própria 1/9/2026)",https://pt.wikipedia.org/wiki/Samara_Martins,
2026-07-28,Augusto Cury,Augusto Cury,911,"Wikimedia REST API, pageviews per-article, all-access, agente user (coleta própria 1/9/2026)",https://pt.wikipedia.org/wiki/Augusto_Cury,
2026-07-28,Flávio Bolsonaro,Flávio Bolsonaro,1336,"Wikimedia REST API, pageviews per-article, all-access, agente user (coleta própria 1/9/2026)",https://pt.wikipedia.org/wiki/Flávio_Bolsonaro,
2026-07-28,Lula,Luiz Inácio Lula da Silva,2009,"Wikimedia REST API, pageviews per-article, all-access, agente user (coleta própria 1/9/2026)",https://pt.wikipedia.org/wiki/Luiz_Inácio_Lula_da_Silva,
2026-07-28,Pablo Marçal,Pablo Marçal,244,"Wikimedia REST API, pageviews per-article, all-access, agente user (coleta própria 1/9/2026)",https://pt.wikipedia.org/wiki/Pablo_Marçal,
2026-07-28,Renan Santos,Renan Santos,7346,"Wikimedia REST API, pageviews per-article, all-access, agente user (coleta própria 1/9/2026)",https://pt.wikipedia.org/wiki/Renan_Santos,
2026-07-28,Romeu Zema,Romeu Zema,5411,"Wikimedia REST API, pageviews per-article, all-access, agente user (coleta própria 1/9/2026)",https://pt.wikipedia.org/wiki/Romeu_Zema,
2026-07-28,Ronaldo Caiado,Ronaldo Caiado,1840,"Wikimedia REST API, pageviews per-article, all-access, agente user (coleta própria 1/9/2026)",https://pt.wikipedia.org/wiki/Ronaldo_Caiado,
2026-07-28,Samara Martins,Samara Martins,639,"Wikimedia REST API, pageviews per-article, all-access, agente user (coleta própria 1/9/2026)",https://pt.wikipedia.org/wiki/Samara_Martins,
2026-07-29,Augusto Cury,Augusto Cury,711,"Wikimedia REST API, pageviews per-article, all-access, agente user (coleta própria 1/9/2026)",https://pt.wikipedia.org/wiki/Augusto_Cury,
2026-07-29,Flávio Bolsonaro,Flávio Bolsonaro,1115,"Wikimedia REST API, pageviews per-article, all-access, agente user (coleta própria 1/9/2026)",https://pt.wikipedia.org/wiki/Flávio_Bolsonaro,
2026-07-29,Lula,Luiz Inácio Lula da Silva,1988,"Wikimedia REST API, pageviews per-article, all-access, agente user (coleta própria 1/9/2026)",https://pt.wikipedia.org/wiki/Luiz_Inácio_Lula_da_Silva,
2026-07-29,Pablo Marçal,Pablo Marçal,313,"Wikimedia REST API, pageviews per-article, all-access, agente user (coleta própria 1/9/2026)",https://pt.wikipedia.org/wiki/Pablo_Marçal,
2026-07-29,Renan Santos,Renan Santos,7377,"Wikimedia REST API, pageviews per-article, all-access, agente user (coleta própria 1/9/2026)",https://pt.wikipedia.org/wiki/Renan_Santos,
2026-07-29,Romeu Zema,Romeu Zema,987,"Wikimedia REST API, pageviews per-article, all-access, agente user (coleta própria 1/9/2026)",https://pt.wikipedia.org/wiki/Romeu_Zema,
2026-07-29,Ronaldo Caiado,Ronaldo Caiado,1485,"Wikimedia REST API, pageviews per-article, all-access, agente user (coleta própria 1/9/2026)",https://pt.wikipedia.org/wiki/Ronaldo_Caiado,
2026-07-29,Samara Martins,Samara Martins,543,"Wikimedia REST API, pageviews per-article, all-access, agente user (coleta própria 1/9/2026)",https://pt.wikipedia.org/wiki/Samara_Martins,
2026-07-30,Augusto Cury,Augusto Cury,566,"Wikimedia REST API, pageviews per-article, all-access, agente user (coleta própria 1/9/2026)",https://pt.wikipedia.org/wiki/Augusto_Cury,
2026-07-30,Flávio Bolsonaro,Flávio Bolsonaro,964,"Wikimedia REST API, pageviews per-article, all-access, agente user (coleta própria 1/9/2026)",https://pt.wikipedia.org/wiki/Flávio_Bolsonaro,
2026-07-30,Lula,Luiz Inácio Lula da Silva,2082,"Wikimedia REST API, pageviews per-article, all-access, agente user (coleta própria 1/9/2026)",https://pt.wikipedia.org/wiki/Luiz_Inácio_Lula_da_Silva,
2026-07-30,Pablo Marçal,Pablo Marçal,235,"Wikimedia REST API, pageviews per-article, all-access, agente user (coleta própria 1/9/2026)",https://pt.wikipedia.org/wiki/Pablo_Marçal,
2026-07-30,Renan Santos,Renan Santos,4930,"Wikimedia REST API, pageviews per-article, all-access, agente user (coleta própria 1/9/2026)",https://pt.wikipedia.org/wiki/Renan_Santos,
2026-07-30,Romeu Zema,Romeu Zema,803,"Wikimedia REST API, pageviews per-article, all-access, agente user (coleta própria 1/9/2026)",https://pt.wikipedia.org/wiki/Romeu_Zema,
2026-07-30,Ronaldo Caiado,Ronaldo Caiado,1345,"Wikimedia REST API, pageviews per-article, all-access, agente user (coleta própria 1/9/2026)",https://pt.wikipedia.org/wiki/Ronaldo_Caiado,
2026-07-30,Samara Martins,Samara Martins,446,"Wikimedia REST API, pageviews per-article, all-access, agente user (coleta própria 1/9/2026)",https://pt.wikipedia.org/wiki/Samara_Martins,
2026-07-31,Augusto Cury,Augusto Cury,570,"Wikimedia REST API, pageviews per-article, all-access, agente user (coleta própria 1/9/2026)",https://pt.wikipedia.org/wiki/Augusto_Cury,
2026-07-31,Flávio Bolsonaro,Flávio Bolsonaro,919,"Wikimedia REST API, pageviews per-article, all-access, agente user (coleta própria 1/9/2026)",https://pt.wikipedia.org/wiki/Flávio_Bolsonaro,
2026-07-31,Lula,Luiz Inácio Lula da Silva,2757,"Wikimedia REST API, pageviews per-article, all-access, agente user (coleta própria 1/9/2026)",https://pt.wikipedia.org/wiki/Luiz_Inácio_Lula_da_Silva,
2026-07-31,Pablo Marçal,Pablo Marçal,220,"Wikimedia REST API, pageviews per-article, all-access, agente user (coleta própria 1/9/2026)",https://pt.wikipedia.org/wiki/Pablo_Marçal,
2026-07-31,Renan Santos,Renan Santos,4115,"Wikimedia REST API, pageviews per-article, all-access, agente user (coleta própria 1/9/2026)",https://pt.wikipedia.org/wiki/Renan_Santos,
2026-07-31,Romeu Zema,Romeu Zema,672,"Wikimedia REST API, pageviews per-article, all-access, agente user (coleta própria 1/9/2026)",https://pt.wikipedia.org/wiki/Romeu_Zema,
2026-07-31,Ronaldo Caiado,Ronaldo Caiado,1184,"Wikimedia REST API, pageviews per-article, all-access, agente user (coleta própria 1/9/2026)",https://pt.wikipedia.org/wiki/Ronaldo_Caiado,
2026-07-31,Samara Martins,Samara Martins,411,"Wikimedia REST API, pageviews per-article, all-access, agente user (coleta própria 1/9/2026)",https://pt.wikipedia.org/wiki/Samara_Martins,
2026-08-01,Augusto Cury,Augusto Cury,472,"Wikimedia REST API, pageviews per-article, all-access, agente user (coleta própria 1/9/2026)",https://pt.wikipedia.org/wiki/Augusto_Cury,
2026-08-01,Flávio Bolsonaro,Flávio Bolsonaro,867,"Wikimedia REST API, pageviews per-article, all-access, agente user (coleta própria 1/9/2026)",https://pt.wikipedia.org/wiki/Flávio_Bolsonaro,
2026-08-01,Lula,Luiz Inácio Lula da Silva,2412,"Wikimedia REST API, pageviews per-article, all-access, agente user (coleta própria 1/9/2026)",https://pt.wikipedia.org/wiki/Luiz_Inácio_Lula_da_Silva,
2026-08-01,Pablo Marçal,Pablo Marçal,316,"Wikimedia REST API, pageviews per-article, all-access, agente user (coleta própria 1/9/2026)",https://pt.wikipedia.org/wiki/Pablo_Marçal,
2026-08-01,Renan Santos,Renan Santos,9882,"Wikimedia REST API, pageviews per-article, all-access, agente user (coleta própria 1/9/2026)",https://pt.wikipedia.org/wiki/Renan_Santos,
2026-08-01,Romeu Zema,Romeu Zema,681,"Wikimedia REST API, pageviews per-article, all-access, agente user (coleta própria 1/9/2026)",https://pt.wikipedia.org/wiki/Romeu_Zema,
2026-08-01,Ronaldo Caiado,Ronaldo Caiado,1193,"Wikimedia REST API, pageviews per-article, all-access, agente user (coleta própria 1/9/2026)",https://pt.wikipedia.org/wiki/Ronaldo_Caiado,
2026-08-01,Samara Martins,Samara Martins,490,"Wikimedia REST API, pageviews per-article, all-access, agente user (coleta própria 1/9/2026)",https://pt.wikipedia.org/wiki/Samara_Martins,
2026-08-02,Augusto Cury,Augusto Cury,556,"Wikimedia REST API, pageviews per-article, all-access, agente user (coleta própria 1/9/2026)",https://pt.wikipedia.org/wiki/Augusto_Cury,
2026-08-02,Flávio Bolsonaro,Flávio Bolsonaro,1095,"Wikimedia REST API, pageviews per-article, all-access, agente user (coleta própria 1/9/2026)",https://pt.wikipedia.org/wiki/Flávio_Bolsonaro,
2026-08-02,Lula,Luiz Inácio Lula da Silva,3044,"Wikimedia REST API, pageviews per-article, all-access, agente user (coleta própria 1/9/2026)",https://pt.wikipedia.org/wiki/Luiz_Inácio_Lula_da_Silva,
2026-08-02,Pablo Marçal,Pablo Marçal,337,"Wikimedia REST API, pageviews per-article, all-access, agente user (coleta própria 1/9/2026)",https://pt.wikipedia.org/wiki/Pablo_Marçal,
2026-08-02,Renan Santos,Renan Santos,17544,"Wikimedia REST API, pageviews per-article, all-access, agente user (coleta própria 1/9/2026)",https://pt.wikipedia.org/wiki/Renan_Santos,
2026-08-02,Romeu Zema,Romeu Zema,936,"Wikimedia REST API, pageviews per-article, all-access, agente user (coleta própria 1/9/2026)",https://pt.wikipedia.org/wiki/Romeu_Zema,
2026-08-02,Ronaldo Caiado,Ronaldo Caiado,1288,"Wikimedia REST API, pageviews per-article, all-access, agente user (coleta própria 1/9/2026)",https://pt.wikipedia.org/wiki/Ronaldo_Caiado,
2026-08-02,Samara Martins,Samara Martins,652,"Wikimedia REST API, pageviews per-article, all-access, agente user (coleta própria 1/9/2026)",https://pt.wikipedia.org/wiki/Samara_Martins,
2026-08-03,Augusto Cury,Augusto Cury,864,"Wikimedia REST API, pageviews per-article, all-access, agente user (coleta própria 1/9/2026)",https://pt.wikipedia.org/wiki/Augusto_Cury,
2026-08-03,Flávio Bolsonaro,Flávio Bolsonaro,1481,"Wikimedia REST API, pageviews per-article, all-access, agente user (coleta própria 1/9/2026)",https://pt.wikipedia.org/wiki/Flávio_Bolsonaro,
2026-08-03,Lula,Luiz Inácio Lula da Silva,3060,"Wikimedia REST API, pageviews per-article, all-access, agente user (coleta própria 1/9/2026)",https://pt.wikipedia.org/wiki/Luiz_Inácio_Lula_da_Silva,
2026-08-03,Pablo Marçal,Pablo Marçal,237,"Wikimedia REST API, pageviews per-article, all-access, agente user (coleta própria 1/9/2026)",https://pt.wikipedia.org/wiki/Pablo_Marçal,
2026-08-03,Renan Santos,Renan Santos,12047,"Wikimedia REST API, pageviews per-article, all-access, agente user (coleta própria 1/9/2026)",https://pt.wikipedia.org/wiki/Renan_Santos,
2026-08-03,Romeu Zema,Romeu Zema,994,"Wikimedia REST API, pageviews per-article, all-access, agente user (coleta própria 1/9/2026)",https://pt.wikipedia.org/wiki/Romeu_Zema,
2026-08-03,Ronaldo Caiado,Ronaldo Caiado,1672,"Wikimedia REST API, pageviews per-article, all-access, agente user (coleta própria 1/9/2026)",https://pt.wikipedia.org/wiki/Ronaldo_Caiado,
2026-08-03,Samara Martins,Samara Martins,701,"Wikimedia REST API, pageviews per-article, all-access, agente user (coleta própria 1/9/2026)",https://pt.wikipedia.org/wiki/Samara_Martins,
2026-08-04,Augusto Cury,Augusto Cury,2475,"Wikimedia REST API, pageviews per-article, all-access, agente user (coleta própria 1/9/2026)",https://pt.wikipedia.org/wiki/Augusto_Cury,
2026-08-04,Flávio Bolsonaro,Flávio Bolsonaro,1343,"Wikimedia REST API, pageviews per-article, all-access, agente user (coleta própria 1/9/2026)",https://pt.wikipedia.org/wiki/Flávio_Bolsonaro,
2026-08-04,Lula,Luiz Inácio Lula da Silva,2470,"Wikimedia REST API, pageviews per-article, all-access, agente user (coleta própria 1/9/2026)",https://pt.wikipedia.org/wiki/Luiz_Inácio_Lula_da_Silva,
2026-08-04,Pablo Marçal,Pablo Marçal,285,"Wikimedia REST API, pageviews per-article, all-access, agente user (coleta própria 1/9/2026)",https://pt.wikipedia.org/wiki/Pablo_Marçal,
2026-08-04,Renan Santos,Renan Santos,9629,"Wikimedia REST API, pageviews per-article, all-access, agente user (coleta própria 1/9/2026)",https://pt.wikipedia.org/wiki/Renan_Santos,
2026-08-04,Romeu Zema,Romeu Zema,1235,"Wikimedia REST API, pageviews per-article, all-access, agente user (coleta própria 1/9/2026)",https://pt.wikipedia.org/wiki/Romeu_Zema,
2026-08-04,Ronaldo Caiado,Ronaldo Caiado,1888,"Wikimedia REST API, pageviews per-article, all-access, agente user (coleta própria 1/9/2026)",https://pt.wikipedia.org/wiki/Ronaldo_Caiado,
2026-08-04,Samara Martins,Samara Martins,749,"Wikimedia REST API, pageviews per-article, all-access, agente user (coleta própria 1/9/2026)",https://pt.wikipedia.org/wiki/Samara_Martins,
2026-08-05,Augusto Cury,Augusto Cury,1396,"Wikimedia REST API, pageviews per-article, all-access, agente user (coleta própria 1/9/2026)",https://pt.wikipedia.org/wiki/Augusto_Cury,
2026-08-05,Flávio Bolsonaro,Flávio Bolsonaro,2005,"Wikimedia REST API, pageviews per-article, all-access, agente user (coleta própria 1/9/2026)",https://pt.wikipedia.org/wiki/Flávio_Bolsonaro,
2026-08-05,Lula,Luiz Inácio Lula da Silva,2701,"Wikimedia REST API, pageviews per-article, all-access, agente user (coleta própria 1/9/2026)",https://pt.wikipedia.org/wiki/Luiz_Inácio_Lula_da_Silva,
2026-08-05,Pablo Marçal,Pablo Marçal,349,"Wikimedia REST API, pageviews per-article, all-access, agente user (coleta própria 1/9/2026)",https://pt.wikipedia.org/wiki/Pablo_Marçal,
2026-08-05,Renan Santos,Renan Santos,14927,"Wikimedia REST API, pageviews per-article, all-access, agente user (coleta própria 1/9/2026)",https://pt.wikipedia.org/wiki/Renan_Santos,
2026-08-05,Romeu Zema,Romeu Zema,1454,"Wikimedia REST API, pageviews per-article, all-access, agente user (coleta própria 1/9/2026)",https://pt.wikipedia.org/wiki/Romeu_Zema,
2026-08-05,Ronaldo Caiado,Ronaldo Caiado,2565,"Wikimedia REST API, pageviews per-article, all-access, agente user (coleta própria 1/9/2026)",https://pt.wikipedia.org/wiki/Ronaldo_Caiado,
2026-08-05,Samara Martins,Samara Martins,914,"Wikimedia REST API, pageviews per-article, all-access, agente user (coleta própria 1/9/2026)",https://pt.wikipedia.org/wiki/Samara_Martins,
2026-08-06,Augusto Cury,Augusto Cury,1130,"Wikimedia REST API, pageviews per-article, all-access, agente user (coleta própria 1/9/2026)",https://pt.wikipedia.org/wiki/Augusto_Cury,
2026-08-06,Flávio Bolsonaro,Flávio Bolsonaro,1543,"Wikimedia REST API, pageviews per-article, all-access, agente user (coleta própria 1/9/2026)",https://pt.wikipedia.org/wiki/Flávio_Bolsonaro,
2026-08-06,Lula,Luiz Inácio Lula da Silva,2148,"Wikimedia REST API, pageviews per-article, all-access, agente user (coleta própria 1/9/2026)",https://pt.wikipedia.org/wiki/Luiz_Inácio_Lula_da_Silva,
2026-08-06,Pablo Marçal,Pablo Marçal,348,"Wikimedia REST API, pageviews per-article, all-access, agente user (coleta própria 1/9/2026)",https://pt.wikipedia.org/wiki/Pablo_Marçal,
2026-08-06,Renan Santos,Renan Santos,12651,"Wikimedia REST API, pageviews per-article, all-access, agente user (coleta própria 1/9/2026)",https://pt.wikipedia.org/wiki/Renan_Santos,
2026-08-06,Romeu Zema,Romeu Zema,1959,"Wikimedia REST API, pageviews per-article, all-access, agente user (coleta própria 1/9/2026)",https://pt.wikipedia.org/wiki/Romeu_Zema,
2026-08-06,Ronaldo Caiado,Ronaldo Caiado,1961,"Wikimedia REST API, pageviews per-article, all-access, agente user (coleta própria 1/9/2026)",https://pt.wikipedia.org/wiki/Ronaldo_Caiado,
2026-08-06,Samara Martins,Samara Martins,1036,"Wikimedia REST API, pageviews per-article, all-access, agente user (coleta própria 1/9/2026)",https://pt.wikipedia.org/wiki/Samara_Martins,
2026-08-07,Augusto Cury,Augusto Cury,796,"Wikimedia REST API, pageviews per-article, all-access, agente user (coleta própria 1/9/2026)",https://pt.wikipedia.org/wiki/Augusto_Cury,
2026-08-07,Flávio Bolsonaro,Flávio Bolsonaro,1271,"Wikimedia REST API, pageviews per-article, all-access, agente user (coleta própria 1/9/2026)",https://pt.wikipedia.org/wiki/Flávio_Bolsonaro,
2026-08-07,Lula,Luiz Inácio Lula da Silva,2302,"Wikimedia REST API, pageviews per-article, all-access, agente user (coleta própria 1/9/2026)",https://pt.wikipedia.org/wiki/Luiz_Inácio_Lula_da_Silva,
2026-08-07,Pablo Marçal,Pablo Marçal,215,"Wikimedia REST API, pageviews per-article, all-access, agente user (coleta própria 1/9/2026)",https://pt.wikipedia.org/wiki/Pablo_Marçal,
2026-08-07,Renan Santos,Renan Santos,7967,"Wikimedia REST API, pageviews per-article, all-access, agente user (coleta própria 1/9/2026)",https://pt.wikipedia.org/wiki/Renan_Santos,
2026-08-07,Romeu Zema,Romeu Zema,2345,"Wikimedia REST API, pageviews per-article, all-access, agente user (coleta própria 1/9/2026)",https://pt.wikipedia.org/wiki/Romeu_Zema,
2026-08-07,Ronaldo Caiado,Ronaldo Caiado,2488,"Wikimedia REST API, pageviews per-article, all-access, agente user (coleta própria 1/9/2026)",https://pt.wikipedia.org/wiki/Ronaldo_Caiado,
2026-08-07,Samara Martins,Samara Martins,915,"Wikimedia REST API, pageviews per-article, all-access, agente user (coleta própria 1/9/2026)",https://pt.wikipedia.org/wiki/Samara_Martins,
2026-08-08,Augusto Cury,Augusto Cury,588,"Wikimedia REST API, pageviews per-article, all-access, agente user (coleta própria 1/9/2026)",https://pt.wikipedia.org/wiki/Augusto_Cury,
2026-08-08,Flávio Bolsonaro,Flávio Bolsonaro,1039,"Wikimedia REST API, pageviews per-article, all-access, agente user (coleta própria 1/9/2026)",https://pt.wikipedia.org/wiki/Flávio_Bolsonaro,
2026-08-08,Lula,Luiz Inácio Lula da Silva,2281,"Wikimedia REST API, pageviews per-article, all-access, agente user (coleta própria 1/9/2026)",https://pt.wikipedia.org/wiki/Luiz_Inácio_Lula_da_Silva,
2026-08-08,Pablo Marçal,Pablo Marçal,246,"Wikimedia REST API, pageviews per-article, all-access, agente user (coleta própria 1/9/2026)",https://pt.wikipedia.org/wiki/Pablo_Marçal,
2026-08-08,Renan Santos,Renan Santos,6540,"Wikimedia REST API, pageviews per-article, all-access, agente user (coleta própria 1/9/2026)",https://pt.wikipedia.org/wiki/Renan_Santos,
2026-08-08,Romeu Zema,Romeu Zema,1603,"Wikimedia REST API, pageviews per-article, all-access, agente user (coleta própria 1/9/2026)",https://pt.wikipedia.org/wiki/Romeu_Zema,
2026-08-08,Ronaldo Caiado,Ronaldo Caiado,1927,"Wikimedia REST API, pageviews per-article, all-access, agente user (coleta própria 1/9/2026)",https://pt.wikipedia.org/wiki/Ronaldo_Caiado,
2026-08-08,Samara Martins,Samara Martins,702,"Wikimedia REST API, pageviews per-article, all-access, agente user (coleta própria 1/9/2026)",https://pt.wikipedia.org/wiki/Samara_Martins,
2026-08-09,Augusto Cury,Augusto Cury,674,"Wikimedia REST API, pageviews per-article, all-access, agente user (coleta própria 1/9/2026)",https://pt.wikipedia.org/wiki/Augusto_Cury,
2026-08-09,Flávio Bolsonaro,Flávio Bolsonaro,907,"Wikimedia REST API, pageviews per-article, all-access, agente user (coleta própria 1/9/2026)",https://pt.wikipedia.org/wiki/Flávio_Bolsonaro,
2026-08-09,Lula,Luiz Inácio Lula da Silva,2050,"Wikimedia REST API, pageviews per-article, all-access, agente user (coleta própria 1/9/2026)",https://pt.wikipedia.org/wiki/Luiz_Inácio_Lula_da_Silva,
2026-08-09,Pablo Marçal,Pablo Marçal,254,"Wikimedia REST API, pageviews per-article, all-access, agente user (coleta própria 1/9/2026)",https://pt.wikipedia.org/wiki/Pablo_Marçal,
2026-08-09,Renan Santos,Renan Santos,5544,"Wikimedia REST API, pageviews per-article, all-access, agente user (coleta própria 1/9/2026)",https://pt.wikipedia.org/wiki/Renan_Santos,
2026-08-09,Romeu Zema,Romeu Zema,1209,"Wikimedia REST API, pageviews per-article, all-access, agente user (coleta própria 1/9/2026)",https://pt.wikipedia.org/wiki/Romeu_Zema,
2026-08-09,Ronaldo Caiado,Ronaldo Caiado,1445,"Wikimedia REST API, pageviews per-article, all-access, agente user (coleta própria 1/9/2026)",https://pt.wikipedia.org/wiki/Ronaldo_Caiado,
2026-08-09,Samara Martins,Samara Martins,672,"Wikimedia REST API, pageviews per-article, all-access, agente user (coleta própria 1/9/2026)",https://pt.wikipedia.org/wiki/Samara_Martins,
2026-08-10,Augusto Cury,Augusto Cury,686,"Wikimedia REST API, pageviews per-article, all-access, agente user (coleta própria 1/9/2026)",https://pt.wikipedia.org/wiki/Augusto_Cury,
2026-08-10,Flávio Bolsonaro,Flávio Bolsonaro,999,"Wikimedia REST API, pageviews per-article, all-access, agente user (coleta própria 1/9/2026)",https://pt.wikipedia.org/wiki/Flávio_Bolsonaro,
2026-08-10,Lula,Luiz Inácio Lula da Silva,2098,"Wikimedia REST API, pageviews per-article, all-access, agente user (coleta própria 1/9/2026)",https://pt.wikipedia.org/wiki/Luiz_Inácio_Lula_da_Silva,
2026-08-10,Pablo Marçal,Pablo Marçal,298,"Wikimedia REST API, pageviews per-article, all-access, agente user (coleta própria 1/9/2026)",https://pt.wikipedia.org/wiki/Pablo_Marçal,
2026-08-10,Renan Santos,Renan Santos,5631,"Wikimedia REST API, pageviews per-article, all-access, agente user (coleta própria 1/9/2026)",https://pt.wikipedia.org/wiki/Renan_Santos,
2026-08-10,Romeu Zema,Romeu Zema,1007,"Wikimedia REST API, pageviews per-article, all-access, agente user (coleta própria 1/9/2026)",https://pt.wikipedia.org/wiki/Romeu_Zema,
2026-08-10,Ronaldo Caiado,Ronaldo Caiado,1609,"Wikimedia REST API, pageviews per-article, all-access, agente user (coleta própria 1/9/2026)",https://pt.wikipedia.org/wiki/Ronaldo_Caiado,
2026-08-10,Samara Martins,Samara Martins,735,"Wikimedia REST API, pageviews per-article, all-access, agente user (coleta própria 1/9/2026)",https://pt.wikipedia.org/wiki/Samara_Martins,
2026-08-11,Augusto Cury,Augusto Cury,670,"Wikimedia REST API, pageviews per-article, all-access, agente user (coleta própria 1/9/2026)",https://pt.wikipedia.org/wiki/Augusto_Cury,
2026-08-11,Flávio Bolsonaro,Flávio Bolsonaro,1045,"Wikimedia REST API, pageviews per-article, all-access, agente user (coleta própria 1/9/2026)",https://pt.wikipedia.org/wiki/Flávio_Bolsonaro,
2026-08-11,Lula,Luiz Inácio Lula da Silva,2143,"Wikimedia REST API, pageviews per-article, all-access, agente user (coleta própria 1/9/2026)",https://pt.wikipedia.org/wiki/Luiz_Inácio_Lula_da_Silva,
2026-08-11,Pablo Marçal,Pablo Marçal,294,"Wikimedia REST API, pageviews per-article, all-access, agente user (coleta própria 1/9/2026)",https://pt.wikipedia.org/wiki/Pablo_Marçal,
2026-08-11,Renan Santos,Renan Santos,5240,"Wikimedia REST API, pageviews per-article, all-access, agente user (coleta própria 1/9/2026)",https://pt.wikipedia.org/wiki/Renan_Santos,
2026-08-11,Romeu Zema,Romeu Zema,926,"Wikimedia REST API, pageviews per-article, all-access, agente user (coleta própria 1/9/2026)",https://pt.wikipedia.org/wiki/Romeu_Zema,
2026-08-11,Ronaldo Caiado,Ronaldo Caiado,1272,"Wikimedia REST API, pageviews per-article, all-access, agente user (coleta própria 1/9/2026)",https://pt.wikipedia.org/wiki/Ronaldo_Caiado,
2026-08-11,Samara Martins,Samara Martins,604,"Wikimedia REST API, pageviews per-article, all-access, agente user (coleta própria 1/9/2026)",https://pt.wikipedia.org/wiki/Samara_Martins,
2026-08-12,Augusto Cury,Augusto Cury,611,"Wikimedia REST API, pageviews per-article, all-access, agente user (coleta própria 1/9/2026)",https://pt.wikipedia.org/wiki/Augusto_Cury,
2026-08-12,Flávio Bolsonaro,Flávio Bolsonaro,1944,"Wikimedia REST API, pageviews per-article, all-access, agente user (coleta própria 1/9/2026)",https://pt.wikipedia.org/wiki/Flávio_Bolsonaro,
2026-08-12,Lula,Luiz Inácio Lula da Silva,2058,"Wikimedia REST API, pageviews per-article, all-access, agente user (coleta própria 1/9/2026)",https://pt.wikipedia.org/wiki/Luiz_Inácio_Lula_da_Silva,
2026-08-12,Pablo Marçal,Pablo Marçal,297,"Wikimedia REST API, pageviews per-article, all-access, agente user (coleta própria 1/9/2026)",https://pt.wikipedia.org/wiki/Pablo_Marçal,
2026-08-12,Renan Santos,Renan Santos,4738,"Wikimedia REST API, pageviews per-article, all-access, agente user (coleta própria 1/9/2026)",https://pt.wikipedia.org/wiki/Renan_Santos,
2026-08-12,Romeu Zema,Romeu Zema,808,"Wikimedia REST API, pageviews per-article, all-access, agente user (coleta própria 1/9/2026)",https://pt.wikipedia.org/wiki/Romeu_Zema,
2026-08-12,Ronaldo Caiado,Ronaldo Caiado,1236,"Wikimedia REST API, pageviews per-article, all-access, agente user (coleta própria 1/9/2026)",https://pt.wikipedia.org/wiki/Ronaldo_Caiado,
2026-08-12,Samara Martins,Samara Martins,635,"Wikimedia REST API, pageviews per-article, all-access, agente user (coleta própria 1/9/2026)",https://pt.wikipedia.org/wiki/Samara_Martins,
2026-08-13,Augusto Cury,Augusto Cury,714,"Wikimedia REST API, pageviews per-article, all-access, agente user (coleta própria 1/9/2026)",https://pt.wikipedia.org/wiki/Augusto_Cury,
2026-08-13,Flávio Bolsonaro,Flávio Bolsonaro,8636,"Wikimedia REST API, pageviews per-article, all-access, agente user (coleta própria 1/9/2026)",https://pt.wikipedia.org/wiki/Flávio_Bolsonaro,
2026-08-13,Lula,Luiz Inácio Lula da Silva,2244,"Wikimedia REST API, pageviews per-article, all-access, agente user (coleta própria 1/9/2026)",https://pt.wikipedia.org/wiki/Luiz_Inácio_Lula_da_Silva,
2026-08-13,Pablo Marçal,Pablo Marçal,297,"Wikimedia REST API, pageviews per-article, all-access, agente user (coleta própria 1/9/2026)",https://pt.wikipedia.org/wiki/Pablo_Marçal,
2026-08-13,Renan Santos,Renan Santos,6226,"Wikimedia REST API, pageviews per-article, all-access, agente user (coleta própria 1/9/2026)",https://pt.wikipedia.org/wiki/Renan_Santos,
2026-08-13,Romeu Zema,Romeu Zema,813,"Wikimedia REST API, pageviews per-article, all-access, agente user (coleta própria 1/9/2026)",https://pt.wikipedia.org/wiki/Romeu_Zema,
2026-08-13,Ronaldo Caiado,Ronaldo Caiado,1310,"Wikimedia REST API, pageviews per-article, all-access, agente user (coleta própria 1/9/2026)",https://pt.wikipedia.org/wiki/Ronaldo_Caiado,
2026-08-13,Samara Martins,Samara Martins,659,"Wikimedia REST API, pageviews per-article, all-access, agente user (coleta própria 1/9/2026)",https://pt.wikipedia.org/wiki/Samara_Martins,
2026-08-14,Augusto Cury,Augusto Cury,2345,"Wikimedia REST API, pageviews per-article, all-access, agente user (coleta própria 1/9/2026)",https://pt.wikipedia.org/wiki/Augusto_Cury,
2026-08-14,Flávio Bolsonaro,Flávio Bolsonaro,3560,"Wikimedia REST API, pageviews per-article, all-access, agente user (coleta própria 1/9/2026)",https://pt.wikipedia.org/wiki/Flávio_Bolsonaro,
2026-08-14,Lula,Luiz Inácio Lula da Silva,2258,"Wikimedia REST API, pageviews per-article, all-access, agente user (coleta própria 1/9/2026)",https://pt.wikipedia.org/wiki/Luiz_Inácio_Lula_da_Silva,
2026-08-14,Pablo Marçal,Pablo Marçal,249,"Wikimedia REST API, pageviews per-article, all-access, agente user (coleta própria 1/9/2026)",https://pt.wikipedia.org/wiki/Pablo_Marçal,
2026-08-14,Renan Santos,Renan Santos,6855,"Wikimedia REST API, pageviews per-article, all-access, agente user (coleta própria 1/9/2026)",https://pt.wikipedia.org/wiki/Renan_Santos,
2026-08-14,Romeu Zema,Romeu Zema,922,"Wikimedia REST API, pageviews per-article, all-access, agente user (coleta própria 1/9/2026)",https://pt.wikipedia.org/wiki/Romeu_Zema,
2026-08-14,Ronaldo Caiado,Ronaldo Caiado,1497,"Wikimedia REST API, pageviews per-article, all-access, agente user (coleta própria 1/9/2026)",https://pt.wikipedia.org/wiki/Ronaldo_Caiado,
2026-08-14,Samara Martins,Samara Martins,967,"Wikimedia REST API, pageviews per-article, all-access, agente user (coleta própria 1/9/2026)",https://pt.wikipedia.org/wiki/Samara_Martins,
2026-08-15,Augusto Cury,Augusto Cury,4241,"Wikimedia REST API, pageviews per-article, all-access, agente user (coleta própria 1/9/2026)",https://pt.wikipedia.org/wiki/Augusto_Cury,
2026-08-15,Flávio Bolsonaro,Flávio Bolsonaro,1716,"Wikimedia REST API, pageviews per-article, all-access, agente user (coleta própria 1/9/2026)",https://pt.wikipedia.org/wiki/Flávio_Bolsonaro,
2026-08-15,Lula,Luiz Inácio Lula da Silva,2166,"Wikimedia REST API, pageviews per-article, all-access, agente user (coleta própria 1/9/2026)",https://pt.wikipedia.org/wiki/Luiz_Inácio_Lula_da_Silva,
2026-08-15,Pablo Marçal,Pablo Marçal,714,"Wikimedia REST API, pageviews per-article, all-access, agente user (coleta própria 1/9/2026)",https://pt.wikipedia.org/wiki/Pablo_Marçal,
2026-08-15,Renan Santos,Renan Santos,5704,"Wikimedia REST API, pageviews per-article, all-access, agente user (coleta própria 1/9/2026)",https://pt.wikipedia.org/wiki/Renan_Santos,
2026-08-15,Romeu Zema,Romeu Zema,956,"Wikimedia REST API, pageviews per-article, all-access, agente user (coleta própria 1/9/2026)",https://pt.wikipedia.org/wiki/Romeu_Zema,
2026-08-15,Ronaldo Caiado,Ronaldo Caiado,1515,"Wikimedia REST API, pageviews per-article, all-access, agente user (coleta própria 1/9/2026)",https://pt.wikipedia.org/wiki/Ronaldo_Caiado,
2026-08-15,Samara Martins,Samara Martins,913,"Wikimedia REST API, pageviews per-article, all-access, agente user (coleta própria 1/9/2026)",https://pt.wikipedia.org/wiki/Samara_Martins,
2026-08-16,Augusto Cury,Augusto Cury,4296,"Wikimedia REST API, pageviews per-article, all-access, agente user (coleta própria 1/9/2026)",https://pt.wikipedia.org/wiki/Augusto_Cury,
2026-08-16,Flávio Bolsonaro,Flávio Bolsonaro,2189,"Wikimedia REST API, pageviews per-article, all-access, agente user (coleta própria 1/9/2026)",https://pt.wikipedia.org/wiki/Flávio_Bolsonaro,
2026-08-16,Lula,Luiz Inácio Lula da Silva,3462,"Wikimedia REST API, pageviews per-article, all-access, agente user (coleta própria 1/9/2026)",https://pt.wikipedia.org/wiki/Luiz_Inácio_Lula_da_Silva,
2026-08-16,Pablo Marçal,Pablo Marçal,6295,"Wikimedia REST API, pageviews per-article, all-access, agente user (coleta própria 1/9/2026)",https://pt.wikipedia.org/wiki/Pablo_Marçal,
2026-08-16,Renan Santos,Renan Santos,7662,"Wikimedia REST API, pageviews per-article, all-access, agente user (coleta própria 1/9/2026)",https://pt.wikipedia.org/wiki/Renan_Santos,
2026-08-16,Romeu Zema,Romeu Zema,1518,"Wikimedia REST API, pageviews per-article, all-access, agente user (coleta própria 1/9/2026)",https://pt.wikipedia.org/wiki/Romeu_Zema,
2026-08-16,Ronaldo Caiado,Ronaldo Caiado,1989,"Wikimedia REST API, pageviews per-article, all-access, agente user (coleta própria 1/9/2026)",https://pt.wikipedia.org/wiki/Ronaldo_Caiado,
2026-08-16,Samara Martins,Samara Martins,1072,"Wikimedia REST API, pageviews per-article, all-access, agente user (coleta própria 1/9/2026)",https://pt.wikipedia.org/wiki/Samara_Martins,
2026-08-17,Augusto Cury,Augusto Cury,5593,"Wikimedia REST API, pageviews per-article, all-access, agente user (coleta própria 1/9/2026)",https://pt.wikipedia.org/wiki/Augusto_Cury,
2026-08-17,Flávio Bolsonaro,Flávio Bolsonaro,2493,"Wikimedia REST API, pageviews per-article, all-access, agente user (coleta própria 1/9/2026)",https://pt.wikipedia.org/wiki/Flávio_Bolsonaro,
2026-08-17,Lula,Luiz Inácio Lula da Silva,4125,"Wikimedia REST API, pageviews per-article, all-access, agente user (coleta própria 1/9/2026)",https://pt.wikipedia.org/wiki/Luiz_Inácio_Lula_da_Silva,
2026-08-17,Pablo Marçal,Pablo Marçal,5057,"Wikimedia REST API, pageviews per-article, all-access, agente user (coleta própria 1/9/2026)",https://pt.wikipedia.org/wiki/Pablo_Marçal,
2026-08-17,Renan Santos,Renan Santos,12100,"Wikimedia REST API, pageviews per-article, all-access, agente user (coleta própria 1/9/2026)",https://pt.wikipedia.org/wiki/Renan_Santos,
2026-08-17,Romeu Zema,Romeu Zema,2214,"Wikimedia REST API, pageviews per-article, all-access, agente user (coleta própria 1/9/2026)",https://pt.wikipedia.org/wiki/Romeu_Zema,
2026-08-17,Ronaldo Caiado,Ronaldo Caiado,2991,"Wikimedia REST API, pageviews per-article, all-access, agente user (coleta própria 1/9/2026)",https://pt.wikipedia.org/wiki/Ronaldo_Caiado,
2026-08-17,Samara Martins,Samara Martins,1731,"Wikimedia REST API, pageviews per-article, all-access, agente user (coleta própria 1/9/2026)",https://pt.wikipedia.org/wiki/Samara_Martins,
2026-08-18,Augusto Cury,Augusto Cury,7613,"Wikimedia REST API, pageviews per-article, all-access, agente user (coleta própria 1/9/2026)",https://pt.wikipedia.org/wiki/Augusto_Cury,
2026-08-18,Flávio Bolsonaro,Flávio Bolsonaro,2370,"Wikimedia REST API, pageviews per-article, all-access, agente user (coleta própria 1/9/2026)",https://pt.wikipedia.org/wiki/Flávio_Bolsonaro,
2026-08-18,Lula,Luiz Inácio Lula da Silva,4103,"Wikimedia REST API, pageviews per-article, all-access, agente user (coleta própria 1/9/2026)",https://pt.wikipedia.org/wiki/Luiz_Inácio_Lula_da_Silva,
2026-08-18,Pablo Marçal,Pablo Marçal,5344,"Wikimedia REST API, pageviews per-article, all-access, agente user (coleta própria 1/9/2026)",https://pt.wikipedia.org/wiki/Pablo_Marçal,
2026-08-18,Renan Santos,Renan Santos,14778,"Wikimedia REST API, pageviews per-article, all-access, agente user (coleta própria 1/9/2026)",https://pt.wikipedia.org/wiki/Renan_Santos,
2026-08-18,Romeu Zema,Romeu Zema,2327,"Wikimedia REST API, pageviews per-article, all-access, agente user (coleta própria 1/9/2026)",https://pt.wikipedia.org/wiki/Romeu_Zema,
2026-08-18,Ronaldo Caiado,Ronaldo Caiado,3032,"Wikimedia REST API, pageviews per-article, all-access, agente user (coleta própria 1/9/2026)",https://pt.wikipedia.org/wiki/Ronaldo_Caiado,
2026-08-18,Samara Martins,Samara Martins,1653,"Wikimedia REST API, pageviews per-article, all-access, agente user (coleta própria 1/9/2026)",https://pt.wikipedia.org/wiki/Samara_Martins,
2026-08-19,Augusto Cury,Augusto Cury,4166,"Wikimedia REST API, pageviews per-article, all-access, agente user (coleta própria 1/9/2026)",https://pt.wikipedia.org/wiki/Augusto_Cury,
2026-08-19,Flávio Bolsonaro,Flávio Bolsonaro,1875,"Wikimedia REST API, pageviews per-article, all-access, agente user (coleta própria 1/9/2026)",https://pt.wikipedia.org/wiki/Flávio_Bolsonaro,
2026-08-19,Lula,Luiz Inácio Lula da Silva,3288,"Wikimedia REST API, pageviews per-article, all-access, agente user (coleta própria 1/9/2026)",https://pt.wikipedia.org/wiki/Luiz_Inácio_Lula_da_Silva,
2026-08-19,Pablo Marçal,Pablo Marçal,4715,"Wikimedia REST API, pageviews per-article, all-access, agente user (coleta própria 1/9/2026)",https://pt.wikipedia.org/wiki/Pablo_Marçal,
2026-08-19,Renan Santos,Renan Santos,11920,"Wikimedia REST API, pageviews per-article, all-access, agente user (coleta própria 1/9/2026)",https://pt.wikipedia.org/wiki/Renan_Santos,
2026-08-19,Romeu Zema,Romeu Zema,1895,"Wikimedia REST API, pageviews per-article, all-access, agente user (coleta própria 1/9/2026)",https://pt.wikipedia.org/wiki/Romeu_Zema,
2026-08-19,Ronaldo Caiado,Ronaldo Caiado,2437,"Wikimedia REST API, pageviews per-article, all-access, agente user (coleta própria 1/9/2026)",https://pt.wikipedia.org/wiki/Ronaldo_Caiado,
2026-08-19,Samara Martins,Samara Martins,1114,"Wikimedia REST API, pageviews per-article, all-access, agente user (coleta própria 1/9/2026)",https://pt.wikipedia.org/wiki/Samara_Martins,
2026-08-20,Augusto Cury,Augusto Cury,3246,"Wikimedia REST API, pageviews per-article, all-access, agente user (coleta própria 1/9/2026)",https://pt.wikipedia.org/wiki/Augusto_Cury,
2026-08-20,Flávio Bolsonaro,Flávio Bolsonaro,1645,"Wikimedia REST API, pageviews per-article, all-access, agente user (coleta própria 1/9/2026)",https://pt.wikipedia.org/wiki/Flávio_Bolsonaro,
2026-08-20,Lula,Luiz Inácio Lula da Silva,3312,"Wikimedia REST API, pageviews per-article, all-access, agente user (coleta própria 1/9/2026)",https://pt.wikipedia.org/wiki/Luiz_Inácio_Lula_da_Silva,
2026-08-20,Pablo Marçal,Pablo Marçal,4246,"Wikimedia REST API, pageviews per-article, all-access, agente user (coleta própria 1/9/2026)",https://pt.wikipedia.org/wiki/Pablo_Marçal,
2026-08-20,Renan Santos,Renan Santos,8025,"Wikimedia REST API, pageviews per-article, all-access, agente user (coleta própria 1/9/2026)",https://pt.wikipedia.org/wiki/Renan_Santos,
2026-08-20,Romeu Zema,Romeu Zema,1423,"Wikimedia REST API, pageviews per-article, all-access, agente user (coleta própria 1/9/2026)",https://pt.wikipedia.org/wiki/Romeu_Zema,
2026-08-20,Ronaldo Caiado,Ronaldo Caiado,2229,"Wikimedia REST API, pageviews per-article, all-access, agente user (coleta própria 1/9/2026)",https://pt.wikipedia.org/wiki/Ronaldo_Caiado,
2026-08-20,Samara Martins,Samara Martins,957,"Wikimedia REST API, pageviews per-article, all-access, agente user (coleta própria 1/9/2026)",https://pt.wikipedia.org/wiki/Samara_Martins,
2026-08-21,Augusto Cury,Augusto Cury,5606,"Wikimedia REST API, pageviews per-article, all-access, agente user (coleta própria 1/9/2026)",https://pt.wikipedia.org/wiki/Augusto_Cury,
2026-08-21,Flávio Bolsonaro,Flávio Bolsonaro,1551,"Wikimedia REST API, pageviews per-article, all-access, agente user (coleta própria 1/9/2026)",https://pt.wikipedia.org/wiki/Flávio_Bolsonaro,
2026-08-21,Lula,Luiz Inácio Lula da Silva,3310,"Wikimedia REST API, pageviews per-article, all-access, agente user (coleta própria 1/9/2026)",https://pt.wikipedia.org/wiki/Luiz_Inácio_Lula_da_Silva,
2026-08-21,Pablo Marçal,Pablo Marçal,3133,"Wikimedia REST API, pageviews per-article, all-access, agente user (coleta própria 1/9/2026)",https://pt.wikipedia.org/wiki/Pablo_Marçal,
2026-08-21,Renan Santos,Renan Santos,7801,"Wikimedia REST API, pageviews per-article, all-access, agente user (coleta própria 1/9/2026)",https://pt.wikipedia.org/wiki/Renan_Santos,
2026-08-21,Romeu Zema,Romeu Zema,1505,"Wikimedia REST API, pageviews per-article, all-access, agente user (coleta própria 1/9/2026)",https://pt.wikipedia.org/wiki/Romeu_Zema,
2026-08-21,Ronaldo Caiado,Ronaldo Caiado,2398,"Wikimedia REST API, pageviews per-article, all-access, agente user (coleta própria 1/9/2026)",https://pt.wikipedia.org/wiki/Ronaldo_Caiado,
2026-08-21,Samara Martins,Samara Martins,1269,"Wikimedia REST API, pageviews per-article, all-access, agente user (coleta própria 1/9/2026)",https://pt.wikipedia.org/wiki/Samara_Martins,
2026-08-22,Augusto Cury,Augusto Cury,5412,"Wikimedia REST API, pageviews per-article, all-access, agente user (coleta própria 1/9/2026)",https://pt.wikipedia.org/wiki/Augusto_Cury,
2026-08-22,Flávio Bolsonaro,Flávio Bolsonaro,1693,"Wikimedia REST API, pageviews per-article, all-access, agente user (coleta própria 1/9/2026)",https://pt.wikipedia.org/wiki/Flávio_Bolsonaro,
2026-08-22,Lula,Luiz Inácio Lula da Silva,3207,"Wikimedia REST API, pageviews per-article, all-access, agente user (coleta própria 1/9/2026)",https://pt.wikipedia.org/wiki/Luiz_Inácio_Lula_da_Silva,
2026-08-22,Pablo Marçal,Pablo Marçal,2625,"Wikimedia REST API, pageviews per-article, all-access, agente user (coleta própria 1/9/2026)",https://pt.wikipedia.org/wiki/Pablo_Marçal,
2026-08-22,Renan Santos,Renan Santos,9148,"Wikimedia REST API, pageviews per-article, all-access, agente user (coleta própria 1/9/2026)",https://pt.wikipedia.org/wiki/Renan_Santos,
2026-08-22,Romeu Zema,Romeu Zema,1787,"Wikimedia REST API, pageviews per-article, all-access, agente user (coleta própria 1/9/2026)",https://pt.wikipedia.org/wiki/Romeu_Zema,
2026-08-22,Ronaldo Caiado,Ronaldo Caiado,2733,"Wikimedia REST API, pageviews per-article, all-access, agente user (coleta própria 1/9/2026)",https://pt.wikipedia.org/wiki/Ronaldo_Caiado,
2026-08-22,Samara Martins,Samara Martins,1602,"Wikimedia REST API, pageviews per-article, all-access, agente user (coleta própria 1/9/2026)",https://pt.wikipedia.org/wiki/Samara_Martins,
2026-08-23,Augusto Cury,Augusto Cury,17309,"Wikimedia REST API, pageviews per-article, all-access, agente user (coleta própria 1/9/2026)",https://pt.wikipedia.org/wiki/Augusto_Cury,
2026-08-23,Flávio Bolsonaro,Flávio Bolsonaro,1824,"Wikimedia REST API, pageviews per-article, all-access, agente user (coleta própria 1/9/2026)",https://pt.wikipedia.org/wiki/Flávio_Bolsonaro,
2026-08-23,Lula,Luiz Inácio Lula da Silva,3205,"Wikimedia REST API, pageviews per-article, all-access, agente user (coleta própria 1/9/2026)",https://pt.wikipedia.org/wiki/Luiz_Inácio_Lula_da_Silva,
2026-08-23,Pablo Marçal,Pablo Marçal,2713,"Wikimedia REST API, pageviews per-article, all-access, agente user (coleta própria 1/9/2026)",https://pt.wikipedia.org/wiki/Pablo_Marçal,
2026-08-23,Renan Santos,Renan Santos,19566,"Wikimedia REST API, pageviews per-article, all-access, agente user (coleta própria 1/9/2026)",https://pt.wikipedia.org/wiki/Renan_Santos,
2026-08-23,Romeu Zema,Romeu Zema,1639,"Wikimedia REST API, pageviews per-article, all-access, agente user (coleta própria 1/9/2026)",https://pt.wikipedia.org/wiki/Romeu_Zema,
2026-08-23,Ronaldo Caiado,Ronaldo Caiado,6152,"Wikimedia REST API, pageviews per-article, all-access, agente user (coleta própria 1/9/2026)",https://pt.wikipedia.org/wiki/Ronaldo_Caiado,
2026-08-23,Samara Martins,Samara Martins,915,"Wikimedia REST API, pageviews per-article, all-access, agente user (coleta própria 1/9/2026)",https://pt.wikipedia.org/wiki/Samara_Martins,
2026-08-24,Augusto Cury,Augusto Cury,43932,"Wikimedia REST API, pageviews per-article, all-access, agente user (coleta própria 1/9/2026)",https://pt.wikipedia.org/wiki/Augusto_Cury,
2026-08-24,Flávio Bolsonaro,Flávio Bolsonaro,2578,"Wikimedia REST API, pageviews per-article, all-access, agente user (coleta própria 1/9/2026)",https://pt.wikipedia.org/wiki/Flávio_Bolsonaro,
2026-08-24,Lula,Luiz Inácio Lula da Silva,4026,"Wikimedia REST API, pageviews per-article, all-access, agente user (coleta própria 1/9/2026)",https://pt.wikipedia.org/wiki/Luiz_Inácio_Lula_da_Silva,
2026-08-24,Pablo Marçal,Pablo Marçal,2857,"Wikimedia REST API, pageviews per-article, all-access, agente user (coleta própria 1/9/2026)",https://pt.wikipedia.org/wiki/Pablo_Marçal,
2026-08-24,Renan Santos,Renan Santos,42211,"Wikimedia REST API, pageviews per-article, all-access, agente user (coleta própria 1/9/2026)",https://pt.wikipedia.org/wiki/Renan_Santos,
2026-08-24,Romeu Zema,Romeu Zema,3187,"Wikimedia REST API, pageviews per-article, all-access, agente user (coleta própria 1/9/2026)",https://pt.wikipedia.org/wiki/Romeu_Zema,
2026-08-24,Ronaldo Caiado,Ronaldo Caiado,10233,"Wikimedia REST API, pageviews per-article, all-access, agente user (coleta própria 1/9/2026)",https://pt.wikipedia.org/wiki/Ronaldo_Caiado,
2026-08-24,Samara Martins,Samara Martins,1282,"Wikimedia REST API, pageviews per-article, all-access, agente user (coleta própria 1/9/2026)",https://pt.wikipedia.org/wiki/Samara_Martins,
2026-08-25,Augusto Cury,Augusto Cury,38192,"Wikimedia REST API, pageviews per-article, all-access, agente user (coleta própria 1/9/2026)",https://pt.wikipedia.org/wiki/Augusto_Cury,
2026-08-25,Flávio Bolsonaro,Flávio Bolsonaro,2520,"Wikimedia REST API, pageviews per-article, all-access, agente user (coleta própria 1/9/2026)",https://pt.wikipedia.org/wiki/Flávio_Bolsonaro,
2026-08-25,Lula,Luiz Inácio Lula da Silva,4197,"Wikimedia REST API, pageviews per-article, all-access, agente user (coleta própria 1/9/2026)",https://pt.wikipedia.org/wiki/Luiz_Inácio_Lula_da_Silva,
2026-08-25,Pablo Marçal,Pablo Marçal,2242,"Wikimedia REST API, pageviews per-article, all-access, agente user (coleta própria 1/9/2026)",https://pt.wikipedia.org/wiki/Pablo_Marçal,
2026-08-25,Renan Santos,Renan Santos,18819,"Wikimedia REST API, pageviews per-article, all-access, agente user (coleta própria 1/9/2026)",https://pt.wikipedia.org/wiki/Renan_Santos,
2026-08-25,Romeu Zema,Romeu Zema,13032,"Wikimedia REST API, pageviews per-article, all-access, agente user (coleta própria 1/9/2026)",https://pt.wikipedia.org/wiki/Romeu_Zema,
2026-08-25,Ronaldo Caiado,Ronaldo Caiado,5748,"Wikimedia REST API, pageviews per-article, all-access, agente user (coleta própria 1/9/2026)",https://pt.wikipedia.org/wiki/Ronaldo_Caiado,
2026-08-25,Samara Martins,Samara Martins,1300,"Wikimedia REST API, pageviews per-article, all-access, agente user (coleta própria 1/9/2026)",https://pt.wikipedia.org/wiki/Samara_Martins,
2026-08-26,Augusto Cury,Augusto Cury,102016,"Wikimedia REST API, pageviews per-article, all-access, agente user (coleta própria 1/9/2026)",https://pt.wikipedia.org/wiki/Augusto_Cury,
2026-08-26,Flávio Bolsonaro,Flávio Bolsonaro,2867,"Wikimedia REST API, pageviews per-article, all-access, agente user (coleta própria 1/9/2026)",https://pt.wikipedia.org/wiki/Flávio_Bolsonaro,
2026-08-26,Lula,Luiz Inácio Lula da Silva,4555,"Wikimedia REST API, pageviews per-article, all-access, agente user (coleta própria 1/9/2026)",https://pt.wikipedia.org/wiki/Luiz_Inácio_Lula_da_Silva,
2026-08-26,Pablo Marçal,Pablo Marçal,2455,"Wikimedia REST API, pageviews per-article, all-access, agente user (coleta própria 1/9/2026)",https://pt.wikipedia.org/wiki/Pablo_Marçal,
2026-08-26,Renan Santos,Renan Santos,45763,"Wikimedia REST API, pageviews per-article, all-access, agente user (coleta própria 1/9/2026)",https://pt.wikipedia.org/wiki/Renan_Santos,
2026-08-26,Romeu Zema,Romeu Zema,4306,"Wikimedia REST API, pageviews per-article, all-access, agente user (coleta própria 1/9/2026)",https://pt.wikipedia.org/wiki/Romeu_Zema,
2026-08-26,Ronaldo Caiado,Ronaldo Caiado,20042,"Wikimedia REST API, pageviews per-article, all-access, agente user (coleta própria 1/9/2026)",https://pt.wikipedia.org/wiki/Ronaldo_Caiado,
2026-08-26,Samara Martins,Samara Martins,2732,"Wikimedia REST API, pageviews per-article, all-access, agente user (coleta própria 1/9/2026)",https://pt.wikipedia.org/wiki/Samara_Martins,
2026-08-27,Augusto Cury,Augusto Cury,139603,"Wikimedia REST API, pageviews per-article, all-access, agente user (coleta própria 1/9/2026)",https://pt.wikipedia.org/wiki/Augusto_Cury,
2026-08-27,Flávio Bolsonaro,Flávio Bolsonaro,2655,"Wikimedia REST API, pageviews per-article, all-access, agente user (coleta própria 1/9/2026)",https://pt.wikipedia.org/wiki/Flávio_Bolsonaro,
2026-08-27,Lula,Luiz Inácio Lula da Silva,4369,"Wikimedia REST API, pageviews per-article, all-access, agente user (coleta própria 1/9/2026)",https://pt.wikipedia.org/wiki/Luiz_Inácio_Lula_da_Silva,
2026-08-27,Pablo Marçal,Pablo Marçal,2408,"Wikimedia REST API, pageviews per-article, all-access, agente user (coleta própria 1/9/2026)",https://pt.wikipedia.org/wiki/Pablo_Marçal,
2026-08-27,Renan Santos,Renan Santos,31424,"Wikimedia REST API, pageviews per-article, all-access, agente user (coleta própria 1/9/2026)",https://pt.wikipedia.org/wiki/Renan_Santos,
2026-08-27,Romeu Zema,Romeu Zema,2846,"Wikimedia REST API, pageviews per-article, all-access, agente user (coleta própria 1/9/2026)",https://pt.wikipedia.org/wiki/Romeu_Zema,
2026-08-27,Ronaldo Caiado,Ronaldo Caiado,5333,"Wikimedia REST API, pageviews per-article, all-access, agente user (coleta própria 1/9/2026)",https://pt.wikipedia.org/wiki/Ronaldo_Caiado,
2026-08-27,Samara Martins,Samara Martins,1576,"Wikimedia REST API, pageviews per-article, all-access, agente user (coleta própria 1/9/2026)",https://pt.wikipedia.org/wiki/Samara_Martins,
2026-08-28,Augusto Cury,Augusto Cury,78977,"Wikimedia REST API, pageviews per-article, all-access, agente user (coleta própria 1/9/2026)",https://pt.wikipedia.org/wiki/Augusto_Cury,
2026-08-28,Flávio Bolsonaro,Flávio Bolsonaro,3497,"Wikimedia REST API, pageviews per-article, all-access, agente user (coleta própria 1/9/2026)",https://pt.wikipedia.org/wiki/Flávio_Bolsonaro,
2026-08-28,Lula,Luiz Inácio Lula da Silva,8773,"Wikimedia REST API, pageviews per-article, all-access, agente user (coleta própria 1/9/2026)",https://pt.wikipedia.org/wiki/Luiz_Inácio_Lula_da_Silva,
2026-08-28,Pablo Marçal,Pablo Marçal,2302,"Wikimedia REST API, pageviews per-article, all-access, agente user (coleta própria 1/9/2026)",https://pt.wikipedia.org/wiki/Pablo_Marçal,
2026-08-28,Renan Santos,Renan Santos,12615,"Wikimedia REST API, pageviews per-article, all-access, agente user (coleta própria 1/9/2026)",https://pt.wikipedia.org/wiki/Renan_Santos,
2026-08-28,Romeu Zema,Romeu Zema,2028,"Wikimedia REST API, pageviews per-article, all-access, agente user (coleta própria 1/9/2026)",https://pt.wikipedia.org/wiki/Romeu_Zema,
2026-08-28,Ronaldo Caiado,Ronaldo Caiado,4317,"Wikimedia REST API, pageviews per-article, all-access, agente user (coleta própria 1/9/2026)",https://pt.wikipedia.org/wiki/Ronaldo_Caiado,
2026-08-28,Samara Martins,Samara Martins,1582,"Wikimedia REST API, pageviews per-article, all-access, agente user (coleta própria 1/9/2026)",https://pt.wikipedia.org/wiki/Samara_Martins,
2026-08-29,Augusto Cury,Augusto Cury,49122,"Wikimedia REST API, pageviews per-article, all-access, agente user (coleta própria 1/9/2026)",https://pt.wikipedia.org/wiki/Augusto_Cury,
2026-08-29,Flávio Bolsonaro,Flávio Bolsonaro,8795,"Wikimedia REST API, pageviews per-article, all-access, agente user (coleta própria 1/9/2026)",https://pt.wikipedia.org/wiki/Flávio_Bolsonaro,
2026-08-29,Lula,Luiz Inácio Lula da Silva,5670,"Wikimedia REST API, pageviews per-article, all-access, agente user (coleta própria 1/9/2026)",https://pt.wikipedia.org/wiki/Luiz_Inácio_Lula_da_Silva,
2026-08-29,Pablo Marçal,Pablo Marçal,1925,"Wikimedia REST API, pageviews per-article, all-access, agente user (coleta própria 1/9/2026)",https://pt.wikipedia.org/wiki/Pablo_Marçal,
2026-08-29,Renan Santos,Renan Santos,9038,"Wikimedia REST API, pageviews per-article, all-access, agente user (coleta própria 1/9/2026)",https://pt.wikipedia.org/wiki/Renan_Santos,
2026-08-29,Romeu Zema,Romeu Zema,1833,"Wikimedia REST API, pageviews per-article, all-access, agente user (coleta própria 1/9/2026)",https://pt.wikipedia.org/wiki/Romeu_Zema,
2026-08-29,Ronaldo Caiado,Ronaldo Caiado,4049,"Wikimedia REST API, pageviews per-article, all-access, agente user (coleta própria 1/9/2026)",https://pt.wikipedia.org/wiki/Ronaldo_Caiado,
2026-08-29,Samara Martins,Samara Martins,1094,"Wikimedia REST API, pageviews per-article, all-access, agente user (coleta própria 1/9/2026)",https://pt.wikipedia.org/wiki/Samara_Martins,
2026-08-30,Augusto Cury,Augusto Cury,54400,"Wikimedia REST API, pageviews per-article, all-access, agente user (coleta própria 1/9/2026)",https://pt.wikipedia.org/wiki/Augusto_Cury,
2026-08-30,Flávio Bolsonaro,Flávio Bolsonaro,3718,"Wikimedia REST API, pageviews per-article, all-access, agente user (coleta própria 1/9/2026)",https://pt.wikipedia.org/wiki/Flávio_Bolsonaro,
2026-08-30,Lula,Luiz Inácio Lula da Silva,4577,"Wikimedia REST API, pageviews per-article, all-access, agente user (coleta própria 1/9/2026)",https://pt.wikipedia.org/wiki/Luiz_Inácio_Lula_da_Silva,
2026-08-30,Pablo Marçal,Pablo Marçal,1866,"Wikimedia REST API, pageviews per-article, all-access, agente user (coleta própria 1/9/2026)",https://pt.wikipedia.org/wiki/Pablo_Marçal,
2026-08-30,Renan Santos,Renan Santos,7935,"Wikimedia REST API, pageviews per-article, all-access, agente user (coleta própria 1/9/2026)",https://pt.wikipedia.org/wiki/Renan_Santos,
2026-08-30,Romeu Zema,Romeu Zema,1547,"Wikimedia REST API, pageviews per-article, all-access, agente user (coleta própria 1/9/2026)",https://pt.wikipedia.org/wiki/Romeu_Zema,
2026-08-30,Ronaldo Caiado,Ronaldo Caiado,3470,"Wikimedia REST API, pageviews per-article, all-access, agente user (coleta própria 1/9/2026)",https://pt.wikipedia.org/wiki/Ronaldo_Caiado,
2026-08-30,Samara Martins,Samara Martins,1199,"Wikimedia REST API, pageviews per-article, all-access, agente user (coleta própria 1/9/2026)",https://pt.wikipedia.org/wiki/Samara_Martins,
2026-08-31,Augusto Cury,Augusto Cury,40684,"Wikimedia REST API, pageviews per-article, all-access, agente user (coleta própria 1/9/2026)",https://pt.wikipedia.org/wiki/Augusto_Cury,
2026-08-31,Flávio Bolsonaro,Flávio Bolsonaro,3689,"Wikimedia REST API, pageviews per-article, all-access, agente user (coleta própria 1/9/2026)",https://pt.wikipedia.org/wiki/Flávio_Bolsonaro,
2026-08-31,Lula,Luiz Inácio Lula da Silva,4166,"Wikimedia REST API, pageviews per-article, all-access, agente user (coleta própria 1/9/2026)",https://pt.wikipedia.org/wiki/Luiz_Inácio_Lula_da_Silva,
2026-08-31,Pablo Marçal,Pablo Marçal,1578,"Wikimedia REST API, pageviews per-article, all-access, agente user (coleta própria 1/9/2026)",https://pt.wikipedia.org/wiki/Pablo_Marçal,
2026-08-31,Renan Santos,Renan Santos,12026,"Wikimedia REST API, pageviews per-article, all-access, agente user (coleta própria 1/9/2026)",https://pt.wikipedia.org/wiki/Renan_Santos,
2026-08-31,Romeu Zema,Romeu Zema,1477,"Wikimedia REST API, pageviews per-article, all-access, agente user (coleta própria 1/9/2026)",https://pt.wikipedia.org/wiki/Romeu_Zema,
2026-08-31,Ronaldo Caiado,Ronaldo Caiado,3198,"Wikimedia REST API, pageviews per-article, all-access, agente user (coleta própria 1/9/2026)",https://pt.wikipedia.org/wiki/Ronaldo_Caiado,
2026-08-31,Samara Martins,Samara Martins,1076,"Wikimedia REST API, pageviews per-article, all-access, agente user (coleta própria 1/9/2026)",https://pt.wikipedia.org/wiki/Samara_Martins,
