uf,slug,nome_urna,nome_completo,numero,partido,cargo,situacao_tse,totalizacao,coligacao,composicao_coligacao,vice,data_nascimento,sexo,instrucao,ocupacao,uf_nascimento,municipio_nascimento,total_bens,n_bens,instagram,tiktok,facebook,youtube,x,site,foto_url,eleicoes_anteriores,atualizado_tse,fonte
AC,ac-gov-alan-rick,Alan Rick,Alan Rick Miranda,10,REPUBLICANOS,Governador,Deferido,Concorrendo,TRABALHO DA ESPERANÇA,REPUBLICANOS / NOVO / PSD / AVANTE,RICARDO LEITE (REPUBLICANOS),1976-10-23,MASC.,Superior completo,Jornalista e Redator,AC,RIO BRANCO,5244567.72,25,alanrickm,,alanrickoficial,alanrick3,,https://alanrick.org.br,https://divulgacandcontas.tse.jus.br/divulga/rest/arquivo/img/20322002026/10002532492/AC,2022: Senador (Eleito); 2018: Deputado Federal (Eleito por QP); 2014: Deputado Federal (Eleito por média),,"TSE DivulgaCandContas, API candidatura/buscar, 2026-09-02"
AC,ac-gov-dr-luisinho,Dr.luisinho,Francisco das Chagas Conceicao da Silva,36,AGIR,Governador,Deferido,Concorrendo,,,DANIELA PAIVA (AGIR),1975-01-16,MASC.,Superior completo,Empresário,AC,CRUZEIRO DO SUL,0.0,0,,,,,,,https://divulgacandcontas.tse.jus.br/divulga/rest/arquivo/img/20322002026/10002533539/AC,2020: Vereador (Suplente),,"TSE DivulgaCandContas, API candidatura/buscar, 2026-09-02"
AC,ac-gov-tiao-bocalom,Tião Bocalom,Sebastiao Bocalom Rodrigues,45,PSDB,Governador,Aguardando julgamento,Concorrendo,PRODUZIR PARA EMPREGAR,FEDERAÇÃO RENOVAÇÃO SOLIDÁRIA(PRD/SOLIDARIEDADE) / FEDERAÇÃO PSDB CIDADANIA(PSDB/CIDADANIA),SARGENTO ADONIS (PSDB),1953-05-18,MASC.,Superior completo,Agricultor,PR,BELA VISTA DO PARAÍSO,1216500.0,7,,,,,,https://@bocalom.oficial,https://divulgacandcontas.tse.jus.br/divulga/rest/arquivo/img/20322002026/10002544015/AC,2024: Prefeito (Eleito); 2020: Prefeito (Eleito); 2018: Deputado Federal (Não eleito); 2014: Governador (Não eleito); 2012: Prefeito (Não eleito); 2010: Governador (Não eleito); 2008: Prefeito (Não eleito); 2006: Governador (Concorrendo); 2004: Prefeito (Eleito),,"TSE DivulgaCandContas, API candidatura/buscar, 2026-09-02"
AC,ac-gov-mailza-assis,Mailza Assis,Mailza Assis Cameli,11,PP,Governador,Deferido,Concorrendo,AVANÇA ACRE,PDT / MDB / PL / DEMOCRATA / FEDERAÇÃO UNIÃO PROGRESSISTA(UNIÃO/PP),JESSICA SALES (MDB),1976-12-10,FEM.,Superior completo,Governador,MS,MUNDO NOVO,167482.91,5,mailza.acre,,,,,,https://divulgacandcontas.tse.jus.br/divulga/rest/arquivo/img/20322002026/10002544107/AC,2022: Vice-governador (Eleito); 2014: 1º Suplente (Eleito),,"TSE DivulgaCandContas, API candidatura/buscar, 2026-09-02"
AC,ac-gov-eudo-raffael,Eudo Raffael,Eudo Raffael Lima da Silva,21,PCB,Governador,Deferido,Concorrendo,,,POETA CESINHA (PCB),1985-08-27,MASC.,Superior incompleto,Bancário e Economiário,AC,RIO BRANCO,165000.0,2,eudoraffael,,,,,,https://divulgacandcontas.tse.jus.br/divulga/rest/arquivo/img/20322002026/10002549500/AC,,,"TSE DivulgaCandContas, API candidatura/buscar, 2026-09-02"
AC,ac-gov-thor-dantas,Thor Dantas,Thor Oliveira Dantas,40,PSB,Governador,Deferido,Concorrendo,FRENTE AMPLA PELO ACRE,PODE / PSB / FEDERAÇÃO BRASIL DA ESPERANÇA - FE BRASIL(PT/PC do B/PV),SOCORRO RODRIGUES (PODE),1973-10-29,MASC.,Superior completo,Médico,AC,RIO BRANCO,761462.79,27,drthordantas,drthordantas,thor.dantas,thormdac,,,https://divulgacandcontas.tse.jus.br/divulga/rest/arquivo/img/20322002026/10002550719/AC,2022: Deputado Federal (Não eleito),,"TSE DivulgaCandContas, API candidatura/buscar, 2026-09-02"
AL,al-gov-lenilda-luna,Lenilda Luna,Lenilda Luna de Almeida,80,UP,Governador,Aguardando julgamento,Concorrendo,,,JARDEL QUEIROZ (UP),1966-10-04,FEM.,Superior completo,Servidor Público Federal,AL,MACEIÓ,115000.0,2,lenildaluna,,,,,,https://divulgacandcontas.tse.jus.br/divulga/rest/arquivo/img/20322002026/20002539642/AL,2024: Prefeito (Não eleito); 2022: Deputado Federal (Não eleito); 2020: Prefeito (Não eleito),,"TSE DivulgaCandContas, API candidatura/buscar, 2026-09-02"
AL,al-gov-marcio-jambo,Márcio Jambo,Marcio Ferreira Jambo Sobrinho,35,DEMOCRATA,Governador,Aguardando julgamento,Concorrendo,,,JAUDINETE PONTES (DEMOCRATA),1969-06-24,MASC.,Superior incompleto,"Corretor de Imóveis, Seguros, Títulos e Valores",AL,MACEIÓ,0.0,0,,,,,,https://marciojambo.ser@gmail.com,https://divulgacandcontas.tse.jus.br/divulga/rest/arquivo/img/20322002026/20002552502/AL,2022: Deputado Federal (Concorrendo); 2020: Vereador (Suplente); 2006: Deputado Estadual (Concorrendo); 2004: Vereador (Concorrendo),,"TSE DivulgaCandContas, API candidatura/buscar, 2026-09-02"
AL,al-gov-jhc,JHC,João Henrique Holanda Caldas,45,PSDB,Governador,Aguardando julgamento,Concorrendo,ALAGOAS GIGANTE,PDT / PODE / PL / DC / AVANTE / FEDERAÇÃO PSDB CIDADANIA(PSDB/CIDADANIA) / FEDERAÇÃO RENOVAÇÃO SOLIDÁRIA(PRD/SOLIDARIEDADE) / FEDERAÇÃO UNIÃO PROGRESSISTA(UNIÃO/PP),CÉLIA ROCHA (PSDB),1987-07-22,MASC.,Superior completo,Advogado,AL,MACEIÓ,2244732.19,8,jhcdopovo,tiojhc,jhc,,,https://jhcdopovo.neocities.org,https://divulgacandcontas.tse.jus.br/divulga/rest/arquivo/img/20322002026/20002553350/AL,2024: Prefeito (Eleito); 2020: Prefeito (Eleito); 2018: Deputado Federal (Eleito por QP); 2016: Prefeito (Não eleito); 2014: Deputado Federal (Eleito por QP); 2010: Deputado Estadual (Suplente),,"TSE DivulgaCandContas, API candidatura/buscar, 2026-09-02"
AL,al-gov-renan-filho,Renan Filho,José Renan Vasconcelos Calheiros Filho,15,MDB,Governador,Aguardando julgamento,Concorrendo,PRA ALAGOAS FAZER HISTÓRIA DE NOVO,MDB / PODE / AGIR / PSB / PSD / AVANTE / FEDERAÇÃO BRASIL DA ESPERANÇA - FE BRASIL(PT/PC do B/PV) / FEDERAÇÃO RENOVAÇÃO SOLIDÁRIA(PRD/SOLIDARIEDADE),YALE BARBOSA (MDB),1979-10-08,MASC.,Superior completo,Economista,AL,MURICI,1785449.87,8,renanfilho,sourenanfilho,filhorenan,renanfilho15,renanfilho_,https://renanfilhodealagoas.com.br,https://divulgacandcontas.tse.jus.br/divulga/rest/arquivo/img/20322002026/20002553745/AL,2022: Senador (Eleito); 2018: Governador (Eleito); 2014: Governador (Eleito); 2010: Deputado Federal (Eleito); 2008: Prefeito (Eleito); 2004: Prefeito (Concorrendo),,"TSE DivulgaCandContas, API candidatura/buscar, 2026-09-02"
AM,am-gov-omar-aziz,Omar Aziz,Omar Jose Abdelaziz,55,PSD,Governador,Deferido,Concorrendo,FORÇA AMAZONAS,REPUBLICANOS / MDB / PSD / FEDERAÇÃO BRASIL DA ESPERANÇA - FE BRASIL(PT/PC do B/PV),ALESSANDRA CAMPELO (PSD),1958-08-13,MASC.,Superior completo,Senador,SP,SÃO PAULO,2070608.0,5,omaraziz.am,omaraziz.am,omarazizamazonas,omarazizam,omarazizam_,https://omaraziz.com.br,https://divulgacandcontas.tse.jus.br/divulga/rest/arquivo/img/20322002026/40002532272/AM,2022: Senador (Eleito); 2018: Governador (Não eleito); 2014: Senador (Eleito); 2010: Governador (Eleito); 2008: Prefeito (Não eleito); 2006: Vice-G (Concorrendo),,"TSE DivulgaCandContas, API candidatura/buscar, 2026-09-02"
AM,am-gov-gilberto-vasconcelos,Gilberto Vasconcelos,Gilberto Vasconcelos da Silva,16,PSTU,Governador,Aguardando julgamento,Concorrendo,,,JULIANA FROTA (PSTU),1967-04-15,MASC.,Superior completo,Professor de Ensino Fundamental,AM,MANAUS,0.0,0,gilberto_pstu,pstuamazonas,share,pstuamazonas,,,https://divulgacandcontas.tse.jus.br/divulga/rest/arquivo/img/20322002026/40002535267/AM,2024: Prefeito (Não eleito); 2020: Prefeito (Não eleito); 2014: Vice-governador (Não eleito); 2012: Vereador (Não eleito); 2010: Deputado Federal (Não eleito); 2008: Vice-P (Concorrendo); 2006: S1 S (Concorrendo); 2004: Vereador (Não eleito),,"TSE DivulgaCandContas, API candidatura/buscar, 2026-09-02"
AM,am-gov-david-almeida,David Almeida,David Antônio Abisai Pereira de Almeida,70,AVANTE,Governador,Aguardando julgamento,Concorrendo,PRA CIMA AMAZONAS,PDT / DC / AGIR / AVANTE / FEDERAÇÃO RENOVAÇÃO SOLIDÁRIA(PRD/SOLIDARIEDADE),DRA. SHÁDIA (AVANTE),1969-02-08,MASC.,Superior completo,Outros,AM,MANAUS,1432848.4,6,shadiafraxe,davidalmeida.am,share,davidalmeidaam,davidalmeidaam,https://wa.me/+5592995120524,https://divulgacandcontas.tse.jus.br/divulga/rest/arquivo/img/20322002026/40002536086/AM,2024: Prefeito (Eleito); 2020: Prefeito (Eleito); 2018: Governador (Não eleito); 2014: Deputado Estadual (Eleito por QP); 2010: Deputado Estadual (Eleito); 2006: Deputado Estadual (Concorrendo); 2004: Vereador (Suplente),,"TSE DivulgaCandContas, API candidatura/buscar, 2026-09-02"
AM,am-gov-professora-maria-do-carmo,Professora Maria do Carmo,Maria do Carmo Seffair Lins de Albuquerque,22,PL,Governador,Deferido,Concorrendo,MUDAR É URGENTE,PL / NOVO,CORONEL ANIBAL (PL),1959-11-26,FEM.,Superior completo,Empresário,AM,MANAUS,118473769.48,27,professoramaria.22,mariadocarmoseffair,share,mariadocarmoseffair,mariaseffair,https://profmariadocarmo.com.br,https://divulgacandcontas.tse.jus.br/divulga/rest/arquivo/img/20322002026/40002541626/AM,2024: Vice-prefeito (2º turno); 2022: 1º Suplente (Não eleito),,"TSE DivulgaCandContas, API candidatura/buscar, 2026-09-02"
AM,am-gov-roberto-cidade,Roberto Cidade,Roberto Maia Cidade Filho,44,UNIÃO,Governador,Aguardando julgamento,Concorrendo,UNIÃO PELO AMAZONAS,PSB / FEDERAÇÃO UNIÃO PROGRESSISTA(UNIÃO/PP) / PODE,SERAFIM (PSB),1986-10-02,MASC.,Superior completo,Governador,AM,MANAUS,4285400.8,12,mulherescomcidade,robertocidadeam,groups,robertocidade7132,robertocidadeam,https://twibbonize.com/cidade44,https://divulgacandcontas.tse.jus.br/divulga/rest/arquivo/img/20322002026/40002541741/AM,2024: Prefeito (Não eleito); 2022: Deputado Estadual (Eleito por QP); 2018: Deputado Estadual (Eleito por QP); 2016: Vereador (Suplente),,"TSE DivulgaCandContas, API candidatura/buscar, 2026-09-02"
AM,am-gov-isael-munduruku,Isael Munduruku,Isael Franklin Gonçalves,18,REDE,Governador,Aguardando julgamento,Concorrendo,FEDERAÇÃO PSOL REDE(PSOL/REDE),,LEO BALBI (PSOL),1978-03-05,MASC.,Superior completo,Advogado,AM,MANAUS,1657000.0,3,isael.munduruku,,isael.munduruku,,,,https://divulgacandcontas.tse.jus.br/divulga/rest/arquivo/img/20322002026/40002550776/AM,2010: Deputado Estadual (Suplente),,"TSE DivulgaCandContas, API candidatura/buscar, 2026-09-02"
AM,am-gov-cabo-daciolo,Cabo Daciolo,Benevenuto Daciolo Fonseca dos Santos,33,MOBILIZA,Governador,Aguardando julgamento,Concorrendo,,,PROFESSOR IGOR OLIVEIRA (MOBILIZA),1976-03-30,MASC.,Superior completo,Militar Reformado,SC,FLORIANÓPOLIS,190750.0,15,cabodaciolo33,cabo.daciolo.33,depudadocabodaciolo,,cabodaciolo33,https://apoio.top/q/euvotoxuxaedaciolo,https://divulgacandcontas.tse.jus.br/divulga/rest/arquivo/img/20322002026/40002551740/AM,2022: Senador (Não eleito); 2018: Presidente (Não eleito); 2014: Deputado Federal (Eleito por QP); 2008: Vereador (Suplente); 2006: Deputado Estadual (Concorrendo),,"TSE DivulgaCandContas, API candidatura/buscar, 2026-09-02"
AP,ap-gov-dr-furlan,Dr. Furlan,Antonio Paulo de Oliveira Furlan,55,PSD,Governador,Deferido com recurso,Concorrendo,TRABALHAR PARA TRANSFORMAR O AMAPÁ,NOVO / PSD / PODE / PL,LUCIANA GURGEL (PL),1973-07-09,MASC.,Superior completo,Médico,ZZ,SÃO JOSÉ,1168464.77,6,dr.furlan,dr.furlan,,,dr_furlan,https://drfurlangovzao.com.br,https://divulgacandcontas.tse.jus.br/divulga/rest/arquivo/img/20322002026/30002530014/AP,2024: Prefeito (Eleito); 2020: Prefeito (Eleito); 2018: Deputado Estadual (Eleito por QP); 2014: Deputado Estadual (Eleito por QP); 2010: Deputado Estadual (Concorrendo); 2010: Deputado Estadual (Suplente),,"TSE DivulgaCandContas, API candidatura/buscar, 2026-09-02"
AP,ap-gov-clecio,Clécio,Clécio Luís Vilhena Vieira,44,UNIÃO,Governador,Aguardando julgamento,Concorrendo,JUNTOS POR TODO O AMAPÁ,REPUBLICANOS / PDT / AGIR / FEDERAÇÃO UNIÃO PROGRESSISTA(UNIÃO/PP) / FEDERAÇÃO PSDB CIDADANIA(PSDB/CIDADANIA) / FEDERAÇÃO BRASIL DA ESPERANÇA - FE BRASIL(PT/PC do B/PV) / FEDERAÇÃO RENOVAÇÃO SOLIDÁRIA(PRD/SOLIDARIEDADE),TELES JR. (PDT),1972-04-08,MASC.,Superior completo,Governador,PA,BELÉM,497990.0,4,clecioluis_,clecioluis_,curtaclecioluis,clecioluis1361,clecio_luis,,https://divulgacandcontas.tse.jus.br/divulga/rest/arquivo/img/20322002026/30002536311/AP,2022: Governador (Eleito); 2016: Prefeito (Eleito); 2012: Prefeito (Eleito); 2010: Deputado Federal (Concorrendo); 2010: S1 S (Concorrendo); 2008: Vereador (Eleito); 2006: Governador (Concorrendo); 2004: Vereador (Eleito),,"TSE DivulgaCandContas, API candidatura/buscar, 2026-09-02"
AP,ap-gov-carlos-cley,Carlos Cley,Carlos Cley Ramos Paiva,16,PSTU,Governador,Deferido,Concorrendo,,,ANA PAULA PINHEIRO (PSTU),1972-07-08,MASC.,Ensino Médio completo,Motorista Particular,PA,BELÉM,49166.0,2,,,,,,,https://divulgacandcontas.tse.jus.br/divulga/rest/arquivo/img/20322002026/30002536313/AP,2024: Vice-prefeito (Não eleito); 2010: S2 S (Concorrendo); 2006: Vice-G (Concorrendo); 2004: Vereador (Não eleito),,"TSE DivulgaCandContas, API candidatura/buscar, 2026-09-02"
AP,ap-gov-jairo-palheta,Jairo Palheta,Jairo Palheta da Silva Marques,29,PCO,Governador,Aguardando julgamento,Concorrendo,,,IRACIELY (PCO),1978-12-05,MASC.,Superior incompleto,Agricultor,AP,MACAPÁ,0.0,0,,,,,,https://candidatos.pco.org.br,https://divulgacandcontas.tse.jus.br/divulga/rest/arquivo/img/20322002026/30002551388/AP,2024: Prefeito (Não eleito); 2022: Governador (Não eleito); 2020: Vice-prefeito (Não eleito); 2018: Deputado Federal (Não eleito); 2010: Deputado Estadual (Suplente),,"TSE DivulgaCandContas, API candidatura/buscar, 2026-09-02"
AP,ap-gov-delegado-marcos,Delegado Marcos,Marcos Jose Reategui de Souza,27,DC,Governador,Deferido,Concorrendo,,,CRISTINA ARAÚJO (DC),1960-10-06,MASC.,Superior completo,Servidor Público Federal,AP,MACAPÁ,0.0,0,marcosreateguidesouza,marcosreategui2,share,,marcos_reategui,,https://divulgacandcontas.tse.jus.br/divulga/rest/arquivo/img/20322002026/30002552017/AP,2018: Deputado Federal (Suplente); 2014: Deputado Federal (Eleito por QP),,"TSE DivulgaCandContas, API candidatura/buscar, 2026-09-02"
BA,ba-gov-ronaldo-mansur,Ronaldo Mansur,Ronaldo Mansur Santos Silva,50,PSOL,Governador,Deferido,Concorrendo,FEDERAÇÃO PSOL REDE(PSOL/REDE),,PROFª MEIRE REIS (PSOL),1979-09-25,MASC.,Ensino Médio completo,Outros,BA,ALAGOINHAS,91397.22,5,ronaldomansur.psol,,,,,,https://divulgacandcontas.tse.jus.br/divulga/rest/arquivo/img/20322002026/50002532269/BA,2022: Vice-governador (Não eleito); 2018: Deputado Federal (Não eleito); 2014: Vice-governador (Não eleito),,"TSE DivulgaCandContas, API candidatura/buscar, 2026-09-02"
BA,ba-gov-acm-neto,ACM Neto,Antonio Carlos Peixoto de Magalhães Neto,44,UNIÃO,Governador,Deferido,Concorrendo,UNIDOS PARA MUDAR A BAHIA,REPUBLICANOS / PODE / PL / FEDERAÇÃO PSDB CIDADANIA(PSDB/CIDADANIA) / FEDERAÇÃO RENOVAÇÃO SOLIDÁRIA(PRD/SOLIDARIEDADE) / FEDERAÇÃO UNIÃO PROGRESSISTA(UNIÃO/PP) / NOVO,ZÉ COCÁ (PP),1979-01-26,MASC.,Superior completo,Empresário,BA,SALVADOR,84888809.63,44,acmneto,acmnetoba,acmnetooficial,acmnetooficial,acmneto_,https://acmneto.com.br,https://divulgacandcontas.tse.jus.br/divulga/rest/arquivo/img/20322002026/50002533190/BA,2022: Governador (2º turno); 2016: Prefeito (Eleito); 2012: Prefeito (2º turno); 2010: Deputado Federal (Eleito); 2008: Prefeito (Não eleito); 2006: Deputado Federal (Concorrendo),,"TSE DivulgaCandContas, API candidatura/buscar, 2026-09-02"
BA,ba-gov-ariel-capistrano,Ariel Capistrano,Ariel da Silva Capistrano,27,DC,Governador,Deferido com recurso,Concorrendo,,,ZÉ AUGUSTO (DC),1986-11-01,MASC.,Ensino Médio incompleto,Empresário,BA,FEIRA DE SANTANA,500000.0,1,,,,,,,https://divulgacandcontas.tse.jus.br/divulga/rest/arquivo/img/20322002026/50002535253/BA,,,"TSE DivulgaCandContas, API candidatura/buscar, 2026-09-02"
BA,ba-gov-jeronimo-rodrigues,Jerônimo Rodrigues,Jeronimo Rodrigues Souza,13,PT,Governador,Deferido,Concorrendo,"MAIS BAHIA, MAIS BRASIL",PDT / MDB / PSB / PSD / AVANTE / FEDERAÇÃO BRASIL DA ESPERANÇA - FE BRASIL(PT/PC do B/PV),GERALDO JÚNIOR (MDB),1965-04-03,MASC.,Superior completo,Servidor Público Estadual,BA,AIQUARA,886548.53,12,jeronimorodriguesba,jeronimorodriguesba,@jeronimorodriguesba,jeronimorodrigues,jeronimoba13,https://jeronimorodrigues.com.br,https://divulgacandcontas.tse.jus.br/divulga/rest/arquivo/img/20322002026/50002536314/BA,2022: Governador (Eleito),,"TSE DivulgaCandContas, API candidatura/buscar, 2026-09-02"
BA,ba-gov-estevao,Estêvão,Jose Estevao dos Santos Barbosa,27,DC,Governador,Indeferido em prazo recursal ou com recurso,Concorrendo,,,NEUZIMAR CAMACAM (DC),1958-05-19,MASC.,Superior completo,Administrador,BA,FLORESTA AZUL,600000.0,1,,,,,,,https://divulgacandcontas.tse.jus.br/divulga/rest/arquivo/img/20322002026/50002536579/BA,2006: Deputado Estadual (Concorrendo),,"TSE DivulgaCandContas, API candidatura/buscar, 2026-09-02"
BA,ba-gov-aroldo-felix,Aroldo Felix,Aroldo Felix de Azevedo Junior,80,UP,Governador,Deferido,Concorrendo,,,MARILIA DO MLB (UP),1982-12-16,MASC.,Superior completo,Professor de Ensino Superior,PB,JOÃO PESSOA,857485.32,3,prof.aroldofelix_up,,,,,,https://divulgacandcontas.tse.jus.br/divulga/rest/arquivo/img/20322002026/50002544692/BA,2022: Governador (Não eleito),,"TSE DivulgaCandContas, API candidatura/buscar, 2026-09-02"
BA,ba-gov-maria-bona,Maria Bona,Maria Bona Carrara de Sumbuy,29,PCO,Governador,Aguardando julgamento,Concorrendo,,,ZÉ RICARDO (PCO),1953-05-10,FEM.,Superior completo,Aposentado (Exceto Servidor Público),SP,SÃO PAULO,200000.0,1,,,,,,https://candidatos.pco.org.br,https://divulgacandcontas.tse.jus.br/divulga/rest/arquivo/img/20322002026/50002552489/BA,,,"TSE DivulgaCandContas, API candidatura/buscar, 2026-09-02"
CE,ce-gov-ciro-gomes,Ciro Gomes,Ciro Ferreira Gomes,45,PSDB,Governador,Deferido,Concorrendo,UNIR PARA MUDAR,PL / FEDERAÇÃO PSDB CIDADANIA(PSDB/CIDADANIA) / FEDERAÇÃO UNIÃO PROGRESSISTA(UNIÃO/PP) / DC / AVANTE,ROBERTO CLAUDIO (UNIÃO),1957-11-06,MASC.,Superior completo,Advogado,SP,PINDAMONHANGABA,1756648.94,11,cirogomes,cirogomesoficial,cirogomesoficial,cirogomesoficial,cirogomes,https://zap.cirogomes.com.br,https://divulgacandcontas.tse.jus.br/divulga/rest/arquivo/img/20322002026/60002531351/CE,2022: Presidente (Não eleito); 2018: Presidente (Não eleito); 2006: Deputado Federal (Eleito),,"TSE DivulgaCandContas, API candidatura/buscar, 2026-09-02"
CE,ce-gov-serley-leal,Serley Leal,Serley de Souza Leal,80,UP,Governador,Deferido,Concorrendo,,,CATHERINE TELES (UP),1981-12-07,MASC.,Superior completo,Bancário e Economiário,CE,IGUATU,88094.69,4,unidadepopularce,,people,,,,https://divulgacandcontas.tse.jus.br/divulga/rest/arquivo/img/20322002026/60002533729/CE,2022: Governador (Não eleito); 2020: Vice-prefeito (Não eleito); 2012: Vereador (Suplente),,"TSE DivulgaCandContas, API candidatura/buscar, 2026-09-02"
CE,ce-gov-pedro-brito,Pedro Brito,Pedro Felipe Pinheiro Brito,30,NOVO,Governador,Renúncia,Concorrendo,,,VERA LÚCIA (NOVO); CAP. AMILTON GOMES (NOVO),1993-05-26,MASC.,Superior completo,Advogado,CE,FORTALEZA,0.0,0,pedropinheirobrito_,,,,,,https://divulgacandcontas.tse.jus.br/divulga/rest/arquivo/img/20322002026/60002540336/CE,2024: Vereador (Não eleito),,"TSE DivulgaCandContas, API candidatura/buscar, 2026-09-02"
CE,ce-gov-delegado-huggo,Delegado Huggo,Huggo Leonardo de Lima Anastacio,14,MISSÃO,Governador,Deferido,Concorrendo,,,FELIPE MOREIRA (MISSÃO),1989-02-23,MASC.,Superior completo,Servidor Público Estadual,CE,FORTALEZA,256000.0,2,delegadohuggoce,,,,,,https://divulgacandcontas.tse.jus.br/divulga/rest/arquivo/img/20322002026/60002540417/CE,,,"TSE DivulgaCandContas, API candidatura/buscar, 2026-09-02"
CE,ce-gov-elmano-de-freitas,Elmano de Freitas,Elmano de Freitas da Costa,13,PT,Governador,Deferido,Concorrendo,CEARÁ FORTE DO LADO CERTO,PSB / PDT / PODE / MOBILIZA / FEDERAÇÃO BRASIL DA ESPERANÇA - FE BRASIL(PT/PC do B/PV) / REPUBLICANOS / PSD / MDB / FEDERAÇÃO RENOVAÇÃO SOLIDÁRIA(PRD/SOLIDARIEDADE) / FEDERAÇÃO PSOL REDE(PSOL/REDE),GABRIELLA AGUIAR (PSD),1970-04-12,MASC.,Superior completo,Governador,CE,BATURITÉ,366457.71,12,elmanofreitas,elmanodefreitas,elmanodefreitas,elmanodefreitas,elmanooficial,https://elmanogovernador13.com.br,https://divulgacandcontas.tse.jus.br/divulga/rest/arquivo/img/20322002026/60002543969/CE,2022: Governador (Eleito); 2020: Prefeito (Não eleito); 2018: Deputado Estadual (Eleito por QP); 2016: Vice-prefeito (Não eleito); 2014: Deputado Estadual (Eleito por QP); 2012: Prefeito (Não eleito),,"TSE DivulgaCandContas, API candidatura/buscar, 2026-09-02"
CE,ce-gov-ze-batista,Zé Batista,Jose Batista Neto,16,PSTU,Governador,Deferido,Concorrendo,,,IVONETE (PSTU),1974-02-10,MASC.,Ensino Fundamental incompleto,Trabalhador de Construção Civil,CE,IGUATU,157000.0,2,zebatista_oficial,,jose.batistaneto.98,,,,https://divulgacandcontas.tse.jus.br/divulga/rest/arquivo/img/20322002026/60002549967/CE,2024: Prefeito (Não eleito); 2022: Governador (Não eleito); 2020: Vereador (Não eleito),,"TSE DivulgaCandContas, API candidatura/buscar, 2026-09-02"
CE,ce-gov-ieri-braga,Ieri Braga,Ieri de Sousa Braga Junior,29,PCO,Governador,Deferido,Concorrendo,,,LAERTE SILVA (PCO),1989-03-28,MASC.,Superior completo,Químico,MT,CUIABÁ,0.0,0,,,,,,https://candidatos.pco.org.br/c/nome-de-urna-2026,https://divulgacandcontas.tse.jus.br/divulga/rest/arquivo/img/20322002026/60002552320/CE,2022: Deputado Federal (Não eleito),,"TSE DivulgaCandContas, API candidatura/buscar, 2026-09-02"
CE,ce-gov-danilo-soares,Danilo Soares,Danilo Soares Sousa,35,DEMOCRATA,Governador,Deferido,Concorrendo,,,ERYCK VELOSO (DEMOCRATA),1994-12-06,MASC.,Superior completo,Advogado,CE,CRATEÚS,0.0,0,danilosoares.35,danilosoaresceara,,danilosoaresceara,danilosoaresce,,https://divulgacandcontas.tse.jus.br/divulga/rest/arquivo/img/20322002026/60002552498/CE,,,"TSE DivulgaCandContas, API candidatura/buscar, 2026-09-02"
CE,ce-gov-vera-lucia,Vera Lúcia,Vera Lucia da Silva,30,NOVO,Governador,Aguardando julgamento,Concorrendo,,,VERA LÚCIA (NOVO); CAP. AMILTON GOMES (NOVO),1967-10-31,FEM.,Superior completo,Empresário,PE,RECIFE,660300.0,4,verinhanovo,,,,,,https://divulgacandcontas.tse.jus.br/divulga/rest/arquivo/img/20322002026/60002553922/CE,2020: Vereador (Não eleito),,"TSE DivulgaCandContas, API candidatura/buscar, 2026-09-02"
DF,df-gov-professor-robson,Professor Robson,Robson Raymundo da Silva,16,PSTU,Governador,Deferido,Concorrendo,,,GUILLEN (PSTU),1970-04-12,MASC.,Superior completo,Professor de Ensino Médio,RJ,RIO DE JANEIRO,900000.0,1,prof_robson_pstu,,,,,https://lnk.bio/pstu_df,https://divulgacandcontas.tse.jus.br/divulga/rest/arquivo/img/20322002026/70002535930/DF,2022: Governador (Não eleito); 2018: Senador (Não eleito); 2014: Senador (Não eleito); 2010: Senador (Não eleito); 2006: Deputado Federal (Concorrendo),,"TSE DivulgaCandContas, API candidatura/buscar, 2026-09-02"
DF,df-gov-professora-samara-mineiro,Professora Samara Mineiro,Samara Mineiro Oliveira,80,UP,Governador,Deferido,Concorrendo,,,THAÍS OLIVEIRA (UP),1993-07-26,FEM.,Superior completo,Professor de Ensino Médio,DF,BRASÍLIA,69196.63,2,samaramineiro,,,,,,https://divulgacandcontas.tse.jus.br/divulga/rest/arquivo/img/20322002026/70002537111/DF,,,"TSE DivulgaCandContas, API candidatura/buscar, 2026-09-02"
DF,df-gov-kiko-caputo,Kiko Caputo,Francisco Queiroz Caputo Neto,30,NOVO,Governador,Deferido,Concorrendo,,,DELEGADO RAFAEL SAMPAIO (NOVO),1969-08-15,MASC.,Superior completo,Advogado,MG,JUIZ DE FORA,47383036.13,25,kiko_caputo,kiko_caputo,share,kiko_caputo,kiko_caputo,https://novo.org.br/candidato-2026/868/kiko-caputo,https://divulgacandcontas.tse.jus.br/divulga/rest/arquivo/img/20322002026/70002547775/DF,,,"TSE DivulgaCandContas, API candidatura/buscar, 2026-09-02"
DF,df-gov-elisson,Elisson,Elisson Ferreira Freire,36,AGIR,Governador,Aguardando julgamento,Concorrendo,,,SUBTENENTE SERGIO PRADO (AGIR),1987-03-07,MASC.,Superior completo,Jornalista e Redator,DF,BRASÍLIA,251374.0,3,souelisson36,,,,,,https://divulgacandcontas.tse.jus.br/divulga/rest/arquivo/img/20322002026/70002551298/DF,,,"TSE DivulgaCandContas, API candidatura/buscar, 2026-09-02"
DF,df-gov-cappelli,Cappelli,Ricardo Garcia Cappelli,40,PSB,Governador,Aguardando julgamento,Concorrendo,,,SOFIA CARVALHO (PSB),1972-02-11,MASC.,Superior completo,Jornalista e Redator,RJ,RIO DE JANEIRO,1226908.08,6,cappelli.ricardo,cappelli.ricardo,oricardocappelli,vejabemcappelli,ricardocappelli,https://linktr.ee/ricardocappelli?utm_source=linktree_profile_share&ltsid=995fb781-b89c48a4-a228-43c,https://divulgacandcontas.tse.jus.br/divulga/rest/arquivo/img/20322002026/70002551557/DF,2008: Vereador (Suplente),,"TSE DivulgaCandContas, API candidatura/buscar, 2026-09-02"
DF,df-gov-expedito-mendonca,Expedito Mendonça,Expedito Carneiro de Mendonça,29,PCO,Governador,Aguardando julgamento,Concorrendo,,,VALMIR BARBOSA (PCO),1960-11-22,MASC.,Superior completo,Servidor Público Federal,MG,PIRAPORA,5000.0,1,,,,,,https://candidatos.pco.org.br,https://divulgacandcontas.tse.jus.br/divulga/rest/arquivo/img/20322002026/70002552341/DF,2022: Senador (Não eleito); 2014: Senador (Não eleito),,"TSE DivulgaCandContas, API candidatura/buscar, 2026-09-02"
DF,df-gov-leandro-grass,Leandro Grass,Leandro Antônio Grass Peixoto,13,PT,Governador,Aguardando julgamento,Concorrendo,DF DO POVO,PDT / FEDERAÇÃO BRASIL DA ESPERANÇA - FE BRASIL(PT/PC do B/PV) / FEDERAÇÃO PSOL REDE(PSOL/REDE),DORA GOMES (PV),1985-06-15,MASC.,Superior completo,Professor de Ensino Superior,DF,BRASÍLIA,285000.0,1,leandrograss,leandrograss,leandrograss,leandrograss,leandrograss,https://linktr.ee/leandro.grass,https://divulgacandcontas.tse.jus.br/divulga/rest/arquivo/img/20322002026/70002552496/DF,2022: Governador (Não eleito); 2018: Deputado Distrital (Eleito por média),,"TSE DivulgaCandContas, API candidatura/buscar, 2026-09-02"
DF,df-gov-arruda,Arruda,José Roberto Arruda,55,PSD,Governador,Aguardando julgamento,Concorrendo,RESGATAR BRASÍLIA,PSD / AVANTE,LUIZ PITIMAN (PSD),1954-01-05,MASC.,Superior completo,Engenheiro,MG,ITAJUBÁ,830170.98,10,arruda.df,arrudadf,arruda.df,arrudadf,josearrudadf,https://flickr.com/photos/arrudadf,https://divulgacandcontas.tse.jus.br/divulga/rest/arquivo/img/20322002026/70002552586/DF,2022: Deputado Federal (Não eleito); 2014: Governador (Concorrendo); 2006: Governador (Concorrendo),,"TSE DivulgaCandContas, API candidatura/buscar, 2026-09-02"
DF,df-gov-paula-belmonte,Paula Belmonte,Paula Moreno Paro Belmonte,45,PSDB,Governador,Aguardando julgamento,Concorrendo,FEDERAÇÃO PSDB CIDADANIA(PSDB/CIDADANIA),,JUIZ EVERARDO RIBEIRO (PSDB),1973-06-23,FEM.,Superior completo,Empresário,SP,SÃO PAULO,10844220.79,4,paulabelmonteoficial,paulabelmonteoficial,paulabelmonteoficial,paulabelmonteoficial,paulambelmonte,https://paulabelmonte.com.br,https://divulgacandcontas.tse.jus.br/divulga/rest/arquivo/img/20322002026/70002552965/DF,2022: Deputado Distrital (Eleito por média); 2018: Deputado Federal (Eleito por média),,"TSE DivulgaCandContas, API candidatura/buscar, 2026-09-02"
DF,df-gov-celina-leao,Celina Leão,Celina Leao Hizim Ferreira,11,PP,Governador,Aguardando julgamento,Concorrendo,PROPÓSITO E AÇÃO,REPUBLICANOS / MDB / PODE / PL / DC / MOBILIZA / DEMOCRATA / FEDERAÇÃO RENOVAÇÃO SOLIDÁRIA(PRD/SOLIDARIEDADE) / FEDERAÇÃO UNIÃO PROGRESSISTA(UNIÃO/PP),GUSTAVO ROCHA (REPUBLICANOS),1977-03-02,FEM.,Superior completo,Governador,GO,GOIÂNIA,440131.39,5,celinaleao,celinaleaodf,share,tvcelinaleao,celinaleao,https://celinaleao11.com,https://divulgacandcontas.tse.jus.br/divulga/rest/arquivo/img/20322002026/70002553055/DF,2022: Vice-governador (Eleito); 2018: Deputado Federal (Eleito por média); 2014: Deputado Distrital (Eleito por QP); 2010: Deputado Distrital (Média),,"TSE DivulgaCandContas, API candidatura/buscar, 2026-09-02"
DF,df-gov-rico-pinheiro,Rico Pinheiro,Alderico da Silva Pinheiro Filho,28,PRTB,Governador,Aguardando julgamento,Concorrendo,,,CRISTIANE BARROS (PRTB),1980-02-16,MASC.,Superior completo,Economista,AP,MACAPÁ,4380000.0,3,,,,,,https://@ricopinheirooficial,https://divulgacandcontas.tse.jus.br/divulga/rest/arquivo/img/20322002026/70002553982/DF,2018: Deputado Estadual (Suplente); 2012: Vereador (Suplente); 2010: Deputado Estadual (Concorrendo); 2010: Deputado Estadual (Suplente),,"TSE DivulgaCandContas, API candidatura/buscar, 2026-09-02"
ES,es-gov-breno-barcelos,Breno Barcelos,Breno Augusto Fagundes Barcelos,14,MISSÃO,Governador,Aguardando julgamento,Concorrendo,,,VICTOR OLIVEIRA (MISSÃO),1985-04-07,MASC.,Superior completo,Engenheiro,ES,VITÓRIA,50001.0,3,brenobarcelos14,brenobarcelos.14,,brenobarcelos14,brenobarcelos_,,https://divulgacandcontas.tse.jus.br/divulga/rest/arquivo/img/20322002026/80002541012/ES,,,"TSE DivulgaCandContas, API candidatura/buscar, 2026-09-02"
ES,es-gov-rafael-demuner,Rafael Demuner,Rafael Ketley Demuner,80,UP,Governador,Deferido,Concorrendo,,,DIONARY SARMENTO (UP),1990-10-22,MASC.,Superior completo,Servidor Público Federal,ES,JOÃO NEIVA,50550.0,2,rafael.demuner_up,,,,,,https://divulgacandcontas.tse.jus.br/divulga/rest/arquivo/img/20322002026/80002550832/ES,,,"TSE DivulgaCandContas, API candidatura/buscar, 2026-09-02"
ES,es-gov-helder-salomao,Helder Salomão,Helder Ignacio Salomao,13,PT,Governador,Deferido,Concorrendo,FEDERAÇÃO BRASIL DA ESPERANÇA - FE BRASIL(PT/PC do B/PV),,PROFESSORA VALDIRENE (PT),1964-03-08,MASC.,Superior completo,Professor de Ensino Médio,ES,COLATINA,1206682.23,10,heldersalomao,heldersalomao13,heldersalomao.espiritosanto,heldersalom%c3%a3o_es,heldersalomao,https://heldersalomao.com.br,https://divulgacandcontas.tse.jus.br/divulga/rest/arquivo/img/20322002026/80002551833/ES,2022: Deputado Federal (Eleito por QP); 2018: Deputado Federal (Eleito por média); 2014: Deputado Federal (Eleito por QP); 2008: Prefeito (Eleito); 2004: Prefeito (Eleito),,"TSE DivulgaCandContas, API candidatura/buscar, 2026-09-02"
ES,es-gov-ricardo-ferraco,Ricardo Ferraço,Ricardo de Rezende Ferraço,15,MDB,Governador,Aguardando julgamento,Concorrendo,AGORA É O FUTURO,PODE / MDB / AGIR / PSB / PDT / FEDERAÇÃO PSDB CIDADANIA(PSDB/CIDADANIA) / FEDERAÇÃO UNIÃO PROGRESSISTA(UNIÃO/PP),CAMILLO NEVES (PP),1963-08-17,MASC.,Superior incompleto,Governador,ES,CACHOEIRO DE ITAPEMIRIM,27668789.55,31,ricardoferraco,ricardo.ferraco,ricardorferraco,ricardoferra%c3%a7ooficial,ricardoferraco,https://ricardogovernador.com.br,https://divulgacandcontas.tse.jus.br/divulga/rest/arquivo/img/20322002026/80002552172/ES,2022: Vice-governador (Eleito); 2018: Senador (Não eleito); 2010: Senador (Eleito); 2006: Vice-G (Concorrendo),,"TSE DivulgaCandContas, API candidatura/buscar, 2026-09-02"
ES,es-gov-lorenzo-pazolini,Lorenzo Pazolini,Lorenzo Silva de Pazolini,10,REPUBLICANOS,Governador,Aguardando julgamento,Concorrendo,PAZ PRA VIVER UM NOVO TEMPO,REPUBLICANOS / PL / DEMOCRATA,ELIANE LEAL (PL),1982-05-20,MASC.,Superior completo,Servidor Público Estadual,ES,VITÓRIA,1002342.77,7,lorenzopazolini,,lorenzopazolinioficial,pazolini10,,https://paz10.com.br,https://divulgacandcontas.tse.jus.br/divulga/rest/arquivo/img/20322002026/80002552682/ES,2024: Prefeito (Eleito); 2020: Prefeito (Eleito); 2018: Deputado Estadual (Eleito por QP),,"TSE DivulgaCandContas, API candidatura/buscar, 2026-09-02"
GO,go-gov-daniel-vilela,Daniel Vilela,Daniel Elias Carvalho Vilela,15,MDB,Governador,Deferido,Concorrendo,PRA GOIÁS SEGUIR EM FRENTE,REPUBLICANOS / MDB / PODE / MOBILIZA / DEMOCRATA / AGIR / PSD / AVANTE / FEDERAÇÃO RENOVAÇÃO SOLIDÁRIA(PRD/SOLIDARIEDADE) / FEDERAÇÃO UNIÃO PROGRESSISTA(UNIÃO/PP),LUIZ DO CARMO (PSD),1983-10-23,MASC.,Superior completo,Governador,GO,JATAÍ,5627385.99,15,danielvilela15,danielvilela.15,danielvilela15oficial,danielvilela15,danielvilela15,https://danielvilela15.com.br,https://divulgacandcontas.tse.jus.br/divulga/rest/arquivo/img/20322002026/90002540993/GO,2022: Vice-governador (Eleito); 2018: Governador (Não eleito); 2014: Deputado Federal (Eleito por QP); 2010: Deputado Estadual (Eleito); 2008: Vereador (Eleito),,"TSE DivulgaCandContas, API candidatura/buscar, 2026-09-02"
GO,go-gov-marconi-perillo,Marconi Perillo,Marconi Ferreira Perillo Junior,45,PSDB,Governador,Aguardando julgamento,Concorrendo,GOIÁS PODE MUITO MAIS,DC / PRTB / FEDERAÇÃO PSDB CIDADANIA(PSDB/CIDADANIA),JACQUELINE ZAIDEN (PSDB),1963-03-07,MASC.,Superior completo,Empresário,GO,PALMEIRAS DE GOIÁS,11876815.709999999,24,marconiperillo,marconiperillo,share,marconiperillogo,marconiperillo,,https://divulgacandcontas.tse.jus.br/divulga/rest/arquivo/img/20322002026/90002543463/GO,2022: Senador (Não eleito); 2018: Senador (Não eleito); 2014: Governador (Eleito); 2010: Governador (2º turno); 2006: Senador (Concorrendo),,"TSE DivulgaCandContas, API candidatura/buscar, 2026-09-02"
GO,go-gov-luis-cesar-bueno,Luis Cesar Bueno,Luis Cesar Bueno e Freitas,13,PT,Governador,Deferido,Concorrendo,GOIÁS PODE MAIS,PDT / PSB / FEDERAÇÃO BRASIL DA ESPERANÇA - FE BRASIL(PT/PC do B/PV) / FEDERAÇÃO PSOL REDE(PSOL/REDE),CARLOS MUNDIM (PDT),1960-08-11,MASC.,Superior completo,Professor de Ensino Superior,GO,GOIÂNIA,884607.32,12,,,luiscesarbueno,,,,https://divulgacandcontas.tse.jus.br/divulga/rest/arquivo/img/20322002026/90002545476/GO,2022: Deputado Estadual (Suplente); 2018: Senador (Não eleito); 2014: Deputado Estadual (Eleito por QP); 2010: Deputado Estadual (Eleito); 2006: Deputado Estadual (Concorrendo),,"TSE DivulgaCandContas, API candidatura/buscar, 2026-09-02"
GO,go-gov-luciana-amorim,Luciana Amorim,Luciana de Deus Amorim,80,UP,Governador,Deferido,Concorrendo,,,CAYMMI HENRIQUE (UP),1972-01-25,FEM.,Superior completo,Servidor Público Federal,GO,ANÁPOLIS,1867106.94,6,luciana.up,,,,,,https://divulgacandcontas.tse.jus.br/divulga/rest/arquivo/img/20322002026/90002550707/GO,2024: Vice-prefeito (Não eleito); 2022: Vice-governador (Não eleito),,"TSE DivulgaCandContas, API candidatura/buscar, 2026-09-02"
GO,go-gov-wilder-morais,Wilder Morais,Wilder Pedro de Morais,22,PL,Governador,Deferido,Concorrendo,GOIÁS QUE CRESCE,PL / NOVO,ANA PAULA REZENDE (PL),1968-06-29,MASC.,Superior completo,Engenheiro,GO,TAQUARAL DE GOIÁS,65160903.35,10,wildermorais,wilder.morais,wildermorais,wildermoraisgoias,wildermorais,https://wildermorais.com.br,https://divulgacandcontas.tse.jus.br/divulga/rest/arquivo/img/20322002026/90002551791/GO,2022: Senador (Eleito); 2020: Vice-prefeito (2º turno); 2018: Senador (Não eleito); 2010: S1 S (Concorrendo),,"TSE DivulgaCandContas, API candidatura/buscar, 2026-09-02"
GO,go-gov-danilo-pinheiro,Danilo Pinheiro,Danilo Pinheiro Evangelista da Silva,29,PCO,Governador,Aguardando julgamento,Concorrendo,,,MARIA JOANA (PCO),1983-07-16,MASC.,Ensino Médio completo,"Técnico de Eletricidade, Eletrônica e Telecomunicações",MA,SÃO LUÍS,215000.0,2,,,,,,https://candidatos.pco.org.br,https://divulgacandcontas.tse.jus.br/divulga/rest/arquivo/img/20322002026/90002553733/GO,,,"TSE DivulgaCandContas, API candidatura/buscar, 2026-09-02"
MA,ma-gov-saulo-arcangeli,Saulo Arcangeli,Saulo Costa Arcangeli,16,PSTU,Governador,Aguardando julgamento,Concorrendo,,,PRETA LU (PSTU),1971-10-25,MASC.,Superior completo,Professor de Ensino Superior,MA,SÃO LUÍS,656409.64,6,sauloarcangeli,,arcangelicosta,,,,https://divulgacandcontas.tse.jus.br/divulga/rest/arquivo/img/20322002026/100002534190/MA,2024: Prefeito (Não eleito); 2022: Senador (Não eleito); 2020: Vereador (Não eleito); 2018: Senador (Não eleito); 2016: Vereador (Não eleito); 2014: Governador (Não eleito); 2012: Vereador (Não eleito); 2010: Governador (Não eleito),,"TSE DivulgaCandContas, API candidatura/buscar, 2026-09-02"
MA,ma-gov-felipe-camarao,Felipe Camarão,Felipe Costa Camarao,13,PT,Governador,Deferido,Concorrendo,"BRASIL JUSTO, MARANHÃO GRANDE",FEDERAÇÃO BRASIL DA ESPERANÇA - FE BRASIL(PT/PC do B/PV) / PSB / FEDERAÇÃO PSOL REDE(PSOL/REDE),RICARDO RODRIGUES (PT),1981-12-31,MASC.,Superior completo,Advogado,RJ,RIO DE JANEIRO,5208193.720000001,5,,,,,,https://@felipecostacamarao,https://divulgacandcontas.tse.jus.br/divulga/rest/arquivo/img/20322002026/100002542556/MA,2022: Vice-governador (Eleito),,"TSE DivulgaCandContas, API candidatura/buscar, 2026-09-02"
MA,ma-gov-orleans-brandao,Orleans Brandão,Carlos Orleans Braide Brandão,15,MDB,Governador,Aguardando julgamento,Concorrendo,AVANÇO POR TODO MARANHÃO,MDB / PDT / REPUBLICANOS / PODE / FEDERAÇÃO RENOVAÇÃO SOLIDÁRIA(PRD/SOLIDARIEDADE),EDIVALDO HOLANDA JUNIOR (REPUBLICANOS),1994-12-08,MASC.,Superior completo,Administrador,MA,SÃO LUÍS,2515192.39,9,orleansbrandaoma,orleansbrandaoma,orleansbrandaoma,orleansbrandaoma,orleansbrandao_,https://orleansbrandao.com.br,https://divulgacandcontas.tse.jus.br/divulga/rest/arquivo/img/20322002026/100002543869/MA,,,"TSE DivulgaCandContas, API candidatura/buscar, 2026-09-02"
MA,ma-gov-reginaldo-lima,Reginaldo Lima,Reginaldo Lima Brauno,21,PCB,Governador,Aguardando julgamento,Concorrendo,,,BARTOLOMEU (PCB),1983-02-16,MASC.,Ensino Médio completo,Locutor e Comentarista de Rádio e Televisão e Radialista,MA,IMPERATRIZ,0.0,0,reginaldobrauno,,reginaldo.lima.372,,,,https://divulgacandcontas.tse.jus.br/divulga/rest/arquivo/img/20322002026/100002544073/MA,2024: Vice-prefeito (Não eleito),,"TSE DivulgaCandContas, API candidatura/buscar, 2026-09-02"
MA,ma-gov-andre-luis,André Luis,André Luís Caetano dos Santos,14,MISSÃO,Governador,Deferido,Concorrendo,,,PROF. CADU (MISSÃO),1984-09-24,MASC.,Superior incompleto,Empresário,SP,SÃO PAULO,0.0,0,andreluismbl,,,,,,https://divulgacandcontas.tse.jus.br/divulga/rest/arquivo/img/20322002026/100002544076/MA,,,"TSE DivulgaCandContas, API candidatura/buscar, 2026-09-02"
MA,ma-gov-eduardo-braide,Eduardo Braide,Eduardo Salim Braide,55,PSD,Governador,Deferido,Concorrendo,PRA TRANSFORMAR O MARANHÃO,NOVO / PSD,ELAINE CARNEIRO (PSD),1976-01-12,MASC.,Superior completo,Advogado,MA,SÃO LUÍS,1048910.76,8,eduardobraide,eduardo.braide,share,eduardo.braide,eduardobraide,,https://divulgacandcontas.tse.jus.br/divulga/rest/arquivo/img/20322002026/100002545679/MA,2024: Prefeito (Eleito); 2020: Prefeito (Eleito); 2018: Deputado Federal (Eleito por QP); 2016: Prefeito (Não eleito); 2014: Deputado Estadual (Eleito por QP); 2010: Deputado Estadual (Eleito); 2008: Vereador (Suplente); 2006: Deputado Federal (Concorrendo),,"TSE DivulgaCandContas, API candidatura/buscar, 2026-09-02"
MA,ma-gov-roberto-rocha,Roberto Rocha,Roberto Coelho Rocha,28,PRTB,Governador,Aguardando julgamento,Concorrendo,,,PASTOR JOSIAS (PRTB),1965-08-04,MASC.,Superior completo,Empresário,MA,SÃO LUÍS,3557270.39,19,robertorocha_ma,,robertorocha.ma,robertorocha_ma,robertorocha_ma,,https://divulgacandcontas.tse.jus.br/divulga/rest/arquivo/img/20322002026/100002551399/MA,2022: Senador (Não eleito); 2018: Governador (Não eleito); 2014: Senador (Eleito); 2012: Vice-prefeito (Eleito); 2010: Senador (Não eleito); 2006: Deputado Federal (Concorrendo),,"TSE DivulgaCandContas, API candidatura/buscar, 2026-09-02"
MA,ma-gov-dimas-cassimiro,Dimas Cassimiro,Dimas Cassimiro do Nascimento,29,PCO,Governador,Aguardando julgamento,Concorrendo,,,CHARLIETH VIANA (PCO),1959-11-29,MASC.,Superior completo,Professor de Ensino Superior,PI,TERESINA,0.0,0,,,,,,https://candidatos.pco.org.br,https://divulgacandcontas.tse.jus.br/divulga/rest/arquivo/img/20322002026/100002552700/MA,2022: Deputado Federal (Não eleito); 2018: Deputado Estadual (Não eleito),,"TSE DivulgaCandContas, API candidatura/buscar, 2026-09-02"
MG,mg-gov-alexandre-kalil,Alexandre Kalil,Alexandre Kalil,12,PDT,Governador,Aguardando julgamento,Concorrendo,CUIDAR DE MINAS,PDT / FEDERAÇÃO PSDB CIDADANIA(PSDB/CIDADANIA),CARLOS MOSCONI (PSDB),1959-03-25,MASC.,Ensino Médio completo,Outros,MG,BELO HORIZONTE,5941176.84,42,alexandrekaliloficial,alexandrekaliloficial,alexandrekaliloficial,alexandrekalil3080,alexandrekalil,https://kalilmg.com.br,https://divulgacandcontas.tse.jus.br/divulga/rest/arquivo/img/20322002026/130002539775/MG,2022: Governador (Não eleito); 2020: Prefeito (Eleito); 2016: Prefeito (2º turno); 2014: Deputado Federal (Não eleito),,"TSE DivulgaCandContas, API candidatura/buscar, 2026-09-02"
MG,mg-gov-mateus-simoes,Mateus Simões,Mateus Simões de Almeida,55,PSD,Governador,Deferido,Concorrendo,MINAS NO CAMINHO CERTO,PSD / FEDERAÇÃO UNIÃO PROGRESSISTA(UNIÃO/PP) / NOVO / AVANTE / FEDERAÇÃO RENOVAÇÃO SOLIDÁRIA(PRD/SOLIDARIEDADE) / MOBILIZA / DC / AGIR,DANILO DE CASTRO (UNIÃO),1981-03-09,MASC.,Superior completo,Governador,TO,GURUPI,2904492.23,28,mateus.simoesmg,,mateussimoesmg,mateussimoes,mateus_simoesmg,,https://divulgacandcontas.tse.jus.br/divulga/rest/arquivo/img/20322002026/130002541911/MG,2022: Vice-governador (Eleito); 2016: Vereador (Eleito por QP); 2014: Deputado Estadual (Suplente),,"TSE DivulgaCandContas, API candidatura/buscar, 2026-09-02"
MG,mg-gov-professor-tulio-lopes,Professor Túlio Lopes,Tulio Cesar Dias Lopes,21,PCB,Governador,Deferido,Concorrendo,,,WARLEN NUNES (PCB),1982-06-08,MASC.,Superior completo,Professor de Ensino Superior,MG,BELO HORIZONTE,0.0,0,tuliolopesmg,tuliolopesgovmg,tulio.lopes.52,jornaldopovomg,proftulio,https://poderpopularmg.org,https://divulgacandcontas.tse.jus.br/divulga/rest/arquivo/img/20322002026/130002544122/MG,2018: Senador (Não eleito); 2016: Vereador (Suplente); 2014: Governador (Não eleito); 2006: Deputado Estadual (Concorrendo),,"TSE DivulgaCandContas, API candidatura/buscar, 2026-09-02"
MG,mg-gov-ben-mendes,Ben Mendes,Benoni Benjamin Cardoso Mendes,14,MISSÃO,Governador,Aguardando julgamento,Concorrendo,,,CABO DAVID SOUZA (MISSÃO),1988-05-08,MASC.,Superior completo,Advogado,MG,CONTAGEM,80000.0,3,,,,,,https://drbenonimendes,https://divulgacandcontas.tse.jus.br/divulga/rest/arquivo/img/20322002026/130002544411/MG,,,"TSE DivulgaCandContas, API candidatura/buscar, 2026-09-02"
MG,mg-gov-rafael-duda,Rafael Duda,Rafael Ribeiro de Ávila,16,PSTU,Governador,Aguardando julgamento,Concorrendo,,,PROF. DIANA DE CÁSSIA (PSTU),1984-09-11,MASC.,Superior incompleto,"Técnico de Mineração, Metalurgia e Geologia",MG,BELO HORIZONTE,0.0,0,,,,,,https://@rafael_duda_pstu,https://divulgacandcontas.tse.jus.br/divulga/rest/arquivo/img/20322002026/130002546802/MG,2024: Prefeito (Não eleito); 2022: Deputado Federal (Não eleito); 2020: Prefeito (Não eleito),,"TSE DivulgaCandContas, API candidatura/buscar, 2026-09-02"
MG,mg-gov-indira-xavier,Indira Xavier,Indira Ivanise Xavier,80,UP,Governador,Deferido,Concorrendo,,,RENATO CAMPOS (UP),1984-10-04,FEM.,Ensino Médio completo,Auxiliar de Escritório e Assemelhados,AL,MACEIÓ,479.89,1,indiraxavier.up,,,,,,https://divulgacandcontas.tse.jus.br/divulga/rest/arquivo/img/20322002026/130002547874/MG,2024: Prefeito (Não eleito); 2022: Governador (Não eleito); 2010: Deputado Estadual (Não eleito); 2006: Deputado Estadual (Concorrendo),,"TSE DivulgaCandContas, API candidatura/buscar, 2026-09-02"
MG,mg-gov-gabriel,Gabriel,Gabriel Sousa Marques de Azevedo,15,MDB,Governador,Aguardando julgamento,Concorrendo,,,MARIA HELENA (MDB),1986-03-12,MASC.,Superior completo,Professor de Ensino Superior,MG,BELO HORIZONTE,1702153.8800000001,33,gabrielazevedo,gabrielazevedo1986,gabrielazevedo,,gsma1986,https://gabriel15.com.br,https://divulgacandcontas.tse.jus.br/divulga/rest/arquivo/img/20322002026/130002549557/MG,2024: Prefeito (Não eleito); 2020: Vereador (Eleito por QP); 2016: Vereador (Eleito por QP),,"TSE DivulgaCandContas, API candidatura/buscar, 2026-09-02"
MG,mg-gov-patrus-ananias,Patrus Ananias,Patrus Ananias de Sousa,13,PT,Governador,Deferido,Concorrendo,PRA MINAS GERAIS VOLTAR A SONHAR,PSB / FEDERAÇÃO BRASIL DA ESPERANÇA - FE BRASIL(PT/PC do B/PV) / FEDERAÇÃO PSOL REDE(PSOL/REDE),JARBAS SOARES (PSB),1952-01-26,MASC.,Superior completo,Deputado,MG,BOCAIÚVA,1247212.54,9,patrus_ananias,patrus_ananias,patrusananias13,,patrus_ananias,https://patrusananias.com.br,https://divulgacandcontas.tse.jus.br/divulga/rest/arquivo/img/20322002026/130002550464/MG,2022: Deputado Federal (Eleito por QP); 2018: Deputado Federal (Eleito por QP); 2014: Deputado Federal (Eleito por QP); 2012: Prefeito (Não eleito); 2010: Vice-G (Concorrendo),,"TSE DivulgaCandContas, API candidatura/buscar, 2026-09-02"
MG,mg-gov-flavio-roscoe,Flávio Roscoe,Flavio Roscoe Nogueira,22,PL,Governador,Aguardando julgamento,Concorrendo,,,ELLEN MIZIARA (PL),1971-10-12,MASC.,Superior completo,Empresário,MG,BELO HORIZONTE,13350362.21,25,roscoe.flavio,,,,,,https://divulgacandcontas.tse.jus.br/divulga/rest/arquivo/img/20322002026/130002550834/MG,,,"TSE DivulgaCandContas, API candidatura/buscar, 2026-09-02"
MG,mg-gov-cleitinho-azevedo,Cleitinho Azevedo,Cleiton Gontijo de Azevedo,10,REPUBLICANOS,Governador,Aguardando julgamento,Concorrendo,MINAS É DO POVO,REPUBLICANOS / PODE,FALCÃO (REPUBLICANOS),1982-04-15,MASC.,Ensino Fundamental completo,Senador,MG,DIVINÓPOLIS,956564.03,11,cleitinhoazevedo,cleitinho.oficial,cleitinhosenador,cleitinhoazevedooficial,cleitinhotmj,https://cleitinho.com,https://divulgacandcontas.tse.jus.br/divulga/rest/arquivo/img/20322002026/130002552296/MG,2022: Senador (Eleito); 2018: Deputado Estadual (Eleito por QP); 2016: Vereador (Eleito por média),,"TSE DivulgaCandContas, API candidatura/buscar, 2026-09-02"
MG,mg-gov-henrique-areas,Henrique Áreas,Henrique Areas de Araujo,29,PCO,Governador,Aguardando julgamento,Concorrendo,,,ESTEVÃO GOMES (PCO),1985-05-18,MASC.,Superior completo,Jornalista e Redator,SP,RIBEIRÃO PRETO,0.0,0,,,,,,https://candidatos.pco.org.br,https://divulgacandcontas.tse.jus.br/divulga/rest/arquivo/img/20322002026/130002552308/MG,2020: Vice-prefeito (Não eleito); 2018: Deputado Federal (Não eleito); 2016: Prefeito (Não eleito),,"TSE DivulgaCandContas, API candidatura/buscar, 2026-09-02"
MS,ms-gov-lucien-rezende,Lucien Rezende,Lucien Roberto Garcia de Rezende,50,PSOL,Governador,Deferido,Concorrendo,FEDERAÇÃO PSOL REDE(PSOL/REDE),,PROF. ENFERMEIRA KAELLY (PSOL),1964-02-08,MASC.,Ensino Fundamental completo,Empresário,MS,CAMPO GRANDE,500000.0,2,,,lucienrezende.rezende,,,,https://divulgacandcontas.tse.jus.br/divulga/rest/arquivo/img/20322002026/120002532257/MS,2024: Prefeito (Não eleito); 2018: Deputado Federal (Não eleito); 2014: Senador (Não eleito); 2012: Vice-prefeito (Não eleito); 2008: Vereador (Não eleito),,"TSE DivulgaCandContas, API candidatura/buscar, 2026-09-02"
MS,ms-gov-eduardo-riedel,Eduardo Riedel,Eduardo Correa Riedel,11,PP,Governador,Deferido,Concorrendo,FAZENDO O FUTURO ACONTECER,FEDERAÇÃO UNIÃO PROGRESSISTA(UNIÃO/PP) / PL / FEDERAÇÃO PSDB CIDADANIA(PSDB/CIDADANIA) / PODE / AVANTE / REPUBLICANOS / PSD / MDB,BARBOSINHA (REPUBLICANOS),1969-07-05,MASC.,Superior completo,Governador,RJ,RIO DE JANEIRO,16147849.34,17,eduardoriedel,eduardoriedeloficial,eduardoriedeloficial,eduardoriedeloficial,eduardoriedel_,https://eduardoriedel.com.br,https://divulgacandcontas.tse.jus.br/divulga/rest/arquivo/img/20322002026/120002536582/MS,2022: Governador (Eleito),,"TSE DivulgaCandContas, API candidatura/buscar, 2026-09-02"
MS,ms-gov-fabio-trad,Fábio Trad,Fabio Ricardo Trad,13,PT,Governador,Aguardando julgamento,Concorrendo,POR UM MS DO POVO,PDT / PSB / FEDERAÇÃO BRASIL DA ESPERANÇA - FE BRASIL(PT/PC do B/PV),DONA GILDA (PT),1969-08-18,MASC.,Superior completo,Advogado,MS,CAMPO GRANDE,3670880.45,30,fabiotrad,fabio.trad,fabiotrad,,f_trad,,https://divulgacandcontas.tse.jus.br/divulga/rest/arquivo/img/20322002026/120002539834/MS,2022: Deputado Federal (Não eleito); 2018: Deputado Federal (Eleito por QP); 2014: Deputado Federal (Suplente); 2010: Deputado Federal (Eleito),,"TSE DivulgaCandContas, API candidatura/buscar, 2026-09-02"
MS,ms-gov-economista-renato-gomes,Economista Renato Gomes,Renato Wanderley Gomes,27,DC,Governador,Deferido,Concorrendo,,,THIAGO MARTINS (DC); ROBERTO PATZLAFF (DC),1986-02-19,MASC.,Superior completo,Capitalista de Ativos Financeiros,MS,CAMPO GRANDE,922938.36,5,economistarenato,,share,,,,https://divulgacandcontas.tse.jus.br/divulga/rest/arquivo/img/20322002026/120002549681/MS,,,"TSE DivulgaCandContas, API candidatura/buscar, 2026-09-02"
MS,ms-gov-jeferson-bezerra,Jeferson Bezerra,Jeferson Jose Bezerra,36,AGIR,Governador,Aguardando julgamento,Concorrendo,,,VALDENIR DUARTE (AGIR),1973-06-15,MASC.,Ensino Médio completo,Jornalista e Redator,MS,DOURADOS,0.0,0,bezerrajefersonjose,,,,,,https://divulgacandcontas.tse.jus.br/divulga/rest/arquivo/img/20322002026/120002550198/MS,2024: Vereador (Suplente); 2022: Senador (Não eleito); 2020: Prefeito (Não eleito); 2016: Vereador (Suplente),,"TSE DivulgaCandContas, API candidatura/buscar, 2026-09-02"
MS,ms-gov-delcidio-amaral,Delcidio Amaral,Delcidio do Amaral Gomez,25,PRD,Governador,Deferido,Concorrendo,FEDERAÇÃO RENOVAÇÃO SOLIDÁRIA(PRD/SOLIDARIEDADE),,MARILIANA SANTOS (SOLIDARIEDADE),1955-02-08,MASC.,Superior completo,Engenheiro,MS,CORUMBÁ,1596431.07,9,delcidioms,delcidioamaral.25,delcidioms,delcidioamaral25,,,https://divulgacandcontas.tse.jus.br/divulga/rest/arquivo/img/20322002026/120002552155/MS,2024: Prefeito (Não eleito); 2022: Deputado Federal (Não eleito); 2018: Senador (Não eleito); 2014: Governador (Não eleito); 2010: Senador (Eleito); 2006: Governador (Concorrendo),,"TSE DivulgaCandContas, API candidatura/buscar, 2026-09-02"
MS,ms-gov-joao-henrique-catan,João Henrique Catan,João Henrique Miranda Soares Catan,30,NOVO,Governador,Aguardando julgamento,Concorrendo,,,ANTÔNIO JOÃO JACINTO (NOVO),1988-04-19,MASC.,Superior completo,Advogado,MS,CAMPO GRANDE,588097.38,7,joaohenriquecatan,,joaohenriquecatanoficial,henriquecatan1988,,https://joaohenriquems.com.br,https://divulgacandcontas.tse.jus.br/divulga/rest/arquivo/img/20322002026/120002552191/MS,2022: Deputado Estadual (Eleito por QP); 2020: Prefeito (Não eleito); 2018: Deputado Estadual (Eleito por média); 2016: Vereador (Suplente),,"TSE DivulgaCandContas, API candidatura/buscar, 2026-09-02"
MS,ms-gov-daniel-lemes,Daniel Lemes,Daniel Lemes Vasques,29,PCO,Governador,Aguardando julgamento,Concorrendo,,,SILVIA BENITES (PCO),1978-09-16,MASC.,Superior completo,Professor de Ensino Fundamental,MS,AMAMBAI,0.0,0,,,,,,https://candidatos.pco.org.br,https://divulgacandcontas.tse.jus.br/divulga/rest/arquivo/img/20322002026/120002552201/MS,2024: Prefeito (Não eleito); 2020: Vereador (Suplente); 2018: Deputado Estadual (Suplente); 2016: Vereador (Suplente),,"TSE DivulgaCandContas, API candidatura/buscar, 2026-09-02"
MT,mt-gov-rafaell-milas,Rafaell Milas,Rafaell Milas de Oliveira,14,MISSÃO,Governador,Aguardando julgamento,Concorrendo,,,THALES SARTORELO (MISSÃO),1983-02-17,MASC.,Superior incompleto,Publicitário,PR,UMUARAMA,550000.0,1,rafaellmilas,rafaellmilasmt,,rafaellmilasmt,,https://quemerafaellmilas.com.br,https://divulgacandcontas.tse.jus.br/divulga/rest/arquivo/img/20322002026/110002543953/MT,,,"TSE DivulgaCandContas, API candidatura/buscar, 2026-09-02"
MT,mt-gov-doutora-natasha,Doutora Natasha,Natasha Slhessarenko Fraife Barreto,55,PSD,Governador,Aguardando julgamento,Concorrendo,MATO GROSSO PARA TODOS,PDT / PSB / PSD / FEDERAÇÃO BRASIL DA ESPERANÇA - FE BRASIL(PT/PC do B/PV) / FEDERAÇÃO PSOL REDE(PSOL/REDE),DIOGO BOTELHO (PDT),1967-11-23,FEM.,Superior completo,Médico,MT,CUIABÁ,7344667.74,23,dranatashamt,dranatashamt,share,dranatashamt-u4o,,https://site:,https://divulgacandcontas.tse.jus.br/divulga/rest/arquivo/img/20322002026/110002544985/MT,,,"TSE DivulgaCandContas, API candidatura/buscar, 2026-09-02"
MT,mt-gov-otaviano-pivetta,Otaviano Pivetta,Otaviano Olavo Pivetta,10,REPUBLICANOS,Governador,Aguardando julgamento,Concorrendo,MATO GROSSO NÃO PODE PARAR,FEDERAÇÃO PSDB CIDADANIA(PSDB/CIDADANIA) / REPUBLICANOS / FEDERAÇÃO UNIÃO PROGRESSISTA(UNIÃO/PP) / PODE,GISELA SIMONA (UNIÃO),1959-05-10,MASC.,Ensino Fundamental completo,Governador,RS,CAIÇARA,575680870.95,22,otavianopivetta,otaviano.pivetta,share,pivettaotavianomt10,,https://pivetta10.com.br,https://divulgacandcontas.tse.jus.br/divulga/rest/arquivo/img/20322002026/110002551480/MT,2022: Vice-governador (Eleito); 2018: Vice-governador (Eleito); 2016: Prefeito (Não eleito); 2012: Prefeito (Eleito); 2010: Vice-G (Concorrendo); 2006: Deputado Estadual (Concorrendo),,"TSE DivulgaCandContas, API candidatura/buscar, 2026-09-02"
MT,mt-gov-wellington-fagundes,Wellington Fagundes,Wellington Antonio Fagundes,22,PL,Governador,Aguardando julgamento,Concorrendo,CORAÇÃO DA GENTE,MDB / PL / NOVO / FEDERAÇÃO RENOVAÇÃO SOLIDÁRIA(PRD/SOLIDARIEDADE),REINALDO GOMES DE MORAIS (NOVO),1957-06-01,MASC.,Superior completo,Médico,MT,RONDONÓPOLIS,13132463.0,28,wellingtonfagundesmt,senwellingtonfagundes,wellington.fagundes.mt,,sen_wellington,https://senadorwellingtonfagundes.com.br/senador,https://divulgacandcontas.tse.jus.br/divulga/rest/arquivo/img/20322002026/110002551737/MT,2022: Senador (Eleito); 2018: Governador (Não eleito); 2014: Senador (Eleito); 2010: Deputado Federal (Eleito); 2006: Deputado Federal (Concorrendo); 2004: Prefeito (Não eleito),,"TSE DivulgaCandContas, API candidatura/buscar, 2026-09-02"
MT,mt-gov-mauricio-coelho,Mauricio Coelho,Mauricio Coelho de Souza Junior,33,MOBILIZA,Governador,Deferido,Concorrendo,,,DR. WAGNER MALHEIROS (MOBILIZA),1994-04-18,MASC.,Superior incompleto,Empresário,MG,ITABIRA,2159005.73,4,soumauriciocoelho,,soumauriciocoelho,soumauriciocoelho,,https://soumauriciocoelho.com,https://divulgacandcontas.tse.jus.br/divulga/rest/arquivo/img/20322002026/110002553058/MT,,,"TSE DivulgaCandContas, API candidatura/buscar, 2026-09-02"
MT,mt-gov-sargento-laudicerio,Sargento Laudicério,Laudicerio Aguiar Machado,36,AGIR,Governador,Aguardando julgamento,Concorrendo,,,ALEX PUCINELI (AGIR),1978-12-18,MASC.,Superior completo,Policial Militar,MT,CUIABÁ,0.0,0,sargentolau,sargentolau,drlaudicerio.machado,,drlaudicerio,https://laudicerio.com.br,https://divulgacandcontas.tse.jus.br/divulga/rest/arquivo/img/20322002026/110002553937/MT,2024: Vereador (Suplente); 2022: Deputado Estadual (Suplente); 2020: Vereador (Suplente); 2018: Deputado Federal (Não eleito),,"TSE DivulgaCandContas, API candidatura/buscar, 2026-09-02"
PA,pa-gov-cleber-rabelo,Cleber Rabelo,Jose Cleber Barros Rabelo,16,PSTU,Governador,Renúncia,Concorrendo,,,WELL MACEDO (PSTU); SEU ALEX (PSTU),1972-11-13,MASC.,Ensino Médio completo,Eletricista e Assemelhados,MA,BACURI,52292.0,1,,,,,,https://cleberpstu,https://divulgacandcontas.tse.jus.br/divulga/rest/arquivo/img/20322002026/140002538631/PA,2022: Governador (Não eleito); 2020: Prefeito (Não eleito); 2018: Governador (Não eleito); 2016: Prefeito (Não eleito); 2014: Deputado Federal (Suplente); 2012: Vereador (Eleito por QP); 2010: Governador (Não eleito),,"TSE DivulgaCandContas, API candidatura/buscar, 2026-09-02"
PA,pa-gov-araceli,Araceli,Araceli Maria Pereira Lemos,50,PSOL,Governador,Deferido,Concorrendo,FEDERAÇÃO PSOL REDE(PSOL/REDE),,FATIMA SANTANA (PSOL),1958-05-29,FEM.,Superior completo,Aposentado (Exceto Servidor Público),PA,INHANGAPI,534231.1900000001,6,aracelilemos,aracelilemoss,share,,aracelilemosof,,https://divulgacandcontas.tse.jus.br/divulga/rest/arquivo/img/20322002026/140002542386/PA,2018: 1º Suplente (Não eleito); 2010: Deputado Estadual (Suplente); 2006: Deputado Federal (Concorrendo); 2004: Prefeito (Não eleito),,"TSE DivulgaCandContas, API candidatura/buscar, 2026-09-02"
PA,pa-gov-dr-daniel,Dr. Daniel,Daniel Barbosa Santos,20,PODE,Governador,Aguardando julgamento,Concorrendo,O PARÁ É DO POVO!,PODE / PL / DC / NOVO / FEDERAÇÃO RENOVAÇÃO SOLIDÁRIA(PRD/SOLIDARIEDADE),ELLAYNE D ALMEIDA (PL),1986-08-25,MASC.,Superior completo,Médico,MA,AÇAILÂNDIA,4753760.8,10,doutordanielsantos,doutordanielsantos,doutordanielsantos,drdanielsantos,doutordanielpa,,https://divulgacandcontas.tse.jus.br/divulga/rest/arquivo/img/20322002026/140002549930/PA,2024: Prefeito (Eleito); 2020: Prefeito (Eleito); 2018: Deputado Estadual (Eleito por QP); 2016: Vereador (Eleito por QP); 2012: Vereador (Eleito por QP),,"TSE DivulgaCandContas, API candidatura/buscar, 2026-09-02"
PA,pa-gov-jose-moita,José Moita,José Lucivaldo Moita,35,DEMOCRATA,Governador,Aguardando julgamento,Concorrendo,,,RUTH REIS (DEMOCRATA),1966-10-27,MASC.,Ensino Médio completo,Agricultor,PA,SANTARÉM,2590509.25,12,josemoita35,josemoita35,,moita35,josemoitamxx7,,https://divulgacandcontas.tse.jus.br/divulga/rest/arquivo/img/20322002026/140002551357/PA,2022: 1º Suplente (Não eleito); 2020: Vice-prefeito (Não eleito); 2012: Vereador (Suplente),,"TSE DivulgaCandContas, API candidatura/buscar, 2026-09-02"
PA,pa-gov-hana-ghassan,Hana Ghassan,Hana Ghassan Tuma,15,MDB,Governador,Deferido,Concorrendo,O PARÁ TÁ JUNTO,REPUBLICANOS / MDB / PSB / PSD / AVANTE / FEDERAÇÃO PSDB CIDADANIA(PSDB/CIDADANIA) / FEDERAÇÃO BRASIL DA ESPERANÇA - FE BRASIL(PT/PC do B/PV) / FEDERAÇÃO UNIÃO PROGRESSISTA(UNIÃO/PP),DIRCEU TEN CATEN (PT),1968-01-16,FEM.,Superior completo,Governador,PA,BELÉM,1670461.0,7,hanaghassan,hanaghassan,hanaghassanpa,hanaghassan,hana_ghassan,https://hana15.com.br,https://divulgacandcontas.tse.jus.br/divulga/rest/arquivo/img/20322002026/140002551598/PA,2022: Vice-governador (Eleito),,"TSE DivulgaCandContas, API candidatura/buscar, 2026-09-02"
PA,pa-gov-gal-leite,Gal Leite,Gualdina Maria Menezes Leite,80,UP,Governador,Aguardando julgamento,Concorrendo,,,KAREN SUELLEN (UP),1964-07-04,FEM.,Superior completo,Aposentado (Exceto Servidor Público),PA,BELÉM,0.0,0,gualdinaleite,,,,,,https://divulgacandcontas.tse.jus.br/divulga/rest/arquivo/img/20322002026/140002551943/PA,2024: Vice-prefeito (Não eleito),,"TSE DivulgaCandContas, API candidatura/buscar, 2026-09-02"
PA,pa-gov-well-macedo,Well Macedo,Wellingta Josyane Siqueira Macedo,16,PSTU,Governador,Aguardando julgamento,Concorrendo,,,WELL MACEDO (PSTU); SEU ALEX (PSTU),1980-03-23,FEM.,Superior incompleto,Comunicólogo,PA,BELÉM,0.0,0,,,,,,https://@wellmacedo,https://divulgacandcontas.tse.jus.br/divulga/rest/arquivo/img/20322002026/140002554108/PA,2024: Prefeito (Não eleito); 2022: Deputado Federal (Não eleito); 2016: Vereador (Não eleito),,"TSE DivulgaCandContas, API candidatura/buscar, 2026-09-02"
PB,pb-gov-efraim-filho,Efraim Filho,Efraim de Araujo Morais Filho,22,PL,Governador,Aguardando julgamento,Concorrendo,,,NAYANA PONTES (PL),1979-03-18,MASC.,Superior completo,Senador,PB,JOÃO PESSOA,1682784.3800000001,9,efraimfilhopb,efraimfilhopb,efraimfilho,,,,https://divulgacandcontas.tse.jus.br/divulga/rest/arquivo/img/20322002026/150002538692/PB,2022: Senador (Eleito); 2018: Deputado Federal (Eleito por média); 2014: Deputado Federal (Eleito por QP); 2012: Vice-prefeito (Não eleito); 2010: Deputado Federal (Eleito); 2006: Deputado Federal (Concorrendo),,"TSE DivulgaCandContas, API candidatura/buscar, 2026-09-02"
PB,pb-gov-yuri-ezequiel,Yuri Ezequiel,Yuri Ezequiel de Lima Silva,80,UP,Governador,Aguardando julgamento,Concorrendo,,,CARMINHA LOURENÇO (UP),1994-03-06,MASC.,Superior completo,Advogado,PB,JOÃO PESSOA,353.89,1,yuriezequiel_up,,,,,,https://divulgacandcontas.tse.jus.br/divulga/rest/arquivo/img/20322002026/150002540204/PB,2024: Prefeito (Não eleito),,"TSE DivulgaCandContas, API candidatura/buscar, 2026-09-02"
PB,pb-gov-cicero-lucena,Cícero Lucena,Cicero de Lucena Filho,15,MDB,Governador,Aguardando julgamento,Concorrendo,JUNTOS PARA A PARAÍBA DAR O PRÓXIMO PASSO,MDB / DEMOCRATA / PSD / FEDERAÇÃO PSDB CIDADANIA(PSDB/CIDADANIA) / PDT,DIOGO CUNHA LIMA (PSD),1957-08-05,MASC.,Ensino Médio completo,Outros,PB,SÃO JOSÉ DE PIRANHAS,2517809.94,22,,,,,,https://kiwi:,https://divulgacandcontas.tse.jus.br/divulga/rest/arquivo/img/20322002026/150002544133/PB,2024: Prefeito (Eleito); 2020: Prefeito (Eleito); 2012: Prefeito (Não eleito); 2006: Senador (Concorrendo),,"TSE DivulgaCandContas, API candidatura/buscar, 2026-09-02"
PB,pb-gov-lucas-ribeiro,Lucas Ribeiro,Lucas Ribeiro Novais de Araujo,11,PP,Governador,Aguardando julgamento,Concorrendo,DAQUI PRA MELHOR,PODE / MOBILIZA / FEDERAÇÃO BRASIL DA ESPERANÇA - FE BRASIL(PT/PC do B/PV) / AGIR / FEDERAÇÃO RENOVAÇÃO SOLIDÁRIA(PRD/SOLIDARIEDADE) / FEDERAÇÃO UNIÃO PROGRESSISTA(UNIÃO/PP) / REPUBLICANOS / PSB,LIGIA FELICIANO (UNIÃO),1989-08-15,MASC.,Superior completo,Governador,PB,JOÃO PESSOA,741354.91,7,lucasribeiropb,lucasribeiropb,share,lucasribeiropb,,https://@lucasribeiropb:,https://divulgacandcontas.tse.jus.br/divulga/rest/arquivo/img/20322002026/150002551789/PB,2022: Vice-governador (Eleito); 2020: Vice-prefeito (Eleito); 2016: Vereador (Suplente),,"TSE DivulgaCandContas, API candidatura/buscar, 2026-09-02"
PB,pb-gov-pedro-coutinho,Pedro Coutinho,Pedro Jorge Coutinho Guerra,27,DC,Governador,Aguardando julgamento,Concorrendo,,,LENILDA PEREIRA (DC),1976-04-21,MASC.,Superior completo,Empresário,PB,JOÃO PESSOA,502200.0,3,,,,,,https://@pedrocoutinhopb,https://divulgacandcontas.tse.jus.br/divulga/rest/arquivo/img/20322002026/150002551911/PB,2022: Deputado Estadual (Concorrendo); 2022: Deputado Estadual (Não eleito); 2018: Deputado Estadual (Concorrendo),,"TSE DivulgaCandContas, API candidatura/buscar, 2026-09-02"
PB,pb-gov-camilo-duarte,Camilo Duarte,Camilo Sobreira Duarte Filho,29,PCO,Governador,Aguardando julgamento,Concorrendo,,,MARCOS LIMA (PCO),1983-03-31,MASC.,Superior completo,Servidor Público Federal,PE,CARUARU,0.0,0,,,,,,https://candidatos.pco.org.br,https://divulgacandcontas.tse.jus.br/divulga/rest/arquivo/img/20322002026/150002552603/PB,2024: Prefeito (Não eleito); 2020: Prefeito (Não eleito); 2014: Deputado Federal (Não eleito); 2012: Vereador (Não eleito); 2010: Deputado Federal (Não eleito); 2004: Vereador (Não eleito),,"TSE DivulgaCandContas, API candidatura/buscar, 2026-09-02"
PE,pe-gov-guilherme-fonseca,Guilherme Fonseca,Guilherme Fonseca,16,PSTU,Governador,Deferido,Concorrendo,,,VALÉRIA FÉLIX (PSTU),1957-08-26,MASC.,Superior incompleto,"Técnico de Eletricidade, Eletrônica e Telecomunicações",PE,RECIFE,300000.0,1,,,,,,https://@pstu.pe,https://divulgacandcontas.tse.jus.br/divulga/rest/arquivo/img/20322002026/170002536575/PE,,,"TSE DivulgaCandContas, API candidatura/buscar, 2026-09-02"
PE,pe-gov-raquel-lyra,Raquel Lyra,Raquel Teixeira Lyra Lucena,55,PSD,Governador,Deferido,Concorrendo,PERNAMBUCO DE CORAÇÃO,PODE / PSD / AVANTE / FEDERAÇÃO PSDB CIDADANIA(PSDB/CIDADANIA) / FEDERAÇÃO UNIÃO PROGRESSISTA(UNIÃO/PP),PRISCILA KRAUSE (PSD),1978-12-02,FEM.,Superior completo,Governador,PE,RECIFE,359498.33,3,raquellyraoficial,raquellyraoficial,raquellyraoficial,raquellyraoficial,raquellyra,,https://divulgacandcontas.tse.jus.br/divulga/rest/arquivo/img/20322002026/170002537227/PE,2022: Governador (Eleito); 2020: Prefeito (Eleito); 2016: Prefeito (Eleito); 2014: Deputado Estadual (Eleito por QP); 2010: Deputado Estadual (Eleito),,"TSE DivulgaCandContas, API candidatura/buscar, 2026-09-02"
PE,pe-gov-joao-campos,João Campos,João Henrique de Andrade Lima Campos,40,PSB,Governador,Deferido,Concorrendo,FRENTE POPULAR DE PERNAMBUCO,REPUBLICANOS / PDT / MDB / PSB / FEDERAÇÃO BRASIL DA ESPERANÇA - FE BRASIL(PT/PC do B/PV) / FEDERAÇÃO RENOVAÇÃO SOLIDÁRIA(PRD/SOLIDARIEDADE) / DC,CARLOS COSTA (REPUBLICANOS),1993-11-26,MASC.,Superior completo,Engenheiro,PE,RECIFE,2892723.46,5,joaocampos,joaocampos,joaocampospsb,joaocampos,joaocampos,https://08199272-4739,https://divulgacandcontas.tse.jus.br/divulga/rest/arquivo/img/20322002026/170002537230/PE,2024: Prefeito (Eleito); 2020: Prefeito (Eleito); 2018: Deputado Federal (Eleito por QP),,"TSE DivulgaCandContas, API candidatura/buscar, 2026-09-02"
PE,pe-gov-professora-camila,Professora Camila,Maria Camila da Silva Falcão,80,UP,Governador,Deferido,Concorrendo,,,MARCELO PESSOA (UP),1989-06-07,FEM.,Superior completo,Historiador,PE,VITÓRIA DE SANTO ANTÃO,85000.0,1,camilafalcao.up,,,,,,https://divulgacandcontas.tse.jus.br/divulga/rest/arquivo/img/20322002026/170002537320/PE,,,"TSE DivulgaCandContas, API candidatura/buscar, 2026-09-02"
PE,pe-gov-ivan-moraes,Ivan Moraes,Ivan Vasconcellos de Moraes Filho,50,PSOL,Governador,Deferido,Concorrendo,FRENTE PERNAMBUCO DE LUTA,PCB / FEDERAÇÃO PSOL REDE(PSOL/REDE),ALICE GABINO (REDE),1976-05-24,MASC.,Superior completo,Jornalista e Redator,PE,RECIFE,81452.0,2,ivanmoraespe,ivanmoraespe,ivanmoraesoficial,ivanmoraesfilho,,,https://divulgacandcontas.tse.jus.br/divulga/rest/arquivo/img/20322002026/170002538097/PE,2022: Deputado Estadual (Suplente); 2020: Vereador (Eleito por média); 2018: Deputado Federal (Não eleito); 2016: Vereador (Eleito por QP),,"TSE DivulgaCandContas, API candidatura/buscar, 2026-09-02"
PE,pe-gov-renan,Renan,Renan Lucio Sant Anna Hallais,14,MISSÃO,Governador,Deferido,Concorrendo,,,LUCAS XAVIER (MISSÃO),1990-05-23,MASC.,Superior completo,Contador,RJ,RIO DE JANEIRO,345182.87,29,renanhallaispe,,,,,,https://divulgacandcontas.tse.jus.br/divulga/rest/arquivo/img/20322002026/170002540337/PE,,,"TSE DivulgaCandContas, API candidatura/buscar, 2026-09-02"
PE,pe-gov-professor-jeremias-do-banco,Professor Jeremias do Banco,Jeremias Cosmo Silva dos Santos,35,DEMOCRATA,Governador,Aguardando julgamento,Concorrendo,,,CARLOS ALBERTO (DEMOCRATA),1980-03-27,MASC.,Superior completo,Professor de Ensino Médio,PE,PALMARES,0.0,0,,,,,,https://professor,https://divulgacandcontas.tse.jus.br/divulga/rest/arquivo/img/20322002026/170002541258/PE,2024: Vice-prefeito (Não eleito); 2020: Vereador (Suplente); 2018: Deputado Estadual (Suplente); 2008: Vereador (Concorrendo),,"TSE DivulgaCandContas, API candidatura/buscar, 2026-09-02"
PE,pe-gov-victor-assis,Victor Assis,Victor Assis da Silva,29,PCO,Governador,Aguardando julgamento,Concorrendo,,,ROBERTA RITA (PCO),1995-05-04,MASC.,Ensino Médio completo,Jornalista e Redator,PE,RECIFE,0.0,0,,,,,,https://candidatos.pco.org.br,https://divulgacandcontas.tse.jus.br/divulga/rest/arquivo/img/20322002026/170002552776/PE,2024: Prefeito (Não eleito); 2022: Deputado Federal (Não eleito); 2020: Prefeito (Não eleito); 2018: Deputado Federal (Não eleito),,"TSE DivulgaCandContas, API candidatura/buscar, 2026-09-02"
PI,pi-gov-rafael-fonteles,Rafael Fonteles,Rafael Tajra Fonteles,13,PT,Governador,Deferido,Concorrendo,A FORÇA DO POVO,REPUBLICANOS / PDT / MDB / PSD / FEDERAÇÃO BRASIL DA ESPERANÇA - FE BRASIL(PT/PC do B/PV),WASHINGTON BANDEIRA (PT),1985-05-06,MASC.,Superior completo,Governador,PI,TERESINA,1799948.6,7,rafael.fonteles,rafaelfontelespi,rafaelfontelespi,rafaelfonteles,rafaelfonteles_,,https://divulgacandcontas.tse.jus.br/divulga/rest/arquivo/img/20322002026/180002532987/PI,2022: Governador (Eleito),,"TSE DivulgaCandContas, API candidatura/buscar, 2026-09-02"
PI,pi-gov-geraldo-carvalho,Geraldo Carvalho,Geraldo do Nascimento Carvalho,16,PSTU,Governador,Aguardando julgamento,Concorrendo,,,GERVÁSIO SANTOS (PSTU),1958-07-16,MASC.,Superior completo,Professor de Ensino Superior,PI,PIRACURUCA,200590.0,2,geraldo_pstu,,,,,,https://divulgacandcontas.tse.jus.br/divulga/rest/arquivo/img/20322002026/180002537422/PI,2024: Prefeito (Não eleito); 2022: Governador (Não eleito); 2016: Vereador (Não eleito); 2014: Senador (Não eleito); 2010: Governador (Não eleito); 2008: Vereador (Não eleito); 2006: Senador (Concorrendo); 2004: Prefeito (Não eleito),,"TSE DivulgaCandContas, API candidatura/buscar, 2026-09-02"
PI,pi-gov-joel-rodrigues,Joel Rodrigues,Joel Rodrigues da Silva,11,PP,Governador,Aguardando julgamento,Concorrendo,JUNTOS PELO PIAUÍ,PODE / FEDERAÇÃO UNIÃO PROGRESSISTA(UNIÃO/PP) / PL,JEOVÁ ALENCAR (UNIÃO),1969-12-09,MASC.,Ensino Médio completo,"Técnico Contabilidade, Estatística, Economia Doméstica e Administração",PI,FLORIANO,1688256.2,10,hablapiaui,joelrodriguespi,joelrodriguespi,joelrodriguespi,joelrodriguespi,https://music.amazon.com.br/albums/b0hffhkrwx,https://divulgacandcontas.tse.jus.br/divulga/rest/arquivo/img/20322002026/180002538530/PI,2022: Senador (Não eleito); 2020: Prefeito (Eleito); 2016: Prefeito (Eleito); 2014: Deputado Estadual (Suplente); 2008: Prefeito (Eleito); 2004: Prefeito (Eleito),,"TSE DivulgaCandContas, API candidatura/buscar, 2026-09-02"
PI,pi-gov-dra-lucia-santos,Dra. Lúcia Santos,Lúcia Maria de Sousa Aguiar dos Santos,45,PSDB,Governador,Aguardando julgamento,Concorrendo,FEDERAÇÃO PSDB CIDADANIA(PSDB/CIDADANIA),,DR. PAULO EUDES (PSDB),1964-11-03,FEM.,Superior completo,Médico,PI,TERESINA,799134.68,8,draluciasantos,,,,,,https://divulgacandcontas.tse.jus.br/divulga/rest/arquivo/img/20322002026/180002544216/PI,2020: Vereador (Suplente); 2018: Deputado Federal (Suplente),,"TSE DivulgaCandContas, API candidatura/buscar, 2026-09-02"
PI,pi-gov-ravenna-da-inclusao,Ravenna da Inclusão,Ravenna de Castro Lima Azevedo,35,DEMOCRATA,Governador,Aguardando julgamento,Concorrendo,,,JOÃO RICARDO (DEMOCRATA),1986-05-15,FEM.,Superior completo,Advogado,PI,TERESINA,91600.52,6,ravennacastropi,,draravennacastro,,,,https://divulgacandcontas.tse.jus.br/divulga/rest/arquivo/img/20322002026/180002548388/PI,2024: Vereador (Concorrendo); 2022: Governador (Não eleito); 2020: Vereador (Não eleito); 2018: Deputado Estadual (Suplente),,"TSE DivulgaCandContas, API candidatura/buscar, 2026-09-02"
PI,pi-gov-professor-jurity,Professor Jurity,Francisco José Martins Jurity,27,DC,Governador,Aguardando julgamento,Concorrendo,,,PEDRO PEREIRA (DC),1955-04-18,MASC.,Superior completo,Servidor Público Civil Aposentado,PI,PARNAÍBA,998500.0,6,,,,,,,https://divulgacandcontas.tse.jus.br/divulga/rest/arquivo/img/20322002026/180002548565/PI,2010: Deputado Federal (Registro negado antes da eleição); 2006: S1 S (Concorrendo),,"TSE DivulgaCandContas, API candidatura/buscar, 2026-09-02"
PI,pi-gov-elizeu-aguiar,Elizeu Aguiar,Elizeu Morais de Aguiar,30,NOVO,Governador,Aguardando julgamento,Concorrendo,A FORÇA DA FÉ,NOVO / AVANTE,ISMAR MARQUES (NOVO),1966-05-28,MASC.,Superior completo,Empresário,PI,TERESINA,1592808.0,3,elizeuaguiarr,,,,,https://-,https://divulgacandcontas.tse.jus.br/divulga/rest/arquivo/img/20322002026/180002549920/PI,2022: Deputado Estadual (Suplente); 2020: Vereador (Suplente); 2018: Senador (Não eleito); 2010: Deputado Federal (Suplente); 2008: Vereador (Eleito); 2006: Deputado Federal (Concorrendo); 2004: Vereador (Eleito),,"TSE DivulgaCandContas, API candidatura/buscar, 2026-09-02"
PI,pi-gov-professor-gisvaldo,Professor Gisvaldo,Gisvaldo Oliveira da Silva,50,PSOL,Governador,Aguardando julgamento,Concorrendo,FEDERAÇÃO PSOL REDE(PSOL/REDE),,EDILENE PINHO (PSOL),1978-06-10,MASC.,Superior completo,Professor de Ensino Superior,PI,TERESINA,100000.0,1,gisvaldooliveira,,gisvaldooliveira.dasilva,,gisvaldopsol,,https://divulgacandcontas.tse.jus.br/divulga/rest/arquivo/img/20322002026/180002549970/PI,,,"TSE DivulgaCandContas, API candidatura/buscar, 2026-09-02"
PI,pi-gov-santiago-belizario,Santiago Belizário,José Santiago Belizário,80,UP,Governador,Aguardando julgamento,Concorrendo,,,THAYS DIAS (UP),1993-06-11,MASC.,Superior incompleto,Outros,CE,FORTALEZA,967.43,1,santiagobelizario,,,,,,https://divulgacandcontas.tse.jus.br/divulga/rest/arquivo/img/20322002026/180002549995/PI,2024: Prefeito (Não eleito),,"TSE DivulgaCandContas, API candidatura/buscar, 2026-09-02"
PI,pi-gov-gustavo-pelo-piaui,Gustavo Pelo Piauí,Gustavo Henrique Leite Feijó,70,AVANTE,Governador,Aguardando julgamento,Concorrendo,,,LUCAS VERAS DE MORAES (AVANTE),1973-11-29,MASC.,Superior completo,Servidor Público Municipal,MG,BELO HORIZONTE,0.0,0,gustavo_henrique_povo,,gustavohenriquepelopiaui,,,,https://divulgacandcontas.tse.jus.br/divulga/rest/arquivo/img/20322002026/180002550421/PI,2024: Vereador (Não eleito); 2022: Governador (Não eleito); 2020: Vereador (Suplente); 2016: Vereador (Não eleito); 2014: Senador (Não eleito); 2012: Vereador (Suplente); 2008: Vereador (Registro negado antes da eleição); 2004: Vereador (Suplente),,"TSE DivulgaCandContas, API candidatura/buscar, 2026-09-02"
PI,pi-gov-lourdes-melo,Lourdes Melo,Maria de Lourdes Soares Melo,29,PCO,Governador,Aguardando julgamento,Concorrendo,,,ZEFERINO DA SILVA BRASIL (PCO),1953-06-12,FEM.,Superior completo,Professor de Ensino Médio,MA,PEDREIRAS,450000.0,2,,,,,,https://candidatos.pco.org.br,https://divulgacandcontas.tse.jus.br/divulga/rest/arquivo/img/20322002026/180002553722/PI,2024: Prefeito (Não eleito); 2022: Governador (Não eleito); 2020: Prefeito (Não eleito); 2018: Governador (Não eleito); 2016: Prefeito (Não eleito); 2014: Governador (Não eleito); 2012: Vice-prefeito (Não eleito); 2010: Governador (Concorrendo); 2008: Prefeito (Não eleito); 2006: Governador (Concorrendo),,"TSE DivulgaCandContas, API candidatura/buscar, 2026-09-02"
PR,pr-gov-sergio-moro,Sergio Moro,Sergio Fernando Moro,22,PL,Governador,Aguardando julgamento,Concorrendo,FORTALEZA PARANÁ,PODE / PL / NOVO,EDSON VASCONCELOS (PL),1972-08-01,MASC.,Superior completo,Senador,PR,MARINGÁ,1036642.25,12,sf_moro,sergiomoro_,sf.moro,sf_moro,sf_moro,https://sergiomorobrasil.com.br,https://divulgacandcontas.tse.jus.br/divulga/rest/arquivo/img/20322002026/160002540833/PR,2022: Senador (Eleito),,"TSE DivulgaCandContas, API candidatura/buscar, 2026-09-02"
PR,pr-gov-doutor-alexandre-salomao,Doutor Alexandre Salomão,Alexandre Salomao,33,MOBILIZA,Governador,Aguardando julgamento,Concorrendo,,,DAIANA CRIMINACIO (MOBILIZA),1971-05-30,MASC.,Superior completo,Advogado,PR,CURITIBA,27695000.0,6,alexandresalomao.adv,,alexandresalomao.advocacia,,,,https://divulgacandcontas.tse.jus.br/divulga/rest/arquivo/img/20322002026/160002547594/PR,,,"TSE DivulgaCandContas, API candidatura/buscar, 2026-09-02"
PR,pr-gov-requiao-filho,Requião Filho,Mauricio Thadeu de Mello e Silva,12,PDT,Governador,Aguardando julgamento,Concorrendo,PARANÁ PARA TODOS,PDT / FEDERAÇÃO BRASIL DA ESPERANÇA - FE BRASIL(PT/PC do B/PV) / FEDERAÇÃO PSOL REDE(PSOL/REDE) / FEDERAÇÃO RENOVAÇÃO SOLIDÁRIA(PRD/SOLIDARIEDADE),MICHELE CAPUTO (SOLIDARIEDADE),1979-10-24,MASC.,Superior completo,Advogado,PR,CURITIBA,1876342.14,11,requiaofilho,requiaofilho,requiaofilho,mrequiaofilho,requiaofilho,https://x:,https://divulgacandcontas.tse.jus.br/divulga/rest/arquivo/img/20322002026/160002547666/PR,2022: Deputado Estadual (Eleito por QP); 2018: Deputado Estadual (Eleito por QP); 2016: Prefeito (Não eleito); 2014: Deputado Estadual (Eleito por QP),,"TSE DivulgaCandContas, API candidatura/buscar, 2026-09-02"
PR,pr-gov-samuel-de-mattos,Samuel de Mattos,Samuel de Mattos Figueiredo,16,PSTU,Governador,Aguardando julgamento,Concorrendo,,,HELENA FIGUEIREDO (PSTU),1988-03-25,MASC.,Superior completo,Professor de Ensino Médio,SC,TURVO,1035000.0,3,samuel.demattos,,,,,,https://divulgacandcontas.tse.jus.br/divulga/rest/arquivo/img/20322002026/160002548010/PR,2024: Prefeito (Não eleito); 2022: Deputado Federal (Não eleito); 2020: Vice-prefeito (Não eleito),,"TSE DivulgaCandContas, API candidatura/buscar, 2026-09-02"
PR,pr-gov-sandro-alex,Sandro Alex,Sandro Alex Cruz de Oliveira,55,PSD,Governador,Aguardando julgamento,Concorrendo,A MUDANÇA CONTINUA,REPUBLICANOS / MDB / DEMOCRATA / PSD / AVANTE / FEDERAÇÃO PSDB CIDADANIA(PSDB/CIDADANIA) / FEDERAÇÃO UNIÃO PROGRESSISTA(UNIÃO/PP),RAFAEL GRECA (MDB),1972-11-25,MASC.,Superior completo,Advogado,PR,PONTA GROSSA,1667125.53,12,sandroalex,sandroalexpr,depsandroalex,sandroalex55,sandroalexpr,https://apoio.top/q/sandroalex55,https://divulgacandcontas.tse.jus.br/divulga/rest/arquivo/img/20322002026/160002549553/PR,2022: Deputado Federal (Eleito por QP); 2018: Deputado Federal (Eleito por QP); 2014: Deputado Federal (Eleito por QP); 2010: Deputado Federal (Eleito); 2008: Prefeito (2º turno),,"TSE DivulgaCandContas, API candidatura/buscar, 2026-09-02"
PR,pr-gov-tayna-miessa,Tayná Miessa,Tayna Miessa Tsushida,80,UP,Governador,Deferido,Concorrendo,,,WILLIAN ARAKI (UP),1995-08-05,FEM.,Ensino Médio completo,Produtor de Espetáculos Públicos,PR,CURITIBA,250000.0,1,taynamiess,,,,,https://wa.me/5541995137971,https://divulgacandcontas.tse.jus.br/divulga/rest/arquivo/img/20322002026/160002550997/PR,,,"TSE DivulgaCandContas, API candidatura/buscar, 2026-09-02"
PR,pr-gov-luiz-franca,Luiz França,Luiz Felipe Martins Franca,14,MISSÃO,Governador,Aguardando julgamento,Concorrendo,,,JOÃO ADOLFO (MISSÃO),1993-11-18,MASC.,Superior completo,Advogado,PR,CIANORTE,144999.99,3,14luizfranca,14luizfranca,14luizfranca,14luizfranca,14luizfranca,https://missaoparana.com.br/luiz-franca,https://divulgacandcontas.tse.jus.br/divulga/rest/arquivo/img/20322002026/160002551353/PR,,,"TSE DivulgaCandContas, API candidatura/buscar, 2026-09-02"
PR,pr-gov-adriano-funileiro,Adriano Funileiro,Adriano Teixeira,29,PCO,Governador,Aguardando julgamento,Concorrendo,,,ZÉ CARLOS (PCO),1987-06-03,MASC.,Superior completo,Mecânico de Manutenção,PR,NOVA OLÍMPIA,0.0,0,,,,,,https://candidatos.pco.org.br,https://divulgacandcontas.tse.jus.br/divulga/rest/arquivo/img/20322002026/160002552560/PR,2024: Prefeito (Não eleito); 2022: Governador (Não eleito); 2020: Vereador (Não eleito),,"TSE DivulgaCandContas, API candidatura/buscar, 2026-09-02"
RJ,rj-gov-william-siri,William Siri,William Carlos Brum Bispo,50,PSOL,Governador,Deferido,Concorrendo,FEDERAÇÃO PSOL REDE(PSOL/REDE),,JULIANA CARVALHO (PSOL),1992-08-08,MASC.,Superior completo,Vereador,RJ,RIO DE JANEIRO,120000.0,1,williamsirirj,,williamsirirj,,williamsirirj,https://williamsirirj.com,https://divulgacandcontas.tse.jus.br/divulga/rest/arquivo/img/20322002026/190002536162/RJ,2024: Vereador (Eleito por QP); 2022: Deputado Federal (Suplente); 2020: Vereador (Eleito por média); 2018: Deputado Estadual (Suplente); 2016: Vereador (Suplente),,"TSE DivulgaCandContas, API candidatura/buscar, 2026-09-02"
RJ,rj-gov-andre-marinho,André Marinho,André Bourguignon Marinho,30,NOVO,Governador,Deferido,Concorrendo,,,TENENTE CORONEL ERIGREYCE (NOVO),1994-08-10,MASC.,Superior completo,Empresário,RJ,RIO DE JANEIRO,407503.55,6,abmarinho,,andremarinho01,andremarinholive,,https://marinho30.com.br,https://divulgacandcontas.tse.jus.br/divulga/rest/arquivo/img/20322002026/190002537524/RJ,,,"TSE DivulgaCandContas, API candidatura/buscar, 2026-09-02"
RJ,rj-gov-cyro-garcia,Cyro Garcia,Cyro Garcia,16,PSTU,Governador,Deferido,Concorrendo,,,PERCILIANA (PSTU),1954-10-26,MASC.,Superior completo,Aposentado (Exceto Servidor Público),MG,MANHUMIRIM,385400.0,2,,,,,,https://@cyrogarcia16,https://divulgacandcontas.tse.jus.br/divulga/rest/arquivo/img/20322002026/190002540198/RJ,2024: Prefeito (Não eleito); 2022: Governador (Não eleito); 2020: Prefeito (Não eleito); 2018: Senador (Não eleito); 2016: Prefeito (Não eleito); 2014: Deputado Federal (Não eleito); 2012: Prefeito (Não eleito); 2010: Governador (Não eleito); 2008: Vereador (Suplente); 2006: Deputado Federal (Concorrendo); 2004: Vereador (Não eleito),,"TSE DivulgaCandContas, API candidatura/buscar, 2026-09-02"
RJ,rj-gov-douglas-ruas,Douglas Ruas,Douglas Ruas dos Santos,22,PL,Governador,Aguardando julgamento,Concorrendo,RIO REAL,PL / MOBILIZA / AGIR / AVANTE,FERNANDA LOUBACK (PL),1989-01-17,MASC.,Superior completo,Deputado,RJ,SÃO GONÇALO,1467687.88,18,douglasruasrj,douglasruasrj,douglasruasrj,douglasruasrj,douglasruas_rj,,https://divulgacandcontas.tse.jus.br/divulga/rest/arquivo/img/20322002026/190002542887/RJ,2022: Deputado Estadual (Eleito por QP),,"TSE DivulgaCandContas, API candidatura/buscar, 2026-09-02"
RJ,rj-gov-eduardo-paes,Eduardo Paes,Eduardo da Costa Paes,55,PSD,Governador,Aguardando julgamento,Concorrendo,JUNTOS PARA MUDAR CORAGEM PARA RECONSTRUIR,PDT / MDB / DC / PSB / PSD / FEDERAÇÃO PSDB CIDADANIA(PSDB/CIDADANIA) / FEDERAÇÃO BRASIL DA ESPERANÇA - FE BRASIL(PT/PC do B/PV) / FEDERAÇÃO RENOVAÇÃO SOLIDÁRIA(PRD/SOLIDARIEDADE),JANE REIS (MDB),1969-11-14,MASC.,Superior completo,Outros,RJ,RIO DE JANEIRO,189210.63,7,eduardopaes,eduardopaes,eduardopaesrj,,eduardopaes,https://eduardopaes.com.br,https://divulgacandcontas.tse.jus.br/divulga/rest/arquivo/img/20322002026/190002543380/RJ,2024: Prefeito (Eleito); 2020: Prefeito (2º turno); 2018: Governador (Não eleito); 2012: Prefeito (Eleito); 2008: Prefeito (2º turno); 2006: Governador (Concorrendo),,"TSE DivulgaCandContas, API candidatura/buscar, 2026-09-02"
RJ,rj-gov-coronel-busnello,Coronel Busnello,João Jacques Soares Busnello,14,MISSÃO,Governador,Aguardando julgamento,Concorrendo,,,RAFA LUZ (MISSÃO),1970-08-06,MASC.,Superior completo,Policial Militar,RS,IRAÍ,950000.0,2,,,,,,https://@coronelbsnello,https://divulgacandcontas.tse.jus.br/divulga/rest/arquivo/img/20322002026/190002544120/RJ,2022: Deputado Federal (Suplente); 2018: Deputado Federal (Não eleito),,"TSE DivulgaCandContas, API candidatura/buscar, 2026-09-02"
RJ,rj-gov-juliete,Juliete,Juliete Pantoja Alves,80,UP,Governador,Aguardando julgamento,Concorrendo,,,BIA MARTINS (UP),1989-10-15,FEM.,Ensino Médio completo,Outros,RJ,DUQUE DE CAXIAS,0.0,0,julietepantojaup,,,,,,https://divulgacandcontas.tse.jus.br/divulga/rest/arquivo/img/20322002026/190002547272/RJ,2024: Prefeito (Não eleito); 2022: Governador (Não eleito); 2020: Vereador (Não eleito); 2012: Vereador (Concorrendo); 2012: Vereador (Não eleito),,"TSE DivulgaCandContas, API candidatura/buscar, 2026-09-02"
RJ,rj-gov-garotinho,Garotinho,Anthony William Garotinho Matheus de Oliveira,10,REPUBLICANOS,Governador,Aguardando julgamento,Concorrendo,CORAGEM PARA MUDAR,REPUBLICANOS / DEMOCRATA,ANDRÉ MONTEIRO (DEMOCRATA); MAJOR ELAINE (DEMOCRATA),1960-04-18,MASC.,Superior completo,Jornalista e Redator,RJ,CAMPOS DOS GOYTACAZES,167585.05,8,,oficialgarotinho,garotinho1960,blogdogarotinho,blogdogarotinho,https://@garotinho_oficial,https://divulgacandcontas.tse.jus.br/divulga/rest/arquivo/img/20322002026/190002550196/RJ,2024: Vereador (Suplente); 2022: Deputado Federal (Concorrendo); 2018: Governador (Não eleito); 2014: Governador (Não eleito); 2010: Deputado Federal (Eleito),,"TSE DivulgaCandContas, API candidatura/buscar, 2026-09-02"
RJ,rj-gov-luan-monteiro,Luan Monteiro,Luan Monteiro Paschoal Pires,29,PCO,Governador,Aguardando julgamento,Concorrendo,,,CAETANO ALBUQUERQUE (PCO),1996-08-05,MASC.,Ensino Médio incompleto,"Estudante, Bolsista, Estagiário e Assemelhados",RJ,RIO DE JANEIRO,0.0,0,,,,,,https://candidatos.pco.org.br,https://divulgacandcontas.tse.jus.br/divulga/rest/arquivo/img/20322002026/190002552513/RJ,2024: Vereador (Não eleito); 2022: Deputado Estadual (Não eleito); 2020: Vereador (Não eleito),,"TSE DivulgaCandContas, API candidatura/buscar, 2026-09-02"
RN,rn-gov-cadu-de-lula,Cadu de Lula,Carlos Eduardo Xavier,13,PT,Governador,Aguardando julgamento,Concorrendo,TIME QUE CUIDA,PDT / PSB / FEDERAÇÃO BRASIL DA ESPERANÇA - FE BRASIL(PT/PC do B/PV),LARISSA (PSB),1978-06-14,MASC.,Superior completo,Engenheiro,RJ,RIO DE JANEIRO,100000.0,1,caduxavier,caduxavierrn,,,caduxavier,https://wa.me/qr/nc7r4cka5misp1,https://divulgacandcontas.tse.jus.br/divulga/rest/arquivo/img/20322002026/200002534001/RN,,,"TSE DivulgaCandContas, API candidatura/buscar, 2026-09-02"
RN,rn-gov-alvaro-dias,Álvaro Dias,Álvaro Costa Dias,22,PL,Governador,Aguardando julgamento,Concorrendo,ENDIREITA RN,PODE / PL / NOVO / FEDERAÇÃO PSDB CIDADANIA(PSDB/CIDADANIA) / MOBILIZA,BABÁ (PL),1959-09-04,MASC.,Superior completo,Médico,RN,CAICÓ,1742569.16,9,alvarodiasrn,,alavarodiasrn,,,https://alvaropelorn.com.br,https://divulgacandcontas.tse.jus.br/divulga/rest/arquivo/img/20322002026/200002534442/RN,2020: Prefeito (Eleito); 2016: Vice-prefeito (Eleito); 2014: Deputado Estadual (Eleito por média); 2010: Vice-G (Concorrendo); 2006: Deputado Estadual (Concorrendo),,"TSE DivulgaCandContas, API candidatura/buscar, 2026-09-02"
RN,rn-gov-allyson,Allyson,Allyson Leandro Bezerra Silva,44,UNIÃO,Governador,Aguardando julgamento,Concorrendo,ESPERANÇA E TRABALHO,REPUBLICANOS / MDB / PSD / AVANTE / FEDERAÇÃO RENOVAÇÃO SOLIDÁRIA(PRD/SOLIDARIEDADE) / FEDERAÇÃO UNIÃO PROGRESSISTA(UNIÃO/PP),HERMANO (MDB),1992-05-12,MASC.,Superior completo,Servidor Público Federal,RN,MOSSORÓ,748869.84,12,allysonbezerra.rn,allysonbezerrarn,allysonbezerra.rn,allysonbezerra,allysonbezerra_,https://allysonbezerra.com.br,https://divulgacandcontas.tse.jus.br/divulga/rest/arquivo/img/20322002026/200002535255/RN,2024: Prefeito (Eleito); 2020: Prefeito (Eleito); 2018: Deputado Estadual (Eleito por QP),,"TSE DivulgaCandContas, API candidatura/buscar, 2026-09-02"
RN,rn-gov-dario-barbosa,Dário Barbosa,Dario Barbosa de Melo,16,PSTU,Governador,Aguardando julgamento,Concorrendo,,,FERNANDA SOARES (PSTU),1953-05-28,MASC.,Superior completo,Professor de Ensino Médio,PE,RECIFE,170000.0,2,dariobarbosapstu,,,,,,https://divulgacandcontas.tse.jus.br/divulga/rest/arquivo/img/20322002026/200002542481/RN,2022: Senador (Não eleito); 2018: Governador (Não eleito); 2016: Vereador (Não eleito); 2014: Deputado Estadual (Não eleito); 2012: Vice-prefeito (Não eleito); 2008: Prefeito (Não eleito); 2004: Prefeito (Concorrendo),,"TSE DivulgaCandContas, API candidatura/buscar, 2026-09-02"
RN,rn-gov-rodrigo-bolsonaro,Rodrigo Bolsonaro,Karlo Rodrigo Lucio Vieira,36,AGIR,Governador,Aguardando julgamento,Concorrendo,,,SOCORRO BATISTA (AGIR),1980-07-17,MASC.,Ensino Médio completo,Empresário,RN,NATAL,420000.0,3,rodrigobolsonarorn2026,,,,,,https://divulgacandcontas.tse.jus.br/divulga/rest/arquivo/img/20322002026/200002546756/RN,2022: Governador (Não eleito); 2016: Prefeito (Não eleito),,"TSE DivulgaCandContas, API candidatura/buscar, 2026-09-02"
RN,rn-gov-professor-roberio-paulino,Professor Roberio Paulino,Roberio Paulino Rodrigues,50,PSOL,Governador,Aguardando julgamento,Concorrendo,FEDERAÇÃO PSOL REDE(PSOL/REDE),,LENNY GRILO (PSOL),1957-05-29,MASC.,Superior completo,Professor de Ensino Superior,RJ,NILÓPOLIS,2194367.82,7,profroberiopaulino50,,share,,,,https://divulgacandcontas.tse.jus.br/divulga/rest/arquivo/img/20322002026/200002546757/RN,2024: Vereador (Suplente); 2020: Vereador (Eleito por média); 2018: Deputado Estadual (Eleito por média); 2016: Prefeito (Não eleito); 2014: Governador (Não eleito); 2012: Prefeito (Não eleito),,"TSE DivulgaCandContas, API candidatura/buscar, 2026-09-02"
RN,rn-gov-arinalda-do-mlb,Arinalda do MLB,Arinalda Vasconcelos de Medeiros,80,UP,Governador,Aguardando julgamento,Concorrendo,,,FRANCISCO DIAS (UP),1980-06-28,FEM.,Ensino Fundamental incompleto,Empregado Doméstico,RN,NATAL,0.0,0,,,,,,https://arinaldamedeiros.up,https://divulgacandcontas.tse.jus.br/divulga/rest/arquivo/img/20322002026/200002547826/RN,,,"TSE DivulgaCandContas, API candidatura/buscar, 2026-09-02"
RN,rn-gov-carlos-jararaca,Carlos Jararaca,Carlos Alberto de Almeida Cavalcante,27,DC,Governador,Aguardando julgamento,Concorrendo,,,PASTOR JÚLIO (DC),1963-12-04,MASC.,Superior completo,Representante Comercial,RN,ACARI,0.0,0,carlos_jararaca,,,,,,https://divulgacandcontas.tse.jus.br/divulga/rest/arquivo/img/20322002026/200002550223/RN,2014: Deputado Estadual (Suplente); 2010: Deputado Estadual (Suplente),,"TSE DivulgaCandContas, API candidatura/buscar, 2026-09-02"
RN,rn-gov-henrique-lyra,Henrique Lyra,Henrique Othon Costa de Lyra,29,PCO,Governador,Aguardando julgamento,Concorrendo,,,ANDRE GUSTAVO (PCO),1985-04-20,MASC.,Superior completo,Engenheiro,RN,NATAL,228000.0,3,,,,,,https://candidatos.pco.org.br,https://divulgacandcontas.tse.jus.br/divulga/rest/arquivo/img/20322002026/200002553301/RN,2020: Vereador (Não eleito); 2018: Deputado Estadual (Não eleito),,"TSE DivulgaCandContas, API candidatura/buscar, 2026-09-02"
RO,ro-gov-adailton-furia,Adailton Furia,Adailton Antunes Ferreira,55,PSD,Governador,Deferido,Concorrendo,GENTE QUE GOSTA DE GENTE,PSD / AVANTE / FEDERAÇÃO RENOVAÇÃO SOLIDÁRIA(PRD/SOLIDARIEDADE),EVERTON LEONI (PSD),1986-09-24,MASC.,Superior completo,Outros,RO,CACOAL,1665086.74,7,adailtonfuria,adailton.furia,adailtonfuriaprefeito,adailtonfuria55,,,https://divulgacandcontas.tse.jus.br/divulga/rest/arquivo/img/20322002026/220002536806/RO,2024: Prefeito (Eleito); 2020: Prefeito (Eleito); 2018: Deputado Estadual (Eleito por QP); 2016: Prefeito (Não eleito); 2014: Deputado Estadual (Suplente); 2012: Vereador (Eleito por QP); 2008: Vereador (Suplente),,"TSE DivulgaCandContas, API candidatura/buscar, 2026-09-02"
RO,ro-gov-marcos-rogerio,Marcos Rogério,Marcos Rogerio da Silva Brito,22,PL,Governador,Aguardando julgamento,Concorrendo,JUNTOS POR RONDONIA,PODE / PL / DC / NOVO / MOBILIZA,DELEGADO CAMARGO (PODE),1978-07-07,MASC.,Superior completo,Senador,RO,JI-PARANÁ,2376169.92,9,marcosrogeriooficial,senadormarcosrogerio,marcosrogeriooficial,senadormarcosrogerio,marcosrogerio,https://time22.com.br,https://divulgacandcontas.tse.jus.br/divulga/rest/arquivo/img/20322002026/220002541939/RO,2022: Governador (Não eleito); 2018: Senador (Eleito); 2014: Deputado Federal (Eleito por QP); 2010: Deputado Federal (Média); 2008: Vereador (Eleito); 2004: Vereador (Concorrendo),,"TSE DivulgaCandContas, API candidatura/buscar, 2026-09-02"
RO,ro-gov-expedito-netto,Expedito Netto,Expedito Goncalves Ferreira Netto,13,PT,Governador,Aguardando julgamento,Concorrendo,FÉ RONDÔNIA,FEDERAÇÃO BRASIL DA ESPERANÇA - FE BRASIL(PT/PC do B/PV) / FEDERAÇÃO PSOL REDE(PSOL/REDE),"DR, LUIZ TEODORO (PSOL)",1988-10-05,MASC.,Superior completo,Empresário,RO,PORTO VELHO,351226.0,3,expeditonetto,expeditonetto1,share,deputadoexpeditonetto5067,netto_expedito,https://wa.me/61999787745,https://divulgacandcontas.tse.jus.br/divulga/rest/arquivo/img/20322002026/220002542185/RO,2022: Deputado Federal (Não eleito); 2018: Deputado Federal (Eleito por QP); 2014: Deputado Federal (Eleito por média),,"TSE DivulgaCandContas, API candidatura/buscar, 2026-09-02"
RO,ro-gov-hildon-chaves,Hildon Chaves,Hildon de Lima Chaves,44,UNIÃO,Governador,Aguardando julgamento,Concorrendo,RONDONIA COM A FORÇA DO TRABALHO E DA UNIÃO,REPUBLICANOS / FEDERAÇÃO UNIÃO PROGRESSISTA(UNIÃO/PP),CIRONE DEIRÓ (UNIÃO),1968-05-25,MASC.,Superior completo,Empresário,PE,RECIFE,30330625.02,3,hildonchaves_,hildonchaves_,drhildon,hildonchavess,chaves_hildon,https://flic.kr/ps/47rhcw,https://divulgacandcontas.tse.jus.br/divulga/rest/arquivo/img/20322002026/220002542916/RO,2020: Prefeito (Eleito); 2016: Prefeito (2º turno),,"TSE DivulgaCandContas, API candidatura/buscar, 2026-09-02"
RO,ro-gov-samuel-costa,Samuel Costa,Samuel Costa Menezes,40,PSB,Governador,Aguardando julgamento,Concorrendo,,,SARGENTO MACHADO (PSB),1989-12-10,MASC.,Superior completo,Advogado,RO,PORTO VELHO,3631297.68,18,samuelcostapvh,samuelcostapvh,share,,,https://chegajuntorondonia.com.br,https://divulgacandcontas.tse.jus.br/divulga/rest/arquivo/img/20322002026/220002550927/RO,2024: Prefeito (Não eleito); 2022: Deputado Federal (Não eleito); 2020: Prefeito (Não eleito); 2014: Deputado Estadual (Suplente); 2012: Vereador (Suplente),,"TSE DivulgaCandContas, API candidatura/buscar, 2026-09-02"
RO,ro-gov-pedro-abib,Pedro Abib,Pedro Abib Hecktheuer,15,MDB,Governador,Aguardando julgamento,Concorrendo,EXPERIÊNCIA FÉ E AUTORIDADE,PDT / MDB,MAURO PEREIRA (MDB),1990-12-23,MASC.,Superior completo,Advogado,RS,PELOTAS,2936485.0,6,pedro.abib,pedroabib_,pedroabibro,pedroabibro,pedroabib15,https://pedro15.com.br,https://divulgacandcontas.tse.jus.br/divulga/rest/arquivo/img/20322002026/220002551251/RO,,,"TSE DivulgaCandContas, API candidatura/buscar, 2026-09-02"
RR,rr-gov-arthur-henrique,Arthur Henrique,Arthur Henrique Brandao Machado,22,PL,Governador,Deferido,Concorrendo,UNIDOS POR RORAIMA,PL / NOVO,HAROLDO CATHEDRAL (NOVO),1981-08-19,MASC.,Superior incompleto,Outros,RR,BOA VISTA,578525.64,8,arthurhenriquerr,arthurhenriquerr_,arthurhenriquebv,arthurhenriquerr,arthurboavista,https://arthur22.com.br,https://divulgacandcontas.tse.jus.br/divulga/rest/arquivo/img/20322002026/230002549223/RR,2024: Prefeito (Eleito); 2022: Governador (Não eleito); 2020: Prefeito (Eleito); 2016: Vice-prefeito (Eleito),,"TSE DivulgaCandContas, API candidatura/buscar, 2026-09-02"
RR,rr-gov-farah-mesquita,Farah Mesquita,Farah Mesquita,77,SOLIDARIEDADE,Governador,Deferido,Concorrendo,FEDERAÇÃO RENOVAÇÃO SOLIDÁRIA(PRD/SOLIDARIEDADE),,NATÁLIA WAKIRI (SOLIDARIEDADE),1974-11-12,MASC.,Superior incompleto,Outros,MA,CÂNDIDO MENDES,0.0,0,farah_governador,,,,,https://farah_governador,https://divulgacandcontas.tse.jus.br/divulga/rest/arquivo/img/20322002026/230002549294/RR,2020: Vereador (Suplente); 2018: Deputado Federal (Suplente); 2014: Deputado Estadual (Suplente); 2010: Deputado Estadual (Suplente); 2006: Deputado Estadual (Concorrendo); 2004: Vereador (Concorrendo),,"TSE DivulgaCandContas, API candidatura/buscar, 2026-09-02"
RR,rr-gov-soldado-sampaio,Soldado Sampaio,Francisco dos Santos Sampaio,10,REPUBLICANOS,Governador,Deferido,Concorrendo,RORAIMA SEGUE EM FRENTE,REPUBLICANOS / PODE / AGIR / PSD / FEDERAÇÃO UNIÃO PROGRESSISTA(UNIÃO/PP),SHÉRIDAN (PODE),1976-05-12,MASC.,Superior completo,Governador,MA,PEDREIRAS,1930000.0,5,soldadosampaiorr,soldadosampaio,soldadosampaiodeputado,,soldado_sampaio,,https://divulgacandcontas.tse.jus.br/divulga/rest/arquivo/img/20322002026/230002551571/RR,2022: Deputado Estadual (Eleito por QP); 2022: Governador (Não eleito); 2018: Deputado Estadual (Eleito por média); 2014: Deputado Estadual (Eleito por QP); 2010: Deputado Estadual (Eleito),,"TSE DivulgaCandContas, API candidatura/buscar, 2026-09-02"
RR,rr-gov-rosi-aires,Rosi Aires,Rosimayre Patricia Aires da Silva,50,PSOL,Governador,Deferido,Concorrendo,RORAIMA DA ESPERANÇA,FEDERAÇÃO BRASIL DA ESPERANÇA - FE BRASIL(PT/PC do B/PV) / FEDERAÇÃO PSOL REDE(PSOL/REDE),LÚCIA PATAMONA (PSOL),1975-06-15,FEM.,Superior incompleto,Artesão,AM,MANAUS,15000.0,2,rosi______aires,zs9k6tt4cyacq,share,,,,https://divulgacandcontas.tse.jus.br/divulga/rest/arquivo/img/20322002026/230002552060/RR,,,"TSE DivulgaCandContas, API candidatura/buscar, 2026-09-02"
RR,rr-gov-clebio-genuino,Clébio Genuíno,Jose Clebio Genuino do Nascimento,29,PCO,Governador,Aguardando julgamento,Concorrendo,,,GREGÓRIO PEREIRA (PCO),1968-02-12,MASC.,Superior completo,Servidor Público Federal,CE,MILAGRES,0.0,0,,,,,,https://candidatos.pco.org.br,https://divulgacandcontas.tse.jus.br/divulga/rest/arquivo/img/20322002026/230002553857/RR,,,"TSE DivulgaCandContas, API candidatura/buscar, 2026-09-02"
RS,rs-gov-priscila-voigt,Priscila Voigt,Priscila Voigt Severiano,80,UP,Governador,Deferido,Concorrendo,,,NAF NASCIMENTO (UP),1991-06-19,FEM.,Superior completo,Nutricionista e Assemelhados,SC,TIJUCAS,1000.0,1,priscilavoigtup,,,,,,https://divulgacandcontas.tse.jus.br/divulga/rest/arquivo/img/20322002026/210002533355/RS,2024: Vereador (Não eleito); 2022: Deputado Federal (Não eleito); 2020: Vereador (Não eleito); 2016: Vereador (Suplente),,"TSE DivulgaCandContas, API candidatura/buscar, 2026-09-02"
RS,rs-gov-marcelo-maranata,Marcelo Maranata,Marcelo Maranata Soares Reinaldo,45,PSDB,Governador,Deferido,Concorrendo,FEDERAÇÃO PSDB CIDADANIA(PSDB/CIDADANIA),,CLAUDIO DIAZ (PSDB),1976-05-25,MASC.,Superior completo,Advogado,RS,CAMAQUÃ,249805.0,8,marcelomaranata,marcelo.maranata,marcelomaranatars,marcelo.maranata,,https://maranatagovernador.com.br,https://divulgacandcontas.tse.jus.br/divulga/rest/arquivo/img/20322002026/210002535802/RS,2024: Prefeito (Eleito); 2020: Prefeito (Eleito); 2018: Deputado Estadual (Suplente); 2016: Prefeito (Não eleito); 2012: Prefeito (Não eleito); 2008: Vice-P (Concorrendo),,"TSE DivulgaCandContas, API candidatura/buscar, 2026-09-02"
RS,rs-gov-rejane-de-oliveira,Rejane de Oliveira,Rejane Silva de Oliveira,16,PSTU,Governador,Deferido,Concorrendo,,,ADÃO LIMA (PSTU),1961-03-01,FEM.,Ensino Médio completo,Professor de Ensino Médio,RS,PORTO ALEGRE,498000.0,2,,,,,,https://@rejanepstu,https://divulgacandcontas.tse.jus.br/divulga/rest/arquivo/img/20322002026/210002541367/RS,2022: Governador (Não eleito),,"TSE DivulgaCandContas, API candidatura/buscar, 2026-09-02"
RS,rs-gov-gabriel-souza,Gabriel Souza,Gabriel Vieira de Souza,15,MDB,Governador,Aguardando julgamento,Concorrendo,NOSSO RIO GRANDE NÃO PARA,MDB / PSD / FEDERAÇÃO RENOVAÇÃO SOLIDÁRIA(PRD/SOLIDARIEDADE),ERNANI POLO (PSD),1984-01-02,MASC.,Superior completo,Veterinário,RS,PORTO ALEGRE,935461.0800000001,6,gabrielsouzars,gsouzars15,gsouzars,gabrielsouzarsoficial,gabrielsouza_rs,https://gabriel15governador.com.br,https://divulgacandcontas.tse.jus.br/divulga/rest/arquivo/img/20322002026/210002542892/RS,2022: Vice-governador (Eleito); 2018: Deputado Estadual (Eleito por QP); 2014: Deputado Estadual (Eleito por QP); 2010: Deputado Estadual (Suplente),,"TSE DivulgaCandContas, API candidatura/buscar, 2026-09-02"
RS,rs-gov-zucco,Zucco,Luciano Lorenzini Zucco,22,PL,Governador,Aguardando julgamento,Concorrendo,O RIO GRANDE PODE MAIS,REPUBLICANOS / PODE / PL / DC / NOVO / FEDERAÇÃO UNIÃO PROGRESSISTA(UNIÃO/PP),SILVANA COVATTI (PP),1974-03-09,MASC.,Superior completo,Deputado,RS,ALEGRETE,709304.0,12,zucco,zuccors,zuccopelors,zuccors,zuccors,https://zuccopelors.com.br,https://divulgacandcontas.tse.jus.br/divulga/rest/arquivo/img/20322002026/210002547857/RS,2022: Deputado Federal (Eleito por QP); 2018: Deputado Estadual (Eleito por QP),,"TSE DivulgaCandContas, API candidatura/buscar, 2026-09-02"
RS,rs-gov-juliana-brizola,Juliana Brizola,Juliana Brizola,12,PDT,Governador,Aguardando julgamento,Concorrendo,COLIGAÇÃO COM O POVO,PDT / PSB / AVANTE / FEDERAÇÃO BRASIL DA ESPERANÇA - FE BRASIL(PT/PC do B/PV) / FEDERAÇÃO PSOL REDE(PSOL/REDE),EDEGAR PRETTO (PT),1975-08-03,FEM.,Superior completo,Outros,RS,PORTO ALEGRE,376137.78,3,juliana.brizola,julianabrizolaoficial,brizolajuliana12,julianabrizola12,julianabrizola,https://timedabrizola.com,https://divulgacandcontas.tse.jus.br/divulga/rest/arquivo/img/20322002026/210002551508/RS,2024: Prefeito (Não eleito); 2022: Deputado Federal (Suplente); 2020: Prefeito (Não eleito); 2018: Deputado Estadual (Eleito por QP); 2016: Vice-prefeito (2º turno); 2014: Deputado Estadual (Suplente); 2010: Deputado Estadual (Eleito); 2008: Vereador (Eleito),,"TSE DivulgaCandContas, API candidatura/buscar, 2026-09-02"
RS,rs-gov-cesar-pontes,Cesar Pontes,Cesar Augusto Pontes Ferreira,29,PCO,Governador,Aguardando julgamento,Concorrendo,,,TIAGO NILO (PCO),1957-01-10,MASC.,Superior completo,Aposentado (Exceto Servidor Público),RS,PORTO ALEGRE,0.0,0,,,,,,https://candidatos.pco.org.br/c/nome-de-urna-2026,https://divulgacandcontas.tse.jus.br/divulga/rest/arquivo/img/20322002026/210002552592/RS,2024: Prefeito (Não eleito); 2022: Deputado Federal (Concorrendo); 2022: Governador (Não eleito),,"TSE DivulgaCandContas, API candidatura/buscar, 2026-09-02"
SC,sc-gov-jorginho-mello,Jorginho Mello,Jorginho dos Santos Mello,22,PL,Governador,Deferido,Concorrendo,FÉ NO TRABALHO E PÉ NA TÁBUA,AVANTE / AGIR / DC / FEDERAÇÃO PSDB CIDADANIA(PSDB/CIDADANIA) / NOVO / REPUBLICANOS / PODE / PL,ADRIANO SILVA (NOVO),1956-07-15,MASC.,Superior completo,Governador,SC,IBICARÉ,2818036.89,11,jorginhomello,jorginhomello.sc,jorginhomello.sc,,jorginhomello,https://jorginhomello,https://divulgacandcontas.tse.jus.br/divulga/rest/arquivo/img/20322002026/240002537073/SC,2022: Governador (Eleito); 2018: Senador (Eleito); 2014: Deputado Federal (Eleito por QP); 2010: Deputado Federal (Eleito); 2006: Deputado Estadual (Concorrendo),,"TSE DivulgaCandContas, API candidatura/buscar, 2026-09-02"
SC,sc-gov-professor-marcus-sodre,Professor Marcus Sodré,Marcus Alexandre Sodre,16,PSTU,Governador,Aguardando julgamento,Concorrendo,,,PROFESSORA TATY (PSTU),1972-01-26,MASC.,Superior completo,Professor de Ensino Médio,SP,CUBATÃO,117000.0,1,marcuspstu,,share,,,,https://divulgacandcontas.tse.jus.br/divulga/rest/arquivo/img/20322002026/240002541913/SC,2014: Deputado Estadual (Não eleito); 2010: Deputado Estadual (Não eleito); 2004: Prefeito (Não eleito),,"TSE DivulgaCandContas, API candidatura/buscar, 2026-09-02"
SC,sc-gov-marcelo-brigadeiro,Marcelo Brigadeiro,Marcelo Marcel Franco Jose da Silva,14,MISSÃO,Governador,Aguardando julgamento,Concorrendo,,,CORONEL RODRIGUES (MISSÃO),1982-05-04,MASC.,Superior completo,Empresário,RJ,RIO DE JANEIRO,1831261.1099999999,5,marcelobrigadeiro,,,,,https://marcelobrigadeirosc.com.br,https://divulgacandcontas.tse.jus.br/divulga/rest/arquivo/img/20322002026/240002544118/SC,2018: 1º Suplente (Não eleito),,"TSE DivulgaCandContas, API candidatura/buscar, 2026-09-02"
SC,sc-gov-gelson-merisio,Gelson Merísio,Gelson Luiz Merisio,40,PSB,Governador,Aguardando julgamento,Concorrendo,CORAGEM PARA MUDAR,PDT / PSB / FEDERAÇÃO PSOL REDE(PSOL/REDE) / FEDERAÇÃO BRASIL DA ESPERANÇA - FE BRASIL(PT/PC do B/PV),ANGELA ALBINO (PDT),1966-01-31,MASC.,Superior completo,Administrador,SC,XAXIM,652953.78,8,gelsonmerisio,,gelson.merisio.9,,,,https://divulgacandcontas.tse.jus.br/divulga/rest/arquivo/img/20322002026/240002548628/SC,2018: Governador (Não eleito); 2014: Deputado Estadual (Eleito por QP); 2010: Deputado Estadual (Eleito); 2006: Deputado Estadual (Concorrendo),,"TSE DivulgaCandContas, API candidatura/buscar, 2026-09-02"
SC,sc-gov-lais-chaud,Laís Chaud,Laís Paganelli Chaud,80,UP,Governador,Aguardando julgamento,Concorrendo,,,NATHÁLIA MELO (UP),1995-03-27,FEM.,Superior completo,Psicólogo,SP,PIRACICABA,518.45,1,laischaud.up,,,,,,https://divulgacandcontas.tse.jus.br/divulga/rest/arquivo/img/20322002026/240002550544/SC,,,"TSE DivulgaCandContas, API candidatura/buscar, 2026-09-02"
SC,sc-gov-joao-rodrigues,João Rodrigues,Joao Rodrigues,55,PSD,Governador,Aguardando julgamento,Concorrendo,SANTA CATARINA ACIMA DE TUDO,MDB / PSD / FEDERAÇÃO UNIÃO PROGRESSISTA(UNIÃO/PP),CARLOS CHIODINI (MDB),1967-03-23,MASC.,Ensino Médio completo,Empresário,RS,SÃO VALENTIM,2122223.43,8,joaorodriguessc,joaorodriguessc,imprensajoaorodrigues,joaorodriguessc55,joaorodriguessc,https://joaorodrigues55.com.br,https://divulgacandcontas.tse.jus.br/divulga/rest/arquivo/img/20322002026/240002551001/SC,2024: Prefeito (Eleito); 2020: Prefeito (Eleito); 2018: Deputado Federal (Não eleito); 2014: Deputado Federal (Eleito por QP); 2010: Deputado Federal (Eleito); 2008: Prefeito (Eleito); 2004: Prefeito (Eleito),,"TSE DivulgaCandContas, API candidatura/buscar, 2026-09-02"
SC,sc-gov-ralf-zimmer,Ralf Zimmer,Ralf Guimaraes Zimmer Junior,25,PRD,Governador,Aguardando julgamento,Concorrendo,FEDERAÇÃO RENOVAÇÃO SOLIDÁRIA(PRD/SOLIDARIEDADE),,CARLOS BORDIN (SOLIDARIEDADE),1979-05-28,MASC.,Superior completo,Advogado,SC,CHAPECÓ,1426599.97,2,ralf.zimmer.25,,share,,,,https://divulgacandcontas.tse.jus.br/divulga/rest/arquivo/img/20322002026/240002552157/SC,2022: Governador (Não eleito); 2018: Deputado Federal (Suplente),,"TSE DivulgaCandContas, API candidatura/buscar, 2026-09-02"
SC,sc-gov-bruno-pedreiro-do-pco,Bruno Pedreiro do PCO,Brunno Andrade Dias,29,PCO,Governador,Aguardando julgamento,Concorrendo,,,FLÁVIO AMARAL (PCO),1986-07-23,MASC.,Ensino Médio incompleto,Trabalhador de Construção Civil,SP,SÃO PAULO,0.0,0,,,,,,https://candidatos.pco.org.br/c/nome-de-urna-2026,https://divulgacandcontas.tse.jus.br/divulga/rest/arquivo/img/20322002026/240002553718/SC,2024: Prefeito (Não eleito),,"TSE DivulgaCandContas, API candidatura/buscar, 2026-09-02"
SE,se-gov-valmir-de-francisquinho,Valmir de Francisquinho,Valmir dos Santos Costa,10,REPUBLICANOS,Governador,Aguardando julgamento,Concorrendo,MUDA SERGIPE COM A FORÇA DO POVO,REPUBLICANOS / AVANTE,PRISCILA FELIZOLA (REPUBLICANOS),1968-12-03,MASC.,Superior completo,Empresário,SE,ITABAIANA,258000.0,2,valmirdesergipe,valmirdesergipe,valmirdesergipe,valmirdesergipe,valmirdesergipe,https://valmirdefrancisquinho.com.br,https://divulgacandcontas.tse.jus.br/divulga/rest/arquivo/img/20322002026/260002532010/SE,2024: Prefeito (Eleito); 2022: Governador (Não eleito); 2016: Prefeito (Eleito); 2012: Prefeito (Eleito); 2008: Vereador (Eleito); 2004: Vereador (Eleito),,"TSE DivulgaCandContas, API candidatura/buscar, 2026-09-02"
SE,se-gov-fabio,Fábio,Fabio Cruz Mitidieri,55,PSD,Governador,Aguardando julgamento,Concorrendo,SERGIPE CRESCE COM VOCÊ,PSB / PSD / FEDERAÇÃO UNIÃO PROGRESSISTA(UNIÃO/PP) / FEDERAÇÃO BRASIL DA ESPERANÇA - FE BRASIL(PT/PC do B/PV),JEFERSON ANDRADE (PSD),1977-02-24,MASC.,Superior completo,Governador,SE,ARACAJU,1698945.66,12,fabiogov55,fabio_governador,fabiogov55,fabiogovernador,fabiogov55,https://spotfy,https://divulgacandcontas.tse.jus.br/divulga/rest/arquivo/img/20322002026/260002542491/SE,2022: Governador (Eleito); 2018: Deputado Federal (Eleito por QP); 2014: Deputado Federal (Eleito por QP); 2012: Vereador (Suplente); 2010: Deputado Estadual (Concorrendo); 2008: Vereador (Eleito),,"TSE DivulgaCandContas, API candidatura/buscar, 2026-09-02"
SE,se-gov-dr-helton,Dr. Helton,Jose Helton Silva Monteiro,50,PSOL,Governador,Aguardando julgamento,Concorrendo,FEDERAÇÃO PSOL REDE(PSOL/REDE),,IZALTINA QUILOMBOLA (PSOL),1976-02-18,MASC.,Superior completo,Médico,SP,SANTOS,47000.0,1,dr.heltonmonteiro,,,,,https://drheltonmonteiro.com.br,https://divulgacandcontas.tse.jus.br/divulga/rest/arquivo/img/20322002026/260002547415/SE,,,"TSE DivulgaCandContas, API candidatura/buscar, 2026-09-02"
SE,se-gov-ricardo-marques,Ricardo Marques,Jose Ricardo Marques dos Santos,22,PL,Governador,Aguardando julgamento,Concorrendo,FÉ E CORAGEM PRA MUDAR,PODE / PL / NOVO,ERICO MENEZES (PL); PASTORA SALETE (PL),1969-05-16,MASC.,Superior completo,Jornalista e Redator,SE,ARACAJU,0.0,0,ricardomarques_rm,,ricardomarques.rederm,,ricmarques_rm,https://@ricardomarques_rm,https://divulgacandcontas.tse.jus.br/divulga/rest/arquivo/img/20322002026/260002549466/SE,2024: Vice-prefeito (Eleito); 2022: Deputado Estadual (Suplente); 2020: Vereador (Eleito por média),,"TSE DivulgaCandContas, API candidatura/buscar, 2026-09-02"
SE,se-gov-taty-cristina-de-jesus,Taty Cristina de Jesus,Tatiana Cristina Santos de Jesus,27,DC,Governador,Aguardando julgamento,Concorrendo,,,SIMEÃO BARBOSA (DC),1982-06-29,FEM.,Superior completo,Empresário,SE,ARACAJU,108000.0,2,tatycristina.se,zs4qa4scw,,live,,https://taty,https://divulgacandcontas.tse.jus.br/divulga/rest/arquivo/img/20322002026/260002550683/SE,,,"TSE DivulgaCandContas, API candidatura/buscar, 2026-09-02"
SE,se-gov-emanuel-cacho,Emanuel Cacho,Emanuel Messias Oliveira Cacho,45,PSDB,Governador,Aguardando julgamento,Concorrendo,FEDERAÇÃO PSDB CIDADANIA(PSDB/CIDADANIA),,SUELY BARRETO (CIDADANIA),1959-12-20,MASC.,Superior completo,Advogado,SE,ARACAJU,600000.0,2,emanuelcacho,,emanuel.cacho.1,,emanuelcacho,,https://divulgacandcontas.tse.jus.br/divulga/rest/arquivo/img/20322002026/260002551712/SE,2014: Deputado Estadual (Não eleito); 2010: Senador (Não eleito); 2006: S2 S (Concorrendo),,"TSE DivulgaCandContas, API candidatura/buscar, 2026-09-02"
SP,sp-gov-vera-lucia,Vera Lúcia,Vera Lúcia Pereira da Silva Salgado,16,PSTU,Governador,Aguardando julgamento,Concorrendo,,,RENATA FRANÇA (PSTU),1967-09-12,FEM.,Superior completo,Sociólogo,PE,INAJÁ,0.0,0,vera_pstu,,,verapstu,,,https://divulgacandcontas.tse.jus.br/divulga/rest/arquivo/img/20322002026/250002536915/SP,2022: Presidente (Não eleito); 2020: Prefeito (Não eleito); 2018: Presidente (Não eleito); 2016: Prefeito (Não eleito); 2014: Deputado Federal (Não eleito); 2012: Prefeito (Não eleito); 2010: Governador (Não eleito); 2008: Prefeito (Não eleito); 2006: Deputado Federal (Não eleito); 2004: Prefeito (Não eleito),,"TSE DivulgaCandContas, API candidatura/buscar, 2026-09-02"
SP,sp-gov-tarcisio,Tarcísio,Tarcisio Gomes de Freitas,10,REPUBLICANOS,Governador,Aguardando julgamento,Concorrendo,CORAGEM PARA SEGUIR AVANÇANDO,REPUBLICANOS / PL / MDB / DEMOCRATA / AVANTE / PSD / FEDERAÇÃO RENOVAÇÃO SOLIDÁRIA(PRD/SOLIDARIEDADE) / FEDERAÇÃO UNIÃO PROGRESSISTA(UNIÃO/PP),FELICIO RAMUTH (MDB),1975-06-19,MASC.,Superior completo,Governador,RJ,RIO DE JANEIRO,2696808.4,4,tarcisiogdf,tarcisiogdf,tarcisiogdf,tarçanews,tarcisiogdf,https://votetarcisio10.com.br,https://divulgacandcontas.tse.jus.br/divulga/rest/arquivo/img/20322002026/250002541303/SP,2022: Governador (Eleito),,"TSE DivulgaCandContas, API candidatura/buscar, 2026-09-02"
SP,sp-gov-vivian-mendes,Vivian Mendes,Vivian Mendes da Silva,80,UP,Governador,Aguardando julgamento,Concorrendo,,,CRIS DAMASIO (UP); MARCELO PEREIRA (UP),1981-01-13,FEM.,Superior completo,Relações-Públicas,SP,SÃO PAULO,80000.0,1,,,,,,https://@vivianmendes.oficial,https://divulgacandcontas.tse.jus.br/divulga/rest/arquivo/img/20322002026/250002544912/SP,2022: Senador (Não eleito),,"TSE DivulgaCandContas, API candidatura/buscar, 2026-09-02"
SP,sp-gov-policial-edjane,Policial Edjane,Edjane Lima de Sousa,36,AGIR,Governador,Aguardando julgamento,Concorrendo,,,PROFESSORA NAYR DUARTE (AGIR); RENATA BOLSONARO (AGIR),1977-04-28,FEM.,Ensino Médio completo,Policial Militar,PE,SURUBIM,0.0,0,,,,,,,https://divulgacandcontas.tse.jus.br/divulga/rest/arquivo/img/20322002026/250002548080/SP,2024: Vereador (Suplente); 2022: Deputado Federal (Não eleito); 2020: Vereador (Suplente),,"TSE DivulgaCandContas, API candidatura/buscar, 2026-09-02"
SP,sp-gov-fernando-haddad,Fernando Haddad,Fernando Haddad,13,PT,Governador,Aguardando julgamento,Concorrendo,DESPERTA SÃO PAULO,PDT / PSB / FEDERAÇÃO BRASIL DA ESPERANÇA - FE BRASIL(PT/PC do B/PV) / FEDERAÇÃO PSOL REDE(PSOL/REDE),MÁRCIO FRANÇA (PSB),1963-01-25,MASC.,Superior completo,Professor de Ensino Superior,SP,SÃO PAULO,861217.25,7,fernandohaddadoficial,haddadfernando,fernandohaddad,fernandohaddadoficial,haddad_fernando,https://haddadelula.com,https://divulgacandcontas.tse.jus.br/divulga/rest/arquivo/img/20322002026/250002549705/SP,2022: Governador (2º turno); 2018: Presidente (Não eleito); 2018: Vice-presidente (Concorrendo); 2016: Prefeito (Não eleito); 2012: Prefeito (2º turno),,"TSE DivulgaCandContas, API candidatura/buscar, 2026-09-02"
SP,sp-gov-carlos-machado,Carlos Machado,Carlos Alberto Machado,21,PCB,Governador,Aguardando julgamento,Concorrendo,,,FELIPE QUEIROZ (PCB),1985-03-02,MASC.,Superior completo,Professor de Ensino Médio,SP,FRANCA,27000.0,2,camarada_carlos_machado,,camarada.carlos.machado,,,,https://divulgacandcontas.tse.jus.br/divulga/rest/arquivo/img/20322002026/250002550913/SP,2024: Vice-prefeito (Não eleito),,"TSE DivulgaCandContas, API candidatura/buscar, 2026-09-02"
SP,sp-gov-izadora-dias,Izadora Dias,Izadora Cristina Dias da Silva,29,PCO,Governador,Aguardando julgamento,Concorrendo,,,NIVALDO ORLANDI (PCO),1995-01-13,FEM.,Superior incompleto,"Estudante, Bolsista, Estagiário e Assemelhados",SP,BARRA BONITA,0.0,0,,,,,,https://candidatos.pco.org.br,https://divulgacandcontas.tse.jus.br/divulga/rest/arquivo/img/20322002026/250002553062/SP,2022: Deputado Federal (Não eleito); 2020: Vereador (Não eleito),,"TSE DivulgaCandContas, API candidatura/buscar, 2026-09-02"
TO,to-gov-prof-witer-naves,Prof Witer Naves,Witer Fonseca Naves,50,PSOL,Governador,Deferido,Concorrendo,FEDERAÇÃO PSOL REDE(PSOL/REDE),,LÚCIA VIANA (PSOL),1971-07-11,MASC.,Superior completo,Professor de Ensino Médio,GO,GOIÂNIA,0.0,0,profwiternaves,,,,,https://@profwiternaves,https://divulgacandcontas.tse.jus.br/divulga/rest/arquivo/img/20322002026/270002539187/TO,,,"TSE DivulgaCandContas, API candidatura/buscar, 2026-09-02"
TO,to-gov-laurez-moreira,Laurez Moreira,Laurez da Rocha Moreira,55,PSD,Governador,Aguardando julgamento,Concorrendo,PRA FRENTE TOCANTINS,PDT / PSB / PSD / FEDERAÇÃO BRASIL DA ESPERANÇA - FE BRASIL(PT/PC do B/PV),CORONEL SILVA NETO (PSD),1957-07-03,MASC.,Superior completo,Advogado,TO,GURUPI,9935406.23,22,laurezmoreira,laurez.moreira,share,laurez_moreira,laurez_moreira,,https://divulgacandcontas.tse.jus.br/divulga/rest/arquivo/img/20322002026/270002544494/TO,2022: Vice-governador (Eleito); 2016: Prefeito (Eleito); 2012: Prefeito (Eleito); 2010: Deputado Federal (Média); 2006: Deputado Federal (Concorrendo),,"TSE DivulgaCandContas, API candidatura/buscar, 2026-09-02"
TO,to-gov-vicentinho-junior,Vicentinho Júnior,Vicente Alves de Oliveira Júnior,45,PSDB,Governador,Aguardando julgamento,Concorrendo,PRA CIMA TOCANTINS,MDB / FEDERAÇÃO PSDB CIDADANIA(PSDB/CIDADANIA),AMÉLIO CAYRES (MDB),1985-04-11,MASC.,Ensino Médio completo,Deputado,GO,GOIÂNIA,3983398.0,10,vicentinhojunior,vicentinhojrtocantins,vicentinhojr,vicentinhoj%c3%banior-r7g,vicentinhojr,https://wa.me/5563999330045,https://divulgacandcontas.tse.jus.br/divulga/rest/arquivo/img/20322002026/270002544544/TO,2022: Deputado Federal (Eleito por média); 2018: Deputado Federal (Eleito por QP); 2014: Deputado Federal (Eleito por QP),,"TSE DivulgaCandContas, API candidatura/buscar, 2026-09-02"
TO,to-gov-professora-dorinha,Professora Dorinha,Maria Auxiliadora Seabra Rezende,44,UNIÃO,Governador,Aguardando julgamento,Concorrendo,UNIÃO PELO TOCANTINS,REPUBLICANOS / PODE / AVANTE / PL / FEDERAÇÃO RENOVAÇÃO SOLIDÁRIA(PRD/SOLIDARIEDADE) / FEDERAÇÃO UNIÃO PROGRESSISTA(UNIÃO/PP),ATOS GOMES (REPUBLICANOS),1964-10-01,FEM.,Superior completo,Senador,GO,GOIÂNIA,2352740.28,3,profdorinha,profdorinha,profdorinha,profdorinha,profdorinha,https://tonaescuta.com.br,https://divulgacandcontas.tse.jus.br/divulga/rest/arquivo/img/20322002026/270002544599/TO,2022: Senador (Eleito); 2018: Deputado Federal (Eleito por média); 2014: Deputado Federal (Eleito por QP); 2010: Deputado Federal (Eleito),,"TSE DivulgaCandContas, API candidatura/buscar, 2026-09-02"
TO,to-gov-subtenente-luiz-carlos,Subtenente Luiz Carlos,Luiz Carlos Ferreira da Silva,35,DEMOCRATA,Governador,Aguardando julgamento,Concorrendo,,,JAIR MEDEIROS (DEMOCRATA),1968-12-12,MASC.,Superior completo,Policial Militar,TO,ARAGUAÍNA,700000.0,1,luiz_carlos_ferreira_silv,,,,,,https://divulgacandcontas.tse.jus.br/divulga/rest/arquivo/img/20322002026/270002546368/TO,,,"TSE DivulgaCandContas, API candidatura/buscar, 2026-09-02"
TO,to-gov-ataides-de-oliveira,Ataides de Oliveira,Ataides de Oliveira,30,NOVO,Governador,Aguardando julgamento,Concorrendo,,,ROSILEIA DIAS CARNEIRO (NOVO),1959-12-18,MASC.,Superior completo,Empresário,GO,ESTRELA DO NORTE,54458902.0,6,ataides.oliveira,,,,,,https://divulgacandcontas.tse.jus.br/divulga/rest/arquivo/img/20322002026/270002548412/TO,2022: Senador (Não eleito); 2018: Senador (Não eleito); 2014: Governador (Não eleito); 2010: S1 S (Concorrendo),,"TSE DivulgaCandContas, API candidatura/buscar, 2026-09-02"
TO,to-gov-du-pereira,Du Pereira,Ivaildo Pereira da Cruz,27,DC,Governador,Aguardando julgamento,Concorrendo,,,SILVINO VITOR (DC),1988-09-13,MASC.,Ensino Médio completo,Empresário,RO,JI-PARANÁ,1267700.0,6,dupereira.oficial,,,,,,https://divulgacandcontas.tse.jus.br/divulga/rest/arquivo/img/20322002026/270002550458/TO,,,"TSE DivulgaCandContas, API candidatura/buscar, 2026-09-02"
AC,ac-sen-dr-junior-feitosa,Dr. Junior Feitosa,Ribamar de Sousa Feitoza Júnior,277,DC,Senador,Deferido,Concorrendo,,,WALTER DAMASCENO (DC); RAIMUNDO MOREIRA (DC),1982-05-09,MASC.,Superior completo,Advogado,AC,TARAUACÁ,1352418.21,3,dr.junior_feitosa,,,,,,https://divulgacandcontas.tse.jus.br/divulga/rest/arquivo/img/20322002026/10002536710/AC,2020: Prefeito (Não eleito),,"TSE DivulgaCandContas, API candidatura/buscar, 2026-09-02"
AC,ac-sen-eduardo-velloso,Eduardo Velloso,Eduardo Ovidio Borges de Velloso Vianna,777,SOLIDARIEDADE,Senador,Aguardando julgamento,Concorrendo,PRODUZIR PARA EMPREGAR,FEDERAÇÃO PSDB CIDADANIA(PSDB/CIDADANIA) / FEDERAÇÃO RENOVAÇÃO SOLIDÁRIA(PRD/SOLIDARIEDADE),REJANE VELLOSO (SOLIDARIEDADE); FÁBIO BARBOSA (SOLIDARIEDADE); MARCOS VITORINO (SOLIDARIEDADE); VANDO TORQUATO (SOLIDARIEDADE),1976-07-08,MASC.,Superior completo,Médico,AC,RIO BRANCO,9821531.66,31,,,,,,,https://divulgacandcontas.tse.jus.br/divulga/rest/arquivo/img/20322002026/10002544274/AC,2022: Deputado Federal (Eleito por média); 2018: 1º Suplente (Eleito); 2006: Deputado Estadual (Concorrendo),,"TSE DivulgaCandContas, API candidatura/buscar, 2026-09-02"
AC,ac-sen-gladson-cameli,Gladson Camelí,Gladson de Lima Camelí,111,PP,Senador,Aguardando julgamento,Concorrendo,AVANÇA ACRE,PDT / MDB / PL / DEMOCRATA / FEDERAÇÃO UNIÃO PROGRESSISTA(UNIÃO/PP),BEATRIZ CAMELI (PP); DEBORA NUNES (PP),1978-03-26,MASC.,Superior completo,Engenheiro,AC,CRUZEIRO DO SUL,5997277.46,25,gladsoncameli,,,,,,https://divulgacandcontas.tse.jus.br/divulga/rest/arquivo/img/20322002026/10002548046/AC,2022: Governador (Eleito); 2018: Governador (Eleito); 2014: Senador (Eleito); 2010: Deputado Federal (Eleito); 2006: Deputado Federal (Concorrendo),,"TSE DivulgaCandContas, API candidatura/buscar, 2026-09-02"
AC,ac-sen-jorge-viana,Jorge Viana,Jorge Ney Viana Macedo Neves,131,PT,Senador,Deferido,Concorrendo,FRENTE AMPLA PELO ACRE,PODE / PSB / FEDERAÇÃO BRASIL DA ESPERANÇA - FE BRASIL(PT/PC do B/PV),BIRA VASCONCELOS (PT); BINHO MARQUES (PT); DELEGADA CARLA BRITTO (PODE),1959-09-20,MASC.,Superior completo,Engenheiro,AC,RIO BRANCO,5575791.88,20,jorgevianaacre,jorge.vianaacre,jorgevianaacre,jorgevianaacre,jorgeviana,https://jorgeviana.com.br,https://divulgacandcontas.tse.jus.br/divulga/rest/arquivo/img/20322002026/10002536441/AC,2022: Governador (Não eleito); 2018: Senador (Não eleito); 2010: Senador (Eleito),,"TSE DivulgaCandContas, API candidatura/buscar, 2026-09-02"
AC,ac-sen-mara-rocha,Mara Rocha,Cylmara Fernandes da Rocha Gripp,100,REPUBLICANOS,Senador,Deferido,Concorrendo,TRABALHO DA ESPERANÇA,REPUBLICANOS / PSD / AVANTE / NOVO,PR MOREIRA (REPUBLICANOS),1973-09-04,FEM.,Superior completo,Jornalista e Redator,AC,RIO BRANCO,0.0,0,mararochaacre,,soumararocha,,,,https://divulgacandcontas.tse.jus.br/divulga/rest/arquivo/img/20322002026/10002533895/AC,2022: Governador (Não eleito); 2018: Deputado Federal (Eleito por QP),,"TSE DivulgaCandContas, API candidatura/buscar, 2026-09-02"
AC,ac-sen-marcio-bittar,Marcio Bittar,Marcio Miguel Bittar,222,PL,Senador,Deferido,Concorrendo,AVANÇA ACRE,PDT / MDB / PL / DEMOCRATA / FEDERAÇÃO UNIÃO PROGRESSISTA(UNIÃO/PP),JEBERT NASCIMENTO (PL); LIVIO VERAS (PP),1963-06-28,MASC.,Superior completo,Senador,SP,FRANCA,9514015.35,17,marciobittar_,,,,,,https://divulgacandcontas.tse.jus.br/divulga/rest/arquivo/img/20322002026/10002548050/AC,2022: Governador (Não eleito); 2018: Senador (Eleito); 2014: Governador (Não eleito); 2010: Deputado Federal (Eleito); 2006: Governador (Concorrendo); 2004: Prefeito (Não eleito),,"TSE DivulgaCandContas, API candidatura/buscar, 2026-09-02"
AC,ac-sen-petecao,Petecão,Sergio de Oliveira Cunha,555,PSD,Senador,Deferido com recurso,Concorrendo,TRABALHO DA ESPERANÇA,REPUBLICANOS / PSD / AVANTE / NOVO,MARFISA GALVÃO (PSD); SOLINO MATOS (PSD),1960-04-20,MASC.,Ensino Médio completo,Empresário,AC,RIO BRANCO,3861594.86,26,senadorpetecao,,senadorpetecao,,,,https://divulgacandcontas.tse.jus.br/divulga/rest/arquivo/img/20322002026/10002535804/AC,2022: Governador (Não eleito); 2018: Senador (Eleito); 2010: Senador (Eleito); 2008: Prefeito (Não eleito); 2006: Deputado Federal (Concorrendo),,"TSE DivulgaCandContas, API candidatura/buscar, 2026-09-02"
AC,ac-sen-professor-inacio-moreira,Professor Inacio Moreira,Inacio Alves Moreira Netto,500,PSOL,Senador,Deferido,Concorrendo,FEDERAÇÃO PSOL REDE(PSOL/REDE),,SOLEANE MANCHINERI (REDE); JANAINA QUEIROZ (REDE),1970-05-14,MASC.,Superior completo,Professor de Ensino Fundamental,AC,RIO BRANCO,200000.0,1,,,,,,,https://divulgacandcontas.tse.jus.br/divulga/rest/arquivo/img/20322002026/10002544110/AC,2024: Vereador (Não eleito),,"TSE DivulgaCandContas, API candidatura/buscar, 2026-09-02"
AL,al-sen-alexandre-fleming,Alexandre Fleming,Alexandre Fleming Vasques Bastos,800,UP,Senador,Aguardando julgamento,Concorrendo,,,LILIANE PEREIRA (UP); PROFESSOR NIVALDO MOTA (UP),1977-06-08,MASC.,Superior completo,Servidor Público Federal,RJ,SÃO GONÇALO,0.0,0,alexandrefleming_,,,,,,https://divulgacandcontas.tse.jus.br/divulga/rest/arquivo/img/20322002026/20002540197/AL,2012: Prefeito (Não eleito); 2010: Deputado Federal (Não eleito); 2004: Vereador (Concorrendo),,"TSE DivulgaCandContas, API candidatura/buscar, 2026-09-02"
AL,al-sen-arthur-lira,Arthur Lira,Arthur Cesar Pereira de Lira,111,PP,Senador,Aguardando julgamento,Concorrendo,ALAGOAS GIGANTE II,PDT / PODE / PL / FEDERAÇÃO PSDB CIDADANIA(PSDB/CIDADANIA) / FEDERAÇÃO RENOVAÇÃO SOLIDÁRIA(PRD/SOLIDARIEDADE) / FEDERAÇÃO UNIÃO PROGRESSISTA(UNIÃO/PP) / DC / AVANTE,LUIZ ROMERO (PL); GUSTAVO FEIJÓ (PP),1969-06-25,MASC.,Superior completo,Advogado,AL,MACEIÓ,25961089.419999998,40,oficialarthurlira,arthurliraoficial,oficialarthurlira,oficialarthurlira,arthurlira_,https://*,https://divulgacandcontas.tse.jus.br/divulga/rest/arquivo/img/20322002026/20002553272/AL,2022: Deputado Federal (Eleito por QP); 2018: Deputado Federal (Eleito por QP); 2014: Deputado Federal (Eleito por QP); 2010: Deputado Federal (Eleito); 2006: Deputado Estadual (Concorrendo),,"TSE DivulgaCandContas, API candidatura/buscar, 2026-09-02"
AL,al-sen-davi-davino-filho,Davi Davino Filho,David Cabral Davino Filho,100,REPUBLICANOS,Senador,Aguardando julgamento,Concorrendo,,,ARTHUR ALBUQUERQUE (REPUBLICANOS); DRA. KAMILA (REPUBLICANOS),1987-10-01,MASC.,Superior incompleto,Empresário,RJ,RIO DE JANEIRO,1412868.88,18,,,,,,https://davidavinofilho,https://divulgacandcontas.tse.jus.br/divulga/rest/arquivo/img/20322002026/20002548147/AL,2022: Senador (Não eleito); 2020: Prefeito (Não eleito); 2018: Deputado Estadual (Eleito por QP); 2014: Deputado Estadual (Eleito por QP),,"TSE DivulgaCandContas, API candidatura/buscar, 2026-09-02"
AL,al-sen-dr-wanderley,Dr. Wanderley,Jose Wanderley Neto,156,MDB,Senador,Aguardando julgamento,Concorrendo,PRA ALAGOAS FAZER HISTÓRIA DE NOVO,MDB / PODE / AGIR / PSB / PSD / AVANTE / FEDERAÇÃO BRASIL DA ESPERANÇA - FE BRASIL(PT/PC do B/PV) / FEDERAÇÃO RENOVAÇÃO SOLIDÁRIA(PRD/SOLIDARIEDADE),ROBERTSON (MDB); RAFAEL TENÓRIO (MDB); CEL. CAMILA PAIVA (MDB); ADEMIR (MDB),1949-07-08,MASC.,Superior completo,Médico,AL,CACIMBINHAS,3532799.4,21,dr_wanderley,,drjosewanderley,,,,https://divulgacandcontas.tse.jus.br/divulga/rest/arquivo/img/20322002026/20002553726/AL,2022: Deputado Estadual (Eleito por QP); 2006: Vice-G (Concorrendo); 2004: Prefeito (Concorrendo),,"TSE DivulgaCandContas, API candidatura/buscar, 2026-09-02"
AL,al-sen-mariedson,Mariedson,Jose Mariedson da Silva,355,DEMOCRATA,Senador,Aguardando julgamento,Concorrendo,,,ADRIANA NUNES (DEMOCRATA); JEFERSON GONÇALVES (DEMOCRATA),1973-08-16,MASC.,Ensino Médio incompleto,Vigilante,AL,JOAQUIM GOMES,0.0,0,,,,,,,https://divulgacandcontas.tse.jus.br/divulga/rest/arquivo/img/20322002026/20002552524/AL,2020: Vereador (Suplente); 2018: Deputado Estadual (Não eleito); 2008: Vereador (Suplente); 2004: Vereador (Concorrendo),,"TSE DivulgaCandContas, API candidatura/buscar, 2026-09-02"
AL,al-sen-marina-jhc,Marina JHC,Marina Antunes Candia e Figueiredo,456,PSDB,Senador,Aguardando julgamento,Concorrendo,ALAGOAS GIGANTE II,PDT / PODE / PL / DC / AVANTE / FEDERAÇÃO PSDB CIDADANIA(PSDB/CIDADANIA) / FEDERAÇÃO RENOVAÇÃO SOLIDÁRIA(PRD/SOLIDARIEDADE) / FEDERAÇÃO UNIÃO PROGRESSISTA(UNIÃO/PP),DRA. EUDOCIA (PSDB); RONALDO LESSA (PDT),1990-12-27,FEM.,Superior completo,Empresário,MT,CUIABÁ,47041164.18,13,marina.candia,marinacandiaf,marina.candia.16,marina.candia,,,https://divulgacandcontas.tse.jus.br/divulga/rest/arquivo/img/20322002026/20002553711/AL,,,"TSE DivulgaCandContas, API candidatura/buscar, 2026-09-02"
AL,al-sen-renan,Renan,Jose Renan Vasconcelos Calheiros,151,MDB,Senador,Aguardando julgamento,Concorrendo,PRA ALAGOAS FAZER HISTÓRIA DE NOVO,MDB / PODE / AGIR / PSB / PSD / AVANTE / FEDERAÇÃO BRASIL DA ESPERANÇA - FE BRASIL(PT/PC do B/PV) / FEDERAÇÃO RENOVAÇÃO SOLIDÁRIA(PRD/SOLIDARIEDADE),PAULO (MDB); GUSTAVO HENRIQUE (PSD); SABINO (MDB); CHRISTIANE BULHÕES (MDB),1955-09-16,MASC.,Superior completo,Advogado,AL,MURICI,3548379.77,6,renancalheiros,renancalheiros15,renansenador,renancalheirosoficial,renancalheiros,https://renancalheiros.com.br,https://divulgacandcontas.tse.jus.br/divulga/rest/arquivo/img/20322002026/20002553727/AL,2018: Senador (Eleito); 2010: Senador (Eleito),,"TSE DivulgaCandContas, API candidatura/buscar, 2026-09-02"
AP,ap-sen-acacio-favacho,Acácio Favacho,Acacio da Silva Favacho Neto,151,MDB,Senador,Deferido,Concorrendo,,,ELISANGELA TIMBIRAS (MDB); ABDIAS (MDB),1983-09-28,MASC.,Superior completo,Deputado,AP,MACAPÁ,500000.0,1,acacio.senador,acaciofavacho,share,acaciofavacho5604,,,https://divulgacandcontas.tse.jus.br/divulga/rest/arquivo/img/20322002026/30002549911/AP,2022: Deputado Federal (Eleito por média); 2018: Deputado Federal (Eleito por QP); 2016: Vereador (Eleito por QP); 2014: Deputado Estadual (Concorrendo); 2012: Vereador (Eleito por QP); 2008: Vereador (Eleito),,"TSE DivulgaCandContas, API candidatura/buscar, 2026-09-02"
AP,ap-sen-alliny-serrao,Alliny Serrão,Alliny Sousa da Rocha Serrao,444,UNIÃO,Senador,Aguardando julgamento,Concorrendo,JUNTOS POR TODO O AMAPÁ,REPUBLICANOS / PDT / AGIR / FEDERAÇÃO UNIÃO PROGRESSISTA(UNIÃO/PP) / FEDERAÇÃO PSDB CIDADANIA(PSDB/CIDADANIA) / FEDERAÇÃO BRASIL DA ESPERANÇA - FE BRASIL(PT/PC do B/PV) / FEDERAÇÃO RENOVAÇÃO SOLIDÁRIA(PRD/SOLIDARIEDADE),JAIME NUNES (AGIR); PASTOR MIGUEL (UNIÃO),1985-02-11,FEM.,Superior completo,Deputado,PA,ALMEIRIM,500000.0,3,allinyserrao,allinyserraoo,allinyserraoap,,allinyserrao,https://allinyserrao.com.br,https://divulgacandcontas.tse.jus.br/divulga/rest/arquivo/img/20322002026/30002551576/AP,2022: Deputado Estadual (Eleito por QP); 2018: Deputado Estadual (Eleito por QP); 2012: Vereador (Eleito por QP),,"TSE DivulgaCandContas, API candidatura/buscar, 2026-09-02"
AP,ap-sen-capi,Capi,Joao Alberto Rodrigues Capiberibe,401,PSB,Senador,Aguardando julgamento,Concorrendo,,,JOSE RAMALHO (PSB); PROF HALDA (PSB),1947-05-06,MASC.,Superior completo,Outros,PA,AFUÁ,186404.66,4,capi401senador,,capi401senador,,,,https://divulgacandcontas.tse.jus.br/divulga/rest/arquivo/img/20322002026/30002550229/AP,2022: Senador (Não eleito); 2020: Prefeito (Não eleito); 2018: Governador (Não eleito); 2010: Senador (Eleito); 2006: Governador (Concorrendo),,"TSE DivulgaCandContas, API candidatura/buscar, 2026-09-02"
AP,ap-sen-helio-silva,Helio Silva,Helio Palheta Silva,290,PCO,Senador,Aguardando julgamento,Concorrendo,,,IRIS SILVA (PCO); JAZIEL SOUZA (PCO),1966-09-30,MASC.,Superior completo,Aposentado (Exceto Servidor Público),AP,MACAPÁ,0.0,0,,,,,,https://candidatos.pco.org.br,https://divulgacandcontas.tse.jus.br/divulga/rest/arquivo/img/20322002026/30002553708/AP,,,"TSE DivulgaCandContas, API candidatura/buscar, 2026-09-02"
AP,ap-sen-juiza-jo,Juíza Jô,Joenilda Lobato Silva Lenzi,277,DC,Senador,Deferido,Concorrendo,,,TOBIAS (DC); VILMAR (DC),1973-04-17,FEM.,Superior completo,Servidor Público Civil Aposentado,AP,MACAPÁ,480000.0,2,dra.joamapa,,dra.joamapa,,,,https://divulgacandcontas.tse.jus.br/divulga/rest/arquivo/img/20322002026/30002551382/AP,,,"TSE DivulgaCandContas, API candidatura/buscar, 2026-09-02"
AP,ap-sen-lucas-barreto,Lucas Barreto,Luiz Cantuaria Barreto,555,PSD,Senador,Deferido,Concorrendo,TRABALHAR PARA TRANSFORMAR O AMAPÁ,PODE / PL / NOVO / PSD,PAULO ALBUQUERQUE (PSD); DIOGO GRUNHO (PSD),1964-11-10,MASC.,Ensino Médio completo,Senador,AP,MACAPÁ,0.0,0,lucasbarreto_ap,,lucasbarretosenador,,,,https://divulgacandcontas.tse.jus.br/divulga/rest/arquivo/img/20322002026/30002530069/AP,2018: Senador (Eleito); 2016: Vereador (Suplente); 2014: Governador (Não eleito); 2012: Vereador (Eleito por QP); 2010: Governador (2º turno); 2010: Governador (Concorrendo); 2008: Prefeito (Não eleito); 2006: Vice-G (Concorrendo),,"TSE DivulgaCandContas, API candidatura/buscar, 2026-09-02"
AP,ap-sen-professor-uzian-pinto,Professor Uzian Pinto,Uzian Pinto Machado,272,DC,Senador,Aguardando julgamento,Concorrendo,,,HÉLIO FLÁVIO (DC); GILBERTO PENA (DC),1981-04-07,MASC.,Superior completo,Fiscal,MA,ZÉ DOCA,0.0,0,uzianpinto,uzianpinto,share,,,,https://divulgacandcontas.tse.jus.br/divulga/rest/arquivo/img/20322002026/30002551381/AP,2018: Deputado Estadual (Suplente); 2016: Prefeito (Não eleito),,"TSE DivulgaCandContas, API candidatura/buscar, 2026-09-02"
AP,ap-sen-randolfe,Randolfe,Randolph Frederich Rodrigues Alves,130,PT,Senador,Aguardando julgamento,Concorrendo,JUNTOS POR TODO O AMAPÁ,REPUBLICANOS / PDT / AGIR / FEDERAÇÃO UNIÃO PROGRESSISTA(UNIÃO/PP) / FEDERAÇÃO PSDB CIDADANIA(PSDB/CIDADANIA) / FEDERAÇÃO BRASIL DA ESPERANÇA - FE BRASIL(PT/PC do B/PV) / FEDERAÇÃO RENOVAÇÃO SOLIDÁRIA(PRD/SOLIDARIEDADE),GABRIEL ANDRADE (PDT); JESSYCA MAIS SAUDE (REPUBLICANOS),1972-11-06,MASC.,Superior completo,Senador,PE,GARANHUNS,1083914.94,3,randolferodrigues,randolfe.rodrigues,randolferodrigues,,randolfeap,,https://divulgacandcontas.tse.jus.br/divulga/rest/arquivo/img/20322002026/30002549909/AP,2018: Senador (Eleito); 2010: Senador (Concorrendo); 2010: Senador (Eleito); 2008: Vice-P (Concorrendo); 2006: Deputado Estadual (Concorrendo),,"TSE DivulgaCandContas, API candidatura/buscar, 2026-09-02"
AP,ap-sen-rayssa-furlan,Rayssa Furlan,Rayssa Cadena Furlan,200,PODE,Senador,Deferido,Concorrendo,TRABALHAR PARA TRANSFORMAR O AMAPÁ,PODE / PL / NOVO / PSD,NETO FURLAN (PODE); MARLUCIA SULLYVAN (PODE),1987-02-08,FEM.,Superior completo,Médico,DF,BRASÍLIA,1374700.0,4,rayssacfurlan,rayssa.furlan,share,rayssacfurlan,,https://rayssafurlan.com.br,https://divulgacandcontas.tse.jus.br/divulga/rest/arquivo/img/20322002026/30002530071/AP,2022: Senador (Não eleito),,"TSE DivulgaCandContas, API candidatura/buscar, 2026-09-02"
AM,am-sen-capitao-alberto-neto,Capitão Alberto Neto,Alberto Barros Cavalcante Neto,222,PL,Senador,Aguardando julgamento,Concorrendo,MUDAR É URGENTE,PL / NOVO,ALESSANDRO TONIZA (PL); MÁRIO BASTOS (PL),1982-05-05,MASC.,Superior completo,Deputado,CE,FORTALEZA,655440.85,8,capitaoalbertoneto,capitaoalbertoneto,share,capalbertoneto,capalbertoneto,https://linktr.ee/capitaoalbertoneto222,https://divulgacandcontas.tse.jus.br/divulga/rest/arquivo/img/20322002026/40002542686/AM,2024: Prefeito (2º turno); 2022: Deputado Federal (Eleito por média); 2020: Prefeito (Não eleito); 2018: Deputado Federal (Eleito por QP),,"TSE DivulgaCandContas, API candidatura/buscar, 2026-09-02"
AM,am-sen-dailson-correa,Dailson Corrêa,Dailson de Queiroz Corrêa,277,DC,Senador,Deferido,Concorrendo,,,ISAÍAS AMAZONAS (DC); CAPELÃO ROBERTO DA SILVA (DC),1966-06-07,MASC.,Lê e escreve,Comerciante,AM,NOVO ARIPUANÃ,0.0,0,umnovoolharparaoamazonasdc,dailsoncorrea18,dailsoncorrea2026,,,,https://divulgacandcontas.tse.jus.br/divulga/rest/arquivo/img/20322002026/40002535391/AM,2016: Prefeito (Não eleito); 2008: Vice-P (Indeferido com Recurso); 2004: Vice-P (Concorrendo),,"TSE DivulgaCandContas, API candidatura/buscar, 2026-09-02"
AM,am-sen-eduardo-braga,Eduardo Braga,Carlos Eduardo de Souza Braga,155,MDB,Senador,Deferido,Concorrendo,FORÇA AMAZONAS,REPUBLICANOS / MDB / PSD / FEDERAÇÃO BRASIL DA ESPERANÇA - FE BRASIL(PT/PC do B/PV),SANDRA BRAGA (MDB); MIGUEL BIANGO (MDB),1960-12-06,MASC.,Superior completo,Senador,PA,BELÉM,60278559.1,81,eduardobraga_am,eduardobraga_am,eduardobraga15,eduardobraga_am,eduardobraga_am,https://br319ja.com.br,https://divulgacandcontas.tse.jus.br/divulga/rest/arquivo/img/20322002026/40002531447/AM,2022: Governador (Não eleito); 2018: Senador (Eleito); 2014: Governador (2º turno); 2014: Governador (Não eleito); 2010: Senador (Eleito); 2006: Governador (Concorrendo),,"TSE DivulgaCandContas, API candidatura/buscar, 2026-09-02"
AM,am-sen-evandro-de-oliveira,Evandro de Oliveira,José Evandro de Oliveira,161,PSTU,Senador,Aguardando julgamento,Concorrendo,,,ANTONIO NETO (PSTU); JOÃO REBOUÇAS (PSTU),1979-02-12,MASC.,Ensino Médio completo,Técnico de Mecânica,AM,PARINTINS,7000.0,1,,,,,,,https://divulgacandcontas.tse.jus.br/divulga/rest/arquivo/img/20322002026/40002535270/AM,2018: Deputado Federal (Não eleito),,"TSE DivulgaCandContas, API candidatura/buscar, 2026-09-02"
AM,am-sen-ismael-munduruku,Ismael Munduruku,Ismael Franklin Goncalves,181,REDE,Senador,Aguardando julgamento,Concorrendo,FEDERAÇÃO PSOL REDE(PSOL/REDE),,LAYNARA PRESTES (REDE); ANDRÉ MONTEIRO (REDE),1982-04-23,MASC.,Superior completo,Outros,AM,MANAUS,300000.0,1,cacique_ismael_munduruku,,ismael.goncalves.944,,,,https://divulgacandcontas.tse.jus.br/divulga/rest/arquivo/img/20322002026/40002551283/AM,2022: Deputado Federal (Não eleito),,"TSE DivulgaCandContas, API candidatura/buscar, 2026-09-02"
AM,am-sen-plinio-valerio,Plinio Valério,Francisco Plinio Valerio Tomaz,455,PSDB,Senador,Aguardando julgamento,Concorrendo,FEDERAÇÃO PSDB CIDADANIA(PSDB/CIDADANIA),,KELLY BARBOSA (PSDB); PROFESSORA JUDITE (PSDB),1955-01-31,MASC.,Superior completo,Jornalista e Redator,AM,EIRUNEPÉ,3527132.51,23,plinio.valerio,pliniovalerioam,pliniovalerioam,senadorpliniovalerio,pliniovalerio45,https://pliniovalerio.online,https://divulgacandcontas.tse.jus.br/divulga/rest/arquivo/img/20322002026/40002537344/AM,2018: Senador (Eleito); 2016: Vereador (Eleito por QP); 2014: Deputado Estadual (Suplente); 2012: Vereador (Eleito por QP); 2010: Deputado Federal (Suplente); 2006: Senador (Concorrendo); 2004: Prefeito (Não eleito),,"TSE DivulgaCandContas, API candidatura/buscar, 2026-09-02"
AM,am-sen-professora-evany,Professora Evany,Maria Evany do Nascimento,500,PSOL,Senador,Aguardando julgamento,Concorrendo,FEDERAÇÃO PSOL REDE(PSOL/REDE),,RENAN ROTONDANO (PSOL); JANDER MUNIZ (PSOL),1974-08-05,FEM.,Superior completo,Professor de Ensino Superior,AM,MANAUS,52448.3,2,prof.evany,evany.nascimento,evany.nascimento,evanynascimento,,,https://divulgacandcontas.tse.jus.br/divulga/rest/arquivo/img/20322002026/40002551281/AM,2024: Vereador (Não eleito),,"TSE DivulgaCandContas, API candidatura/buscar, 2026-09-02"
AM,am-sen-wilson-lima,Wilson Lima,Wilson Miranda Lima,444,UNIÃO,Senador,Aguardando julgamento,Concorrendo,UNIÃO PELO AMAZONAS,PSB / FEDERAÇÃO UNIÃO PROGRESSISTA(UNIÃO/PP) / PODE,LUÍS MÁRIO BONATES (UNIÃO); BABÁ TUPINAMBÁ (PP),1976-06-26,MASC.,Superior completo,Jornalista e Redator,PA,SANTARÉM,597210.85,4,atitude444wl,wilsonlimaam,wilsonlimaam,wilsonlimaam,wilsonlimaam,https://twb.nz/wilsonlima444,https://divulgacandcontas.tse.jus.br/divulga/rest/arquivo/img/20322002026/40002541744/AM,2022: Governador (Eleito); 2018: Governador (2º turno),,"TSE DivulgaCandContas, API candidatura/buscar, 2026-09-02"
AM,am-sen-xuxa-do-amazonas,Xuxa do Amazonas,Milton Rogério Moreira Pinto,333,MOBILIZA,Senador,Aguardando julgamento,Concorrendo,,,NEIDA FARIAS (MOBILIZA); ANGELO REIS (MOBILIZA),1964-08-26,MASC.,Ensino Médio completo,Militar Reformado,RJ,RIO DE JANEIRO,0.0,0,oxuxaoficial,,milton.moreirapinto,,,,https://divulgacandcontas.tse.jus.br/divulga/rest/arquivo/img/20322002026/40002550806/AM,2016: Vereador (Suplente); 2012: Vereador (Suplente); 2010: Deputado Estadual (Registro negado antes da eleição); 2008: Vereador (Suplente),,"TSE DivulgaCandContas, API candidatura/buscar, 2026-09-02"
BA,ba-sen-angelo-coronel,Angelo Coronel,Angelo Mario Coronel de Azevedo Martins,100,REPUBLICANOS,Senador,Deferido,Concorrendo,UNIDOS PARA MUDAR A BAHIA,REPUBLICANOS / PODE / PL / FEDERAÇÃO PSDB CIDADANIA(PSDB/CIDADANIA) / FEDERAÇÃO UNIÃO PROGRESSISTA(UNIÃO/PP) / FEDERAÇÃO RENOVAÇÃO SOLIDÁRIA(PRD/SOLIDARIEDADE) / NOVO,MARCELO GUIMARÃES FILHO (PODE); EDYLENE FERREIRA (REPUBLICANOS),1958-05-03,MASC.,Superior completo,Senador,BA,CORAÇÃO DE MARIA,5323335.8,23,angelo.coronel,angelo.coronel,share,,angelocoronel_,,https://divulgacandcontas.tse.jus.br/divulga/rest/arquivo/img/20322002026/50002533124/BA,2018: Senador (Eleito); 2014: Deputado Estadual (Eleito por QP); 2010: Deputado Estadual (Eleito); 2006: Deputado Estadual (Concorrendo),,"TSE DivulgaCandContas, API candidatura/buscar, 2026-09-02"
BA,ba-sen-carlos-sodre,Carlos Sodré,Carlos Eduardo Sodré,333,MOBILIZA,Senador,Deferido,Concorrendo,,,MARCOS ESPINHEIRA (MOBILIZA); LILIAN CARDOSO (MOBILIZA),1946-08-30,MASC.,Superior completo,Advogado,BA,ITAPÉ,561000.0,2,,,,,,,https://divulgacandcontas.tse.jus.br/divulga/rest/arquivo/img/20322002026/50002536625/BA,2012: Prefeito (Não eleito),,"TSE DivulgaCandContas, API candidatura/buscar, 2026-09-02"
BA,ba-sen-gregorio-gould,Gregorio Gould,Gregorio Motta Gould,800,UP,Senador,Deferido,Concorrendo,,,ELIENE ALMEIDA SILVA (UP); ARLANIA GONÇALVES (UP),1986-05-30,MASC.,Ensino Médio completo,Outros,RJ,RIO DE JANEIRO,994576.1,5,gregoriomgould,,,,,,https://divulgacandcontas.tse.jus.br/divulga/rest/arquivo/img/20322002026/50002550314/BA,,,"TSE DivulgaCandContas, API candidatura/buscar, 2026-09-02"
BA,ba-sen-jaques-wagner,Jaques Wagner,Jaques Wagner,130,PT,Senador,Deferido,Concorrendo,MAIS BAHIA MAIS BRASIL,PDT / MDB / PSB / PSD / AVANTE / FEDERAÇÃO BRASIL DA ESPERANÇA - FE BRASIL(PT/PC do B/PV),EDVALDO BRITO (PSD); ALADILCE (PCDOB),1951-03-16,MASC.,Superior incompleto,Senador,RJ,RIO DE JANEIRO,24522355.65,35,jaqueswagner,jaqueswagneroficial,share,jaqueswagner13,jaqueswagner,https://ossenadoresdelula.com.br,https://divulgacandcontas.tse.jus.br/divulga/rest/arquivo/img/20322002026/50002536317/BA,2018: Senador (Eleito); 2010: Governador (Eleito); 2006: Governador (Concorrendo),,"TSE DivulgaCandContas, API candidatura/buscar, 2026-09-02"
BA,ba-sen-joao-roma,João Roma,João Inácio Ribeiro Roma Neto,222,PL,Senador,Deferido,Concorrendo,UNIDOS PARA MUDAR A BAHIA,REPUBLICANOS / PODE / PL / FEDERAÇÃO PSDB CIDADANIA(PSDB/CIDADANIA) / FEDERAÇÃO UNIÃO PROGRESSISTA(UNIÃO/PP) / FEDERAÇÃO RENOVAÇÃO SOLIDÁRIA(PRD/SOLIDARIEDADE) / NOVO,SUZANA RAMOS (PSDB); RODRIGO HAGGE (PSDB),1972-11-17,MASC.,Superior completo,Produtor Agropecuário,PE,RECIFE,17016110.38,23,joaoromaneto,joaoromaneto,joaoromaneto,joaoromaneto,joaoromaneto,https://joaoroma.com.br,https://divulgacandcontas.tse.jus.br/divulga/rest/arquivo/img/20322002026/50002533123/BA,2022: Governador (Não eleito); 2018: Deputado Federal (Eleito por QP),,"TSE DivulgaCandContas, API candidatura/buscar, 2026-09-02"
BA,ba-sen-marcelo-carvalho,Marcelo Carvalho,Marcelo Carvalho Lavigne,180,REDE,Senador,Deferido,Concorrendo,FEDERAÇÃO PSOL REDE(PSOL/REDE),,ZEM COSTA (PSOL); CRIS MARQUES (PSOL),1980-10-14,MASC.,Superior completo,Professor de Ensino Médio,MG,JOÃO PINHEIRO,540000.0,2,marcelocarvalhoba,,latino.americano.942,,,,https://divulgacandcontas.tse.jus.br/divulga/rest/arquivo/img/20322002026/50002534774/BA,2024: Vereador (Suplente); 2020: Vereador (Não eleito),,"TSE DivulgaCandContas, API candidatura/buscar, 2026-09-02"
BA,ba-sen-marcelo-millet,Marcelo Millet,Marcelo Millet Oliveira,290,PCO,Senador,Deferido,Concorrendo,,,SILVANO DE SOUZA (PCO); MARIA DO CARMO (PCO),1986-02-04,MASC.,Ensino Médio incompleto,Motorista Particular,BA,SALVADOR,0.0,0,,,,,,https://candidatos.pco.org.br,https://divulgacandcontas.tse.jus.br/divulga/rest/arquivo/img/20322002026/50002553643/BA,2022: Governador (Não eleito); 2020: Vice-prefeito (Não eleito),,"TSE DivulgaCandContas, API candidatura/buscar, 2026-09-02"
BA,ba-sen-marcelo-santtana,Marcelo Santtana,Marcelino Jose Guimaraes Santana,277,DC,Senador,Deferido,Concorrendo,,,CINDE FATIMA (DC); MAURO LEME (DC); LAZARO LEITE (DC),1958-04-08,MASC.,Superior completo,Advogado,BA,SALVADOR,1337000.0,3,,,,,,,https://divulgacandcontas.tse.jus.br/divulga/rest/arquivo/img/20322002026/50002536577/BA,2024: Vereador (Suplente); 2022: Deputado Federal (Não eleito); 2020: Prefeito (Não eleito); 2018: Deputado Federal (Não eleito); 2016: Vereador (Suplente); 2012: Vereador (Suplente); 2008: Vereador (Suplente); 2006: Deputado Federal (Concorrendo); 2004: Vereador (Não eleito),,"TSE DivulgaCandContas, API candidatura/buscar, 2026-09-02"
BA,ba-sen-professora-delliana,Professora Delliana,Delliana Ricelli Ribeiro da Silva,500,PSOL,Senador,Deferido,Concorrendo,FEDERAÇÃO PSOL REDE(PSOL/REDE),,PROFº NILO ROSA (PSOL); JEOVANE MARÚSIA (PSOL),1982-11-23,FEM.,Superior completo,Professor de Ensino Médio,BA,UBAITABA,7821.28,1,ronaldomansur.psol,,,,,,https://divulgacandcontas.tse.jus.br/divulga/rest/arquivo/img/20322002026/50002534769/BA,2024: Vereador (Não eleito),,"TSE DivulgaCandContas, API candidatura/buscar, 2026-09-02"
BA,ba-sen-rui-costa,Rui Costa,Rui Costa dos Santos,133,PT,Senador,Deferido,Concorrendo,MAIS BAHIA MAIS BRASIL,PDT / MDB / PSB / PSD / AVANTE / FEDERAÇÃO BRASIL DA ESPERANÇA - FE BRASIL(PT/PC do B/PV),RONALDO CARLETTO (AVANTE); JAILMA (PT),1963-01-18,MASC.,Superior completo,Economista,BA,SALVADOR,1264911.31,3,ruicostaoficial,ruicostaoficial,ruicostaoficial,ruicostaoficial,costa_rui,https://ossenadoresdelula.com.br,https://divulgacandcontas.tse.jus.br/divulga/rest/arquivo/img/20322002026/50002536321/BA,2018: Governador (Eleito); 2014: Governador (Eleito); 2010: Deputado Federal (Eleito); 2006: Deputado Federal (Concorrendo); 2004: Vereador (Eleito),,"TSE DivulgaCandContas, API candidatura/buscar, 2026-09-02"
CE,ce-sen-alcides-fernandes,Alcides Fernandes,Alcides Fernandes da Silva,222,PL,Senador,Aguardando julgamento,Concorrendo,UNIR PARA MUDAR,PL / DC / AVANTE / FEDERAÇÃO PSDB CIDADANIA(PSDB/CIDADANIA) / FEDERAÇÃO UNIÃO PROGRESSISTA(UNIÃO/PP),JOÃO BARROSO (PSDB); DENÍSIO PINHEIRO (PSDB),1967-10-01,MASC.,Superior completo,Deputado,CE,JUCÁS,648334.4400000001,6,,,,,,https://twiter:,https://divulgacandcontas.tse.jus.br/divulga/rest/arquivo/img/20322002026/60002540754/CE,2022: Deputado Estadual (Eleito por QP),,"TSE DivulgaCandContas, API candidatura/buscar, 2026-09-02"
CE,ce-sen-capitao-wagner,Capitão Wagner,Wagner Sousa Gomes,445,UNIÃO,Senador,Aguardando julgamento,Concorrendo,UNIR PARA MUDAR,PL / DC / AVANTE / FEDERAÇÃO PSDB CIDADANIA(PSDB/CIDADANIA) / FEDERAÇÃO UNIÃO PROGRESSISTA(UNIÃO/PP),PRISCO BEZERRA (UNIÃO); LUCIO GOMES (PSDB),1979-01-21,MASC.,Superior completo,Policial Militar,SP,SÃO PAULO,2390938.36,8,capitaowagnersousa,capitaowagnersousa,capitaowagnersousa,capitaowagnersousa,,https://capitaowagnersenador.com.br,https://divulgacandcontas.tse.jus.br/divulga/rest/arquivo/img/20322002026/60002540753/CE,2024: Prefeito (Não eleito); 2022: Governador (Não eleito); 2020: Prefeito (Não eleito); 2018: Deputado Federal (Eleito por QP); 2016: Prefeito (Não eleito); 2014: Deputado Estadual (Eleito por QP); 2012: Vereador (Eleito por QP); 2010: Deputado Estadual (Suplente),,"TSE DivulgaCandContas, API candidatura/buscar, 2026-09-02"
CE,ce-sen-catarina-matos,Catarina Matos,Catarina da Graca Almeida Matos,800,UP,Senador,Deferido,Concorrendo,,,EMANUEL MENEZES (UP); CARLOS FEITOSA (UP),1988-08-17,FEM.,Superior completo,Professor de Ensino Médio,CE,FORTALEZA,10435.33,1,catarinamatosup,,catarina.almeidamatos,,,,https://divulgacandcontas.tse.jus.br/divulga/rest/arquivo/img/20322002026/60002533959/CE,,,"TSE DivulgaCandContas, API candidatura/buscar, 2026-09-02"
CE,ce-sen-cid-gomes,Cid Gomes,Cid Ferreira Gomes,400,PSB,Senador,Aguardando julgamento,Concorrendo,CEARÁ FORTE DO LADO CERTO,PDT / PODE / PSB / PSD / FEDERAÇÃO BRASIL DA ESPERANÇA - FE BRASIL(PT/PC do B/PV) / FEDERAÇÃO PSOL REDE(PSOL/REDE) / FEDERAÇÃO RENOVAÇÃO SOLIDÁRIA(PRD/SOLIDARIEDADE) / REPUBLICANOS / MDB / MOBILIZA,JUNIOR MANO (PSB); JULIO VENTURA (PSB),1963-04-27,MASC.,Superior completo,Senador,CE,SOBRAL,1595202.78,13,senadorcidgomes,cidgomes400,senadorcidgomes,uclw52hwlyanmutiwfgjvsza,senadorcidgomes,https://cidgomes.com.br,https://divulgacandcontas.tse.jus.br/divulga/rest/arquivo/img/20322002026/60002542479/CE,2018: Senador (Eleito); 2010: Governador (Eleito); 2006: Governador (Concorrendo),,"TSE DivulgaCandContas, API candidatura/buscar, 2026-09-02"
CE,ce-sen-guilherme-theophilo,Guilherme Theophilo,Guilherme Cals Theophilo Gaspar de Oliveira,300,NOVO,Senador,Aguardando julgamento,Concorrendo,,,DRA. VERÔNICA AMARAL (NOVO); CAPELLI (NOVO),1955-03-13,MASC.,Superior completo,Militar Reformado,RJ,RIO DE JANEIRO,6160000.0,4,generaltheophilo,,,,,,https://divulgacandcontas.tse.jus.br/divulga/rest/arquivo/img/20322002026/60002539687/CE,2018: Governador (Não eleito),,"TSE DivulgaCandContas, API candidatura/buscar, 2026-09-02"
CE,ce-sen-lino-alves,Lino Alves,Lino Alves de Almeida,290,PCO,Senador,Aguardando julgamento,Concorrendo,,,TIAGO FERREIRA (PCO); ESTEVAM (PCO),1956-06-28,MASC.,Superior completo,Engenheiro,PE,EXU,0.0,0,,,,,,https://candidatos.pco.org.br,https://divulgacandcontas.tse.jus.br/divulga/rest/arquivo/img/20322002026/60002551397/CE,2024: Prefeito (Não eleito); 2022: Deputado Federal (Não eleito); 2020: Vereador (Não eleito); 2018: Vice-governador (Não eleito),,"TSE DivulgaCandContas, API candidatura/buscar, 2026-09-02"
CE,ce-sen-luizianne,Luizianne,Luizianne de Oliveira Lins,180,REDE,Senador,Aguardando julgamento,Concorrendo,CEARÁ FORTE DO LADO CERTO,PDT / PODE / PSB / PSD / FEDERAÇÃO BRASIL DA ESPERANÇA - FE BRASIL(PT/PC do B/PV) / FEDERAÇÃO PSOL REDE(PSOL/REDE) / FEDERAÇÃO RENOVAÇÃO SOLIDÁRIA(PRD/SOLIDARIEDADE) / REPUBLICANOS / MDB / MOBILIZA,CHAGAS VIEIRA (PDT); RODRIGO OLIVEIRA (MDB),1968-11-18,FEM.,Superior completo,Deputado,CE,FORTALEZA,333284.84,3,luiziannelinsce,luiziannelinsce,luiziannelinsce,ucnm3dvhababhhognn2sgtda,luiziannelinsce,https://@luiziannelinsce,https://divulgacandcontas.tse.jus.br/divulga/rest/arquivo/img/20322002026/60002542476/CE,2022: Deputado Federal (Eleito por QP); 2020: Prefeito (Não eleito); 2018: Deputado Federal (Eleito por QP); 2016: Prefeito (Não eleito); 2014: Deputado Federal (Eleito por QP); 2008: Prefeito (Eleito); 2004: Prefeito (Eleito),,"TSE DivulgaCandContas, API candidatura/buscar, 2026-09-02"
CE,ce-sen-reginaldo,Reginaldo,Reginaldo Ferreira de Araujo,162,PSTU,Senador,Aguardando julgamento,Concorrendo,,,PROF. FÉLIX (PSTU); MAGELA (PSTU),1973-09-01,MASC.,Superior completo,Servidor Público Municipal,CE,LIMOEIRO DO NORTE,212000.0,2,,zsvu7ctse,,,,,https://divulgacandcontas.tse.jus.br/divulga/rest/arquivo/img/20322002026/60002550748/CE,2022: Vice-governador (Não eleito); 2018: Vice-governador (Não eleito); 2012: Prefeito (Não eleito); 2010: Senador (Não eleito); 2008: Vice-P (Concorrendo),,"TSE DivulgaCandContas, API candidatura/buscar, 2026-09-02"
DF,df-sen-avenir-rosa,Avenir Rosa,Avenir Angelo Rosa Filho,355,DEMOCRATA,Senador,Aguardando julgamento,Concorrendo,,,MARCO AURÉLIO (DEMOCRATA); SEBASTIÃO GERONIMO (DEMOCRATA),1952-04-20,MASC.,Superior completo,Advogado,SP,POMPÉIA,0.0,0,,,,,,,https://divulgacandcontas.tse.jus.br/divulga/rest/arquivo/img/20322002026/70002553859/DF,2022: Deputado Federal (Não eleito); 2014: Deputado Federal (Suplente),,"TSE DivulgaCandContas, API candidatura/buscar, 2026-09-02"
DF,df-sen-bia-kicis,Bia Kicis,Beatriz Kicis Torrents de Sordi,223,PL,Senador,Deferido,Concorrendo,PROPÓSITO E AÇÃO,REPUBLICANOS / MDB / PODE / PL / FEDERAÇÃO RENOVAÇÃO SOLIDÁRIA(PRD/SOLIDARIEDADE) / FEDERAÇÃO UNIÃO PROGRESSISTA(UNIÃO/PP) / DC / MOBILIZA / DEMOCRATA,SAMUEL KICIS (PL); RENATO FIGUEIREDO (PL),1961-09-19,FEM.,Superior completo,Deputado,RJ,RESENDE,1330688.17,4,biakicis,biakicis.df,biakicisoficial,biakicis,biakicis,https://biakicis.com.br,https://divulgacandcontas.tse.jus.br/divulga/rest/arquivo/img/20322002026/70002552934/DF,2022: Deputado Federal (Eleito por QP); 2018: Deputado Federal (Eleito por média),,"TSE DivulgaCandContas, API candidatura/buscar, 2026-09-02"
DF,df-sen-david-horn,David Horn,David Horn Pureza,290,PCO,Senador,Deferido,Concorrendo,,,MAURO SOUSA (PCO); RICARDO MACHADO (PCO),1963-01-16,MASC.,Superior completo,Servidor Público Civil Aposentado,PE,RECIFE,353000.0,4,,,,,,https://candidatos.pco.org.br,https://divulgacandcontas.tse.jus.br/divulga/rest/arquivo/img/20322002026/70002551426/DF,2022: Deputado Distrital (Não eleito),,"TSE DivulgaCandContas, API candidatura/buscar, 2026-09-02"
DF,df-sen-erika-kokay,Erika Kokay,Erika Jucá Kokay,131,PT,Senador,Deferido,Concorrendo,DF DO POVO,PDT / FEDERAÇÃO BRASIL DA ESPERANÇA - FE BRASIL(PT/PC do B/PV) / FEDERAÇÃO PSOL REDE(PSOL/REDE),GIULIA TADINI (PSOL); SAMUEL DOMINGUES (PT),1957-08-15,FEM.,Superior completo,Deputado,CE,FORTALEZA,483951.22,3,erikakokay,,erikakokay,,,,https://divulgacandcontas.tse.jus.br/divulga/rest/arquivo/img/20322002026/70002552490/DF,2022: Deputado Federal (Eleito por QP); 2018: Deputado Federal (Eleito por média); 2014: Deputado Federal (Eleito por QP); 2010: Deputado Federal (Média); 2006: Deputado Distrital (Concorrendo),,"TSE DivulgaCandContas, API candidatura/buscar, 2026-09-02"
DF,df-sen-guto-felicio-dos-santos,Guto Felício dos Santos,Paulo Augusto Pimenta Felicio dos Santos,456,PSDB,Senador,Deferido,Concorrendo,FEDERAÇÃO PSDB CIDADANIA(PSDB/CIDADANIA),,LUCIANA LOUREIRO (PSDB); PROFESSOR TATÁ (PSDB),1960-01-19,MASC.,Superior completo,Economista,MG,BELO HORIZONTE,441601.49,2,gutofeliciodossantos,,guto.feliciodossantos,,,,https://divulgacandcontas.tse.jus.br/divulga/rest/arquivo/img/20322002026/70002553296/DF,2010: Deputado Distrital (Suplente),,"TSE DivulgaCandContas, API candidatura/buscar, 2026-09-02"
DF,df-sen-leila-do-volei,Leila do Vôlei,Leila Gomes de Barros Rêgo,123,PDT,Senador,Deferido,Concorrendo,DF DO POVO,PDT / FEDERAÇÃO BRASIL DA ESPERANÇA - FE BRASIL(PT/PC do B/PV) / FEDERAÇÃO PSOL REDE(PSOL/REDE),RAPHAEL SODRE (REDE); TETÊ MONTEIRO (PSOL),1971-09-30,FEM.,Superior completo,Senador,DF,BRASÍLIA,170900.43,4,leiladovolei,leiladovolei8,leiladovolei,,leiladovolei,https://leiladovolei.com,https://divulgacandcontas.tse.jus.br/divulga/rest/arquivo/img/20322002026/70002552492/DF,2022: Governador (Não eleito); 2018: Senador (Eleito); 2014: Deputado Distrital (Suplente),,"TSE DivulgaCandContas, API candidatura/buscar, 2026-09-02"
DF,df-sen-marley,Marley,Marley Mendonca Alves,700,AVANTE,Senador,Aguardando julgamento,Concorrendo,,,DIEGO (AVANTE); CORONEL LEITE (AVANTE); REGINALDO (AVANTE),1959-11-25,MASC.,Superior completo,Advogado,MG,CANÁPOLIS,0.0,0,marleymendonca,,,,,,https://divulgacandcontas.tse.jus.br/divulga/rest/arquivo/img/20322002026/70002552582/DF,,,"TSE DivulgaCandContas, API candidatura/buscar, 2026-09-02"
DF,df-sen-michelle-bolsonaro,Michelle Bolsonaro,Michelle de Paula Firmo Reinaldo Bolsonaro,222,PL,Senador,Deferido,Concorrendo,PROPÓSITO E AÇÃO,REPUBLICANOS / MDB / PODE / PL / FEDERAÇÃO RENOVAÇÃO SOLIDÁRIA(PRD/SOLIDARIEDADE) / FEDERAÇÃO UNIÃO PROGRESSISTA(UNIÃO/PP) / DC / MOBILIZA / DEMOCRATA,DIEGO TORRES (PL); CRISTIAN VIANA (PODE),1982-03-22,FEM.,Superior incompleto,Empresário,DF,BRASÍLIA,4486170.75,3,michellebolsonaro,,,,,https://senadoramichellebolsonaro.com.br,https://divulgacandcontas.tse.jus.br/divulga/rest/arquivo/img/20322002026/70002552936/DF,,,"TSE DivulgaCandContas, API candidatura/buscar, 2026-09-02"
DF,df-sen-professor-guilherme-amorim,Professor Guilherme Amorim,Guilherme de Amorim Lino,800,UP,Senador,Deferido,Concorrendo,,,TADEU TONIATTI (UP); IVONE MINEIRO (UP),1990-07-03,MASC.,Superior completo,Professor de Ensino Médio,MG,BELO HORIZONTE,358409.5,3,prof.guilhermeamorim,,,,,,https://divulgacandcontas.tse.jus.br/divulga/rest/arquivo/img/20322002026/70002537112/DF,,,"TSE DivulgaCandContas, API candidatura/buscar, 2026-09-02"
DF,df-sen-ronaldo-fonseca,Ronaldo Fonseca,Ronaldo Fonseca de Souza,555,PSD,Senador,Aguardando julgamento,Concorrendo,,,PROFESSORA EUNICE SANTOS (PSD); DR. ANTONIO (PSD),1959-04-04,MASC.,Superior completo,Advogado,RJ,VOLTA REDONDA,1245536.53,10,ronaldofonseca.oficial,,,,,,https://divulgacandcontas.tse.jus.br/divulga/rest/arquivo/img/20322002026/70002553751/DF,2022: Deputado Federal (Não eleito); 2014: Deputado Federal (Eleito por QP); 2010: Deputado Federal (Média),,"TSE DivulgaCandContas, API candidatura/buscar, 2026-09-02"
DF,df-sen-sebastiao-coelho,Sebastião Coelho,Sebastiao Coelho da Silva,300,NOVO,Senador,Deferido,Concorrendo,,,IBI BATISTA (NOVO); CORONEL LEONARDO (NOVO),1955-05-15,MASC.,Superior completo,Magistrado,AL,SANTANA DO IPANEMA,390000.0,7,desembargadorsebastiaocoelho,,,sebastiaocoelhodesembargador,sebasticoelho,https://sebastiaocoelho.com,https://divulgacandcontas.tse.jus.br/divulga/rest/arquivo/img/20322002026/70002548624/DF,2006: Deputado Distrital (Concorrendo),,"TSE DivulgaCandContas, API candidatura/buscar, 2026-09-02"
DF,df-sen-tiago,Tiago,Tiago Társis Adaldo,360,AGIR,Senador,Aguardando julgamento,Concorrendo,,,SGT THIAGO MELO (AGIR); 1°SGT ALEXANDRE - MEU NUTRI (AGIR),1986-09-22,MASC.,Superior completo,Agricultor,DF,BRASÍLIA,856146.02,13,tiagotarsisa,,,,,https://tiagotarsis.com.br,https://divulgacandcontas.tse.jus.br/divulga/rest/arquivo/img/20322002026/70002551323/DF,2018: 2º Suplente (Concorrendo),,"TSE DivulgaCandContas, API candidatura/buscar, 2026-09-02"
DF,df-sen-zanata,Zanata,Eduardo Rennó Zanata,161,PSTU,Senador,Deferido,Concorrendo,,,EDSON DA SILVA (PSTU); RENATO (PSTU),1985-09-22,MASC.,Superior completo,Professor de Ensino Fundamental,DF,BRASÍLIA,0.0,0,,,,,,https://lnk.bio/pstu_df,https://divulgacandcontas.tse.jus.br/divulga/rest/arquivo/img/20322002026/70002536445/DF,2022: Vice-governador (Não eleito); 2018: Vice-governador (Não eleito),,"TSE DivulgaCandContas, API candidatura/buscar, 2026-09-02"
ES,es-sen-callegari,Callegari,Wellington Callegari,277,DC,Senador,Aguardando julgamento,Concorrendo,SENADO FORTE,DC / FEDERAÇÃO RENOVAÇÃO SOLIDÁRIA(PRD/SOLIDARIEDADE),BRUNO LOURENÇO (PRD); PRISCILA RAMOS (SOLIDARIEDADE),1981-12-14,MASC.,Superior completo,Servidor Público Estadual,SP,SÃO PAULO,850000.0,1,callegari_es,,wellingtoncallegaries,,,,https://divulgacandcontas.tse.jus.br/divulga/rest/arquivo/img/20322002026/80002542401/ES,2022: Deputado Estadual (Eleito por média); 2020: Vice-prefeito (Não eleito); 2018: Deputado Estadual (Suplente),,"TSE DivulgaCandContas, API candidatura/buscar, 2026-09-02"
ES,es-sen-evair-de-melo,Evair de Melo,Evair Vieira de Melo,100,REPUBLICANOS,Senador,Aguardando julgamento,Concorrendo,PAZ PRA VIVER UM NOVO TEMPO,REPUBLICANOS / PL / DEMOCRATA,DANT NICCHIO (PL); LUIZ EMANUEL (REPUBLICANOS),1972-04-02,MASC.,Superior completo,Deputado,ES,CONCEIÇÃO DO CASTELO,142777.32,7,evair_de_melo,evairdemelo,evair.vieirademelo,uct5evlanh6iicl01fzpsobq,evairdemelo,https://senadorevair100.com.br,https://divulgacandcontas.tse.jus.br/divulga/rest/arquivo/img/20322002026/80002553265/ES,2022: Deputado Federal (Eleito por QP); 2018: Deputado Federal (Eleito por média); 2014: Deputado Federal (Eleito por QP); 2008: Prefeito (Não eleito),,"TSE DivulgaCandContas, API candidatura/buscar, 2026-09-02"
ES,es-sen-fabiano-contarato,Fabiano Contarato,Fabiano Contarato,133,PT,Senador,Deferido,Concorrendo,FEDERAÇÃO BRASIL DA ESPERANÇA - FE BRASIL(PT/PC do B/PV),,EVANI GARI (PT); NEIO LÚCIO (PCDOB),1966-06-20,MASC.,Superior completo,Senador,ES,NOVA VENÉCIA,1497217.78,13,fabianocontarato,fabianocontarato,fabianocontarato,fabianocontaratosenador,contaratosenado,https://flickr.com/photos/fabianocontarato,https://divulgacandcontas.tse.jus.br/divulga/rest/arquivo/img/20322002026/80002550187/ES,2018: Senador (Eleito); 2014: Senador (Concorrendo),,"TSE DivulgaCandContas, API candidatura/buscar, 2026-09-02"
ES,es-sen-leonardo-monjardim,Leonardo Monjardim,Leonardo Passos Monjardim,300,NOVO,Senador,Deferido,Concorrendo,,,KÍTIA PERCIANO (NOVO); DR. VINÍCIUS FREGONAZZI (NOVO),1973-06-11,MASC.,Superior completo,Vereador,ES,VITÓRIA,222000.0,5,leonardomonjardim,,leonardomonjardim,,,https://leonardomonjardim.com.br,https://divulgacandcontas.tse.jus.br/divulga/rest/arquivo/img/20322002026/80002530022/ES,2024: Vereador (Eleito por QP); 2020: Vereador (Suplente); 2016: Vereador (Suplente); 2008: Vereador (Suplente); 2004: Vereador (Não eleito),,"TSE DivulgaCandContas, API candidatura/buscar, 2026-09-02"
ES,es-sen-maguinha-malta,Maguinha Malta,Magda Santos Malta,222,PL,Senador,Aguardando julgamento,Concorrendo,PAZ PRA VIVER UM NOVO TEMPO,REPUBLICANOS / PL / DEMOCRATA,CABO CASSOTTO (PL); NERLEO CAUS (PL),1983-08-24,FEM.,Superior completo,Publicitário,ES,VITÓRIA,116534.48,13,maguinhamalta,maguinhamalta,share,maguinhamalta,maguinhamalta,https://maguinhamalta222.com.br,https://divulgacandcontas.tse.jus.br/divulga/rest/arquivo/img/20322002026/80002553269/ES,,,"TSE DivulgaCandContas, API candidatura/buscar, 2026-09-02"
ES,es-sen-marcos-do-val,Marcos do Val,Marcos Ribeiro do Val,700,AVANTE,Senador,Deferido,Concorrendo,,,SILVIA SUASSUNA (AVANTE); SARGENTO GOES (AVANTE),1971-06-15,MASC.,Ensino Médio completo,Senador,ES,VITÓRIA,584138.0,4,marcosdoval,marcosdovalsenador,marcosdoval,marcosdoval,marcosdoval,https://senadortransparente.com.br,https://divulgacandcontas.tse.jus.br/divulga/rest/arquivo/img/20322002026/80002538202/ES,2018: Senador (Eleito),,"TSE DivulgaCandContas, API candidatura/buscar, 2026-09-02"
ES,es-sen-professor-fabian,Professor Fabian,Carlos Fabian de Carvalho,500,PSOL,Senador,Deferido,Concorrendo,FEDERAÇÃO PSOL REDE(PSOL/REDE),,TONI CABANO (PSOL); WILSON JR (PSOL),1977-02-23,MASC.,Superior completo,Professor de Ensino Fundamental,ES,VITÓRIA,264795.32,2,professorfabian_oficia,professor.fabian,share,professorfabian,profcfabian,https://professorfabian.com.br,https://divulgacandcontas.tse.jus.br/divulga/rest/arquivo/img/20322002026/80002549404/ES,,,"TSE DivulgaCandContas, API candidatura/buscar, 2026-09-02"
ES,es-sen-renato-casagrande,Renato Casagrande,José Renato Casagrande,400,PSB,Senador,Aguardando julgamento,Concorrendo,AGORA É O FUTURO,PDT / MDB / PODE / AGIR / PSB / FEDERAÇÃO PSDB CIDADANIA(PSDB/CIDADANIA) / FEDERAÇÃO UNIÃO PROGRESSISTA(UNIÃO/PP),MARCELO COELHO (PP); PASTOR MARCELO (PDT),1960-12-03,MASC.,Superior completo,Engenheiro,ES,CASTELO,3068203.91,5,renatocasagrande,casagrande_es,renatocasagrande,renatocasagrande_es,casagrande_es,https://renatocasagrande.com.br,https://divulgacandcontas.tse.jus.br/divulga/rest/arquivo/img/20322002026/80002551370/ES,2022: Governador (Eleito); 2018: Governador (Eleito); 2014: Governador (Não eleito); 2010: Governador (Eleito); 2006: Senador (Concorrendo),,"TSE DivulgaCandContas, API candidatura/buscar, 2026-09-02"
ES,es-sen-rodney-miranda,Rodney Miranda,Rodney Rocha Miranda,280,PRTB,Senador,Aguardando julgamento,Concorrendo,,,PATRICIA NEITZL (PRTB); RODRIGO RODRIGUES (PRTB),1964-09-15,MASC.,Superior completo,Advogado,DF,BRASÍLIA,4594177.63,10,rodneyrmiranda,,,,,,https://divulgacandcontas.tse.jus.br/divulga/rest/arquivo/img/20322002026/80002552373/ES,2022: Deputado Federal (Suplente); 2018: Deputado Federal (Suplente); 2016: Prefeito (Não eleito); 2012: Prefeito (Eleito); 2010: Deputado Estadual (Eleito),,"TSE DivulgaCandContas, API candidatura/buscar, 2026-09-02"
ES,es-sen-rose-de-freitas,Rose de Freitas,Rosilda de Freitas,156,MDB,Senador,Aguardando julgamento,Concorrendo,AGORA É O FUTURO,PDT / MDB / PODE / AGIR / PSB / FEDERAÇÃO PSDB CIDADANIA(PSDB/CIDADANIA) / FEDERAÇÃO UNIÃO PROGRESSISTA(UNIÃO/PP),ERICO (MDB); MARCUS VICENTE (PP); NUBIA (MDB),1949-01-23,FEM.,Superior incompleto,Produtor Agropecuário,MG,CARATINGA,1110945.72,14,senadorarosedefreitas,,senadorarosedefreitas,,,https://@rosedefreitas,https://divulgacandcontas.tse.jus.br/divulga/rest/arquivo/img/20322002026/80002551368/ES,2022: Senador (Não eleito); 2018: Governador (Não eleito); 2014: Senador (Eleito); 2010: Deputado Federal (Eleito); 2006: Deputado Federal (Concorrendo),,"TSE DivulgaCandContas, API candidatura/buscar, 2026-09-02"
ES,es-sen-sergio-meneguelli,Sergio Meneguelli,Sergio Meneguelli,556,PSD,Senador,Aguardando julgamento,Concorrendo,,,DR PAGOTTO (PSD); DR ROGERIO RESENDE (PSD),1956-06-01,MASC.,Superior completo,Aposentado (Exceto Servidor Público),ES,SÃO GABRIEL DA PALHA,1288865.04,8,sergiomeneguelli,sergiomeneguelli,sergiomeneguellioficial,,,,https://divulgacandcontas.tse.jus.br/divulga/rest/arquivo/img/20322002026/80002552692/ES,2022: Deputado Estadual (Eleito por QP); 2016: Prefeito (Eleito); 2014: Deputado Estadual (Suplente); 2012: Vereador (Eleito por QP); 2010: Deputado Estadual (Concorrendo); 2008: Vereador (Média); 2006: Deputado Estadual (Concorrendo); 2004: Vereador (Média),,"TSE DivulgaCandContas, API candidatura/buscar, 2026-09-02"
GO,go-sen-cintia-dias,Cintia Dias,Cintia Aparecida Dias,500,PSOL,Senador,Aguardando julgamento,Concorrendo,GOIÁS PODE MAIS,PDT / PSB / FEDERAÇÃO BRASIL DA ESPERANÇA - FE BRASIL(PT/PC do B/PV) / FEDERAÇÃO PSOL REDE(PSOL/REDE),FERNANDO ISAAC (PDT); PAULO ROCHIFILD (PV),1977-05-25,FEM.,Superior completo,Outros,GO,GOIÂNIA,679000.0,3,,,,,,https://email:,https://divulgacandcontas.tse.jus.br/divulga/rest/arquivo/img/20322002026/90002541454/GO,2024: Vereador (Não eleito); 2022: Governador (Não eleito); 2020: Vereador (Suplente); 2014: Vice-governador (Não eleito); 2012: Vereador (Concorrendo); 2010: Deputado Estadual (Não eleito),,"TSE DivulgaCandContas, API candidatura/buscar, 2026-09-02"
GO,go-sen-dr-zacharias-calil,Dr. Zacharias Calil,Zacarias Calil Hamu,155,MDB,Senador,Aguardando julgamento,Concorrendo,,,THALES JAYME (MDB); LEONARDO REIS (MDB); CONCEIÇÃO DO ENTORNO (MDB),1953-11-05,MASC.,Superior completo,Médico,GO,GOIÂNIA,9560823.219999999,28,drzachariascalil,depdrzachariascalil,drzachariascalil,,,https://drzachariascalil.com.br,https://divulgacandcontas.tse.jus.br/divulga/rest/arquivo/img/20322002026/90002546974/GO,2022: Deputado Federal (Eleito por média); 2018: Deputado Federal (Eleito por QP),,"TSE DivulgaCandContas, API candidatura/buscar, 2026-09-02"
GO,go-sen-ernesto-roller,Ernesto Roller,Ernesto Guimarães Roller,456,PSDB,Senador,Aguardando julgamento,Concorrendo,GOIÁS DE VERDADE,DC / FEDERAÇÃO PSDB CIDADANIA(PSDB/CIDADANIA),MILTON MERCEZ (PSDB); HERMES TRALDI (PSDB),1969-11-11,MASC.,Superior completo,Advogado,GO,FORMOSA,398878.2,3,,,,,,,https://divulgacandcontas.tse.jus.br/divulga/rest/arquivo/img/20322002026/90002545243/GO,2016: Prefeito (Eleito); 2014: Deputado Estadual (Eleito por média); 2012: Prefeito (Não eleito); 2010: Vice-G (Concorrendo); 2006: Deputado Estadual (Concorrendo),,"TSE DivulgaCandContas, API candidatura/buscar, 2026-09-02"
GO,go-sen-gracinha-caiado,Gracinha Caiado,Maria das Graças Landim de Carvalho Caiado,444,UNIÃO,Senador,Deferido,Concorrendo,FEDERAÇÃO UNIÃO PROGRESSISTA(UNIÃO/PP),,ALEXANDRE BALDY (PP); FIÃO (UNIÃO),1959-04-30,FEM.,Superior completo,Advogado,BA,FEIRA DE SANTANA,3943021.29,34,gracinhacaiado,gracinhacaiado,gracinhacarvalhocaiado,,,,https://divulgacandcontas.tse.jus.br/divulga/rest/arquivo/img/20322002026/90002540997/GO,,,"TSE DivulgaCandContas, API candidatura/buscar, 2026-09-02"
GO,go-sen-guilherme-darques,Guilherme Darques,Guilherme Darques Alves de Paula,800,UP,Senador,Aguardando julgamento,Concorrendo,,,AUGUSTO CARDOSO (UP); VICTOR BARBO (UP),1990-08-07,MASC.,Superior completo,"Estudante, Bolsista, Estagiário e Assemelhados",GO,GOIÂNIA,0.0,0,guilhermedarques,,,,,,https://divulgacandcontas.tse.jus.br/divulga/rest/arquivo/img/20322002026/90002551198/GO,,,"TSE DivulgaCandContas, API candidatura/buscar, 2026-09-02"
GO,go-sen-gustavo-gayer,Gustavo Gayer,Gustavo Gayer Machado de Araujo,222,PL,Senador,Aguardando julgamento,Concorrendo,GOIÁS QUE CRESCE,PL / NOVO,LEONARDO RIZZO (PL); EMERSON LIMA (PL),1981-04-13,MASC.,Superior incompleto,Empresário,GO,GOIÂNIA,908561.0,5,gustavo.gayer,gusgayer,share,gustavogayer,gayergus,https://gettr.com/user/gustavogayer,https://divulgacandcontas.tse.jus.br/divulga/rest/arquivo/img/20322002026/90002543556/GO,2022: Deputado Federal (Eleito por QP); 2020: Prefeito (Não eleito),,"TSE DivulgaCandContas, API candidatura/buscar, 2026-09-02"
GO,go-sen-gustavo-mendanha,Gustavo Mendanha,Gustavo Mendanha Melo,251,PRD,Senador,Aguardando julgamento,Concorrendo,FEDERAÇÃO RENOVAÇÃO SOLIDÁRIA(PRD/SOLIDARIEDADE),,CARLOS FILHO (PRD); CORONEL CARDOSO (SOLIDARIEDADE),1982-10-07,MASC.,Superior completo,Empresário,GO,GOIÂNIA,2367992.58,20,gustavommendanha,gustavommendanha,gustavomendanha,gustavomendanhago,mendanhagustavo,https://gustavomendanha.com.br,https://divulgacandcontas.tse.jus.br/divulga/rest/arquivo/img/20322002026/90002540998/GO,2022: Governador (Não eleito); 2020: Prefeito (Eleito); 2016: Prefeito (Eleito); 2012: Vereador (Eleito por QP); 2008: Vereador (Média),,"TSE DivulgaCandContas, API candidatura/buscar, 2026-09-02"
GO,go-sen-isaura-lemos,Isaura Lemos,Maria Isaura Lemos,400,PSB,Senador,Deferido,Concorrendo,GOIÁS PODE MAIS,PDT / PSB / FEDERAÇÃO BRASIL DA ESPERANÇA - FE BRASIL(PT/PC do B/PV) / FEDERAÇÃO PSOL REDE(PSOL/REDE),VICTOR DUTRA (PV); PATRICK DE NORONHA (REDE),1954-05-22,FEM.,Superior completo,Outros,SP,JUNDIAÍ,3750000.0,1,,,,,,,https://divulgacandcontas.tse.jus.br/divulga/rest/arquivo/img/20322002026/90002541455/GO,2024: Vereador (Suplente); 2022: Deputado Estadual (Suplente); 2018: Deputado Estadual (Concorrendo); 2018: Deputado Federal (Suplente); 2014: Deputado Estadual (Eleito por QP); 2012: Prefeito (Não eleito); 2010: Deputado Estadual (Eleito); 2006: Deputado Estadual (Concorrendo); 2004: Prefeito (Não eleito),,"TSE DivulgaCandContas, API candidatura/buscar, 2026-09-02"
GO,go-sen-iure-castro,Iure Castro,Iure de Castro Silva,234,CIDADANIA,Senador,Aguardando julgamento,Concorrendo,GOIÁS DE VERDADE,DC / FEDERAÇÃO PSDB CIDADANIA(PSDB/CIDADANIA),DARLENE AZEVEDO (PSDB); LUIZ OTAVIO (PSDB),1984-04-21,MASC.,Superior completo,Advogado,GO,GOIÂNIA,3221295.24,10,,,,,,https://@oiurecastro,https://divulgacandcontas.tse.jus.br/divulga/rest/arquivo/img/20322002026/90002545244/GO,,,"TSE DivulgaCandContas, API candidatura/buscar, 2026-09-02"
GO,go-sen-oseias-varao,Oséias Varão,Oseias Mendes Pereira Varão,227,PL,Senador,Aguardando julgamento,Concorrendo,GOIÁS QUE CRESCE,PL / NOVO,TELEMACO BRANDÃO (NOVO); TÉO GOMES (PL),1977-01-25,MASC.,Superior completo,Advogado,TO,ARAGUAÇU,1000593.0,4,oseiasvarao,,oseiasvarao,oseiasvarao,,,https://divulgacandcontas.tse.jus.br/divulga/rest/arquivo/img/20322002026/90002543560/GO,2024: Vereador (Eleito por QP); 2020: Vereador (Suplente); 2018: Deputado Federal (Não eleito); 2016: Vereador (Eleito por média); 2008: Vereador (Concorrendo); 2004: Vereador (Concorrendo),,"TSE DivulgaCandContas, API candidatura/buscar, 2026-09-02"
GO,go-sen-vanderlan-cardoso,Vanderlan Cardoso,Vanderlan Vieira Cardoso,555,PSD,Senador,Aguardando julgamento,Concorrendo,,,PEDRO CHAVES (PSD); SAMIR HAJJAR (PSD),1962-11-15,MASC.,Ensino Médio completo,Empresário,GO,IPORÁ,66862038.3,14,vanderlancardosooficial,vanderlancardosooficial,vanderlancardosooficial,vanderlancardosooficial,vanderlan_vc,https://vanderlan.com.br,https://divulgacandcontas.tse.jus.br/divulga/rest/arquivo/img/20322002026/90002543215/GO,2024: Prefeito (Não eleito); 2020: Prefeito (2º turno); 2018: Senador (Eleito); 2016: Prefeito (Não eleito); 2014: Governador (Não eleito); 2010: Governador (Não eleito); 2008: Prefeito (Eleito),,"TSE DivulgaCandContas, API candidatura/buscar, 2026-09-02"
MA,ma-sen-cidonio-goncalves,Cidônio Gonçalves,Cidonio Goncalves dos Santos,222,PL,Senador,Aguardando julgamento,Concorrendo,,,CORONEL DALADIER (PL); ZÉ GABRIEL (PL),1961-04-07,MASC.,Superior completo,Produtor Agropecuário,MG,NANUQUE,1020079.93,9,cidoniogoncalves,,people,,,,https://divulgacandcontas.tse.jus.br/divulga/rest/arquivo/img/20322002026/100002537364/MA,2024: Prefeito (Não eleito),,"TSE DivulgaCandContas, API candidatura/buscar, 2026-09-02"
MA,ma-sen-dr-hilton-goncalo,Dr.hilton Gonçalo,Hilton Goncalo de Sousa,333,MOBILIZA,Senador,Aguardando julgamento,Concorrendo,TEMPO DE RENOVAÇÃO,MOBILIZA / AGIR / AVANTE,ESTER ALVES (AGIR); FERNANDA GONCALO (MOBILIZA),1965-12-06,MASC.,Superior completo,Médico,MA,PASTOS BONS,5785647.85,13,drhiltongoncalo_,,prefeitohiltongoncalo,,,,https://divulgacandcontas.tse.jus.br/divulga/rest/arquivo/img/20322002026/100002550418/MA,2020: Prefeito (Eleito); 2016: Prefeito (Eleito); 2008: Prefeito (Eleito); 2004: Prefeito (Eleito),,"TSE DivulgaCandContas, API candidatura/buscar, 2026-09-02"
MA,ma-sen-eliziane-gama,Eliziane Gama,Eliziane Pereira Gama Melo,133,PT,Senador,Aguardando julgamento,Concorrendo,"BRASIL JUSTO, MARANHÃO GRANDE",PSB / FEDERAÇÃO BRASIL DA ESPERANÇA - FE BRASIL(PT/PC do B/PV) / FEDERAÇÃO PSOL REDE(PSOL/REDE),LENE RODRIGUES (PCDOB); PATRÍCIA CARLOS (PT),1977-02-27,FEM.,Superior completo,Senador,MA,MONÇÃO,1220826.6,4,elizianegama,,,,,,https://divulgacandcontas.tse.jus.br/divulga/rest/arquivo/img/20322002026/100002541459/MA,2018: Senador (Eleito); 2016: Prefeito (Não eleito); 2014: Deputado Federal (Eleito por QP); 2012: Prefeito (Não eleito); 2010: Deputado Estadual (Eleito); 2006: Deputado Estadual (Concorrendo),,"TSE DivulgaCandContas, API candidatura/buscar, 2026-09-02"
MA,ma-sen-enilton-rodrigues,Enilton Rodrigues,Enilton Silva Rodrigues,500,PSOL,Senador,Aguardando julgamento,Concorrendo,"BRASIL JUSTO, MARANHÃO GRANDE",PSB / FEDERAÇÃO BRASIL DA ESPERANÇA - FE BRASIL(PT/PC do B/PV) / FEDERAÇÃO PSOL REDE(PSOL/REDE),VALDENY BARROS (PSOL); KELLY SANTOS (PSOL),1980-03-19,MASC.,Superior completo,Engenheiro,MA,ARAME,84000.0,3,enilton_rodrigues,eniltonrodrigue50,eniltonsrodrigues,,,https://eniltonrodrigues.com.br,https://divulgacandcontas.tse.jus.br/divulga/rest/arquivo/img/20322002026/100002548853/MA,2024: Vereador (Não eleito); 2022: Governador (Não eleito); 2020: Vereador (Não eleito); 2018: Deputado Estadual (Não eleito); 2016: Vereador (Não eleito),,"TSE DivulgaCandContas, API candidatura/buscar, 2026-09-02"
MA,ma-sen-fufuca,Fufuca,Andre Luiz Carvalho Ribeiro,111,PP,Senador,Aguardando julgamento,Concorrendo,MARANHÃO DE CARA NOVA,FEDERAÇÃO PSDB CIDADANIA(PSDB/CIDADANIA) / FEDERAÇÃO UNIÃO PROGRESSISTA(UNIÃO/PP),FERNANDO FIALHO (PSDB); SARGENTO BARBOSA (PP),1989-08-27,MASC.,Superior completo,Médico,MA,SANTA INÊS,1829911.74,5,andre_fufuca,fufuca111,andrefufuca,,andre_fufuca,https://fufuca111.com.br/bio,https://divulgacandcontas.tse.jus.br/divulga/rest/arquivo/img/20322002026/100002542867/MA,2022: Deputado Federal (Eleito por QP); 2018: Deputado Federal (Eleito por QP); 2014: Deputado Federal (Eleito por QP); 2010: Deputado Estadual (Eleito),,"TSE DivulgaCandContas, API candidatura/buscar, 2026-09-02"
MA,ma-sen-lahesio-bonfim,Lahesio Bonfim,Lahesio Rodrigues do Bonfim,300,NOVO,Senador,Aguardando julgamento,Concorrendo,PRA TRANSFORMAR O MARANHÃO,NOVO / PSD,MAURÍCIO RIZZI (NOVO); FRANCISCANO SOARES (PSD),1978-07-30,MASC.,Superior completo,Médico,PI,MARCOS PARENTE,3677655.55,12,lahesiobonfimoficial,,share,lahesiobonfim,,,https://divulgacandcontas.tse.jus.br/divulga/rest/arquivo/img/20322002026/100002548011/MA,2022: Governador (Não eleito); 2020: Prefeito (Eleito); 2016: Prefeito (Eleito); 2012: Vice-prefeito (Não eleito); 2008: Prefeito (Não eleito),,"TSE DivulgaCandContas, API candidatura/buscar, 2026-09-02"
MA,ma-sen-raimundo-moreira,Raimundo Moreira,Raimundo Moreira Correa,212,PCB,Senador,Aguardando julgamento,Concorrendo,,,JOSÉ JK (PCB); HIVINA BRITO (PCB),1968-08-30,MASC.,Ensino Médio incompleto,Pescador,MA,ITAPECURU MIRIM,0.0,0,,,,,,,https://divulgacandcontas.tse.jus.br/divulga/rest/arquivo/img/20322002026/100002549014/MA,,,"TSE DivulgaCandContas, API candidatura/buscar, 2026-09-02"
MA,ma-sen-roseana-sarney,Roseana Sarney,Roseana Sarney Murad,151,MDB,Senador,Aguardando julgamento,Concorrendo,POR TODO MARANHÃO,REPUBLICANOS / PDT / MDB / PODE / FEDERAÇÃO RENOVAÇÃO SOLIDÁRIA(PRD/SOLIDARIEDADE),VALBERLENE LOPES (MDB); CAROL PEREIRA (MDB),1953-06-01,FEM.,Superior completo,Deputado,MA,SÃO LUÍS,22210212.13,28,roseanasarney,roseanasarneyma,roseanasarneyma,,roseanasarneym,,https://divulgacandcontas.tse.jus.br/divulga/rest/arquivo/img/20322002026/100002549583/MA,2022: Deputado Federal (Eleito por QP); 2018: Governador (Não eleito); 2010: Governador (Eleito); 2006: Governador (Concorrendo),,"TSE DivulgaCandContas, API candidatura/buscar, 2026-09-02"
MA,ma-sen-simplicio-araujo,Simplício Araújo,José Simplício Alves de Araújo,277,DC,Senador,Aguardando julgamento,Concorrendo,,,FERNANDO IPIRANGA (DC); CÉLIO REI DO CAVALO (DC),1969-04-18,MASC.,Superior completo,Analista de Sistemas,MA,BACABAL,400000000.0,3,simplicioaraujo,,,,,,https://divulgacandcontas.tse.jus.br/divulga/rest/arquivo/img/20322002026/100002553336/MA,2024: Prefeito (Não eleito); 2022: Governador (Não eleito); 2018: Deputado Federal (Suplente); 2014: Deputado Federal (Suplente); 2012: Prefeito (Não eleito); 2010: Deputado Federal (Suplente),,"TSE DivulgaCandContas, API candidatura/buscar, 2026-09-02"
MA,ma-sen-weverton-rocha,Weverton Rocha,Weverton Rocha Marques de Sousa,123,PDT,Senador,Aguardando julgamento,Concorrendo,POR TODO MARANHÃO,REPUBLICANOS / PDT / MDB / PODE / FEDERAÇÃO RENOVAÇÃO SOLIDÁRIA(PRD/SOLIDARIEDADE),ALDERICO CAMPOS (PDT); RENAN WAYNNE (REPUBLICANOS),1979-10-08,MASC.,Superior completo,Administrador,MA,IMPERATRIZ,2301756.49,10,wevertonrochasenador,weverton_rocha,share,wevertonsenador,wevertonrocha,,https://divulgacandcontas.tse.jus.br/divulga/rest/arquivo/img/20322002026/100002537338/MA,2022: Governador (Não eleito); 2018: Senador (Eleito); 2014: Deputado Federal (Eleito por QP); 2010: Deputado Federal (Suplente),,"TSE DivulgaCandContas, API candidatura/buscar, 2026-09-02"
MA,ma-sen-wilson-leite,Wilson Leite,Francisco Wilson Leite da Silva,160,PSTU,Senador,Aguardando julgamento,Concorrendo,,,BETO BELO (PSTU); OSMAR FILHO (PSTU),1977-04-21,MASC.,Superior completo,Técnico em Informática,MA,IMPERATRIZ,0.0,0,,,,,,https://blogwilsonleite.com.br,https://divulgacandcontas.tse.jus.br/divulga/rest/arquivo/img/20322002026/100002536212/MA,2018: 1º Suplente (Não eleito); 2014: 1º Suplente (Não eleito); 2012: Prefeito (Não eleito); 2010: Deputado Federal (Não eleito); 2008: Prefeito (Registro negado antes da eleição); 2006: Deputado Federal (Concorrendo),,"TSE DivulgaCandContas, API candidatura/buscar, 2026-09-02"
MT,mt-sen-beny-godoy,Beny Godoy,Benival Alves da Silva,365,AGIR,Senador,Aguardando julgamento,Concorrendo,,,GERALDO (AGIR); JACKSON PEREIRA (AGIR),1973-03-11,MASC.,Ensino Médio completo,Comerciante,AL,CANAPI,20244907.44,11,benygodoysenador,zs9kdtjbwyekh,share,benygodoysenador,,,https://divulgacandcontas.tse.jus.br/divulga/rest/arquivo/img/20322002026/110002553706/MT,2024: Prefeito (Não eleito); 2022: Deputado Federal (Não eleito); 2020: Prefeito (Não eleito); 2018: Deputado Estadual (Suplente); 2016: Prefeito (Não eleito); 2014: Deputado Estadual (Suplente),,"TSE DivulgaCandContas, API candidatura/buscar, 2026-09-02"
MT,mt-sen-coronel-darwin,Coronel Darwin,Darwin Salgado Germano,351,DEMOCRATA,Senador,Aguardando julgamento,Concorrendo,,,TENENTE CÉLIO (DEMOCRATA); SARGENTO LEOPOLDO (DEMOCRATA),1978-03-14,MASC.,Superior completo,Policial Militar,MT,CUIABÁ,2660000.0,3,coronel_darwin_oficial,,,,,,https://divulgacandcontas.tse.jus.br/divulga/rest/arquivo/img/20322002026/110002548042/MT,,,"TSE DivulgaCandContas, API candidatura/buscar, 2026-09-02"
MT,mt-sen-favaro,Fávaro,Carlos Henrique Baqueta Favaro,555,PSD,Senador,Aguardando julgamento,Concorrendo,MATO GROSSO PARA TODOS,PDT / PSB / PSD / FEDERAÇÃO BRASIL DA ESPERANÇA - FE BRASIL(PT/PC do B/PV) / FEDERAÇÃO PSOL REDE(PSOL/REDE),ALEXANDRE SCHENKEL (PSD); CARMEN MACHADO (PV),1969-10-19,MASC.,Ensino Médio completo,Agricultor,PR,BELA VISTA DO PARAÍSO,2044103.44,6,carloshbfavaro,carloshbfavaro,carloshbfavaro,carlosfavaro3720,carloshbfavaro,https://x,https://divulgacandcontas.tse.jus.br/divulga/rest/arquivo/img/20322002026/110002544986/MT,2018: Senador (Eleito); 2018: Senador (Não eleito); 2014: Vice-governador (Eleito); 2008: Vereador (Concorrendo),,"TSE DivulgaCandContas, API candidatura/buscar, 2026-09-02"
MT,mt-sen-galvan,Galvan,Antonio Galvan,700,AVANTE,Senador,Aguardando julgamento,Concorrendo,,,PASTORA ALINE (AVANTE); SAULO PATRIOTA (AVANTE),1957-11-13,MASC.,Ensino Médio completo,Agricultor,RS,SANANDUVA,46302824.91,47,antoniogalvan.mt,antonio.galvan.mt,share,,,https://galvan700.com.br,https://divulgacandcontas.tse.jus.br/divulga/rest/arquivo/img/20322002026/110002540403/MT,2022: Senador (Não eleito); 2010: Deputado Estadual (Suplente),,"TSE DivulgaCandContas, API candidatura/buscar, 2026-09-02"
MT,mt-sen-janaina-riva,Janaina Riva,Janaina Greyce Riva Fagundes,150,MDB,Senador,Aguardando julgamento,Concorrendo,CORAÇÃO DA GENTE,MDB / PL / NOVO / FEDERAÇÃO RENOVAÇÃO SOLIDÁRIA(PRD/SOLIDARIEDADE),ALUIZO LIMA (MDB); IBRAHIM ZAHER (MDB),1989-01-27,FEM.,Superior completo,Deputado,MT,JUARA,1228623.87,11,janainariva,janainarivamt,janainarivamt,janainarivamt,,,https://divulgacandcontas.tse.jus.br/divulga/rest/arquivo/img/20322002026/110002552698/MT,2022: Deputado Estadual (Eleito por QP); 2018: Deputado Estadual (Eleito por QP); 2014: Deputado Estadual (Eleito por QP),,"TSE DivulgaCandContas, API candidatura/buscar, 2026-09-02"
MT,mt-sen-margareth-buzetti,Margareth Buzetti,Margareth Gettert Busetti,111,PP,Senador,Aguardando julgamento,Concorrendo,MATO GROSSO NÃO PODE PARAR,REPUBLICANOS / PODE / FEDERAÇÃO PSDB CIDADANIA(PSDB/CIDADANIA) / FEDERAÇÃO UNIÃO PROGRESSISTA(UNIÃO/PP),JUCÉLIA FERRO (PSDB); CORONEL GRASI (REPUBLICANOS),1959-10-31,FEM.,Ensino Médio completo,Empresário,SC,CONCÓRDIA,1138239.92,8,margarethbuzetti,margarethbuzetti,margarethbuzetti,,margabuzetti,,https://divulgacandcontas.tse.jus.br/divulga/rest/arquivo/img/20322002026/110002551967/MT,2018: 1º Suplente (Eleito),,"TSE DivulgaCandContas, API candidatura/buscar, 2026-09-02"
MT,mt-sen-mauro-mendes,Mauro Mendes,Mauro Mendes Ferreira,444,UNIÃO,Senador,Aguardando julgamento,Concorrendo,MATO GROSSO NÃO PODE PARAR,REPUBLICANOS / PODE / FEDERAÇÃO PSDB CIDADANIA(PSDB/CIDADANIA) / FEDERAÇÃO UNIÃO PROGRESSISTA(UNIÃO/PP),CIDINHO SANTOS (PP); ELSON RAMOS (PODE),1964-04-12,MASC.,Superior completo,Empresário,GO,ANÁPOLIS,67180206.27,6,mauromendesoficial,mauromendesoficial,share,,,,https://divulgacandcontas.tse.jus.br/divulga/rest/arquivo/img/20322002026/110002551966/MT,2022: Governador (Eleito); 2018: Governador (Eleito); 2012: Prefeito (2º turno); 2010: Governador (Não eleito); 2008: Prefeito (2º turno),,"TSE DivulgaCandContas, API candidatura/buscar, 2026-09-02"
MT,mt-sen-pedro-taques,Pedro Taques,Jose Pedro Goncalves Taques,400,PSB,Senador,Aguardando julgamento,Concorrendo,MATO GROSSO PARA TODOS,PDT / PSB / PSD / FEDERAÇÃO BRASIL DA ESPERANÇA - FE BRASIL(PT/PC do B/PV) / FEDERAÇÃO PSOL REDE(PSOL/REDE),CARLOS ERNESTO TETI (PSB); GUELDA ANDRADE (PT),1968-03-15,MASC.,Superior completo,Advogado,MT,CUIABÁ,360000.0,1,pedrotaques,pedrotaquesoficial,pedrotaques,tvtaques,pedrotaquesmt,https://panhou.com.br/jogo,https://divulgacandcontas.tse.jus.br/divulga/rest/arquivo/img/20322002026/110002544988/MT,2018: Senador (Não eleito); 2018: Governador (Não eleito); 2014: Governador (Eleito); 2010: Senador (Eleito),,"TSE DivulgaCandContas, API candidatura/buscar, 2026-09-02"
MT,mt-sen-professor-nelson-ferreira,Professor Nelson Ferreira,Nelson Carlos Ferreira Junior,360,AGIR,Senador,Aguardando julgamento,Concorrendo,,,MARIA GUEDES (AGIR); ITIOMA BARROS (AGIR),1973-01-01,MASC.,Superior completo,Professor de Ensino Fundamental,PR,BARBOSA FERRAZ,0.0,0,nelsonferreiraju,nelsonferreiraju,nelson.ferreirajunior.7758,,,,https://divulgacandcontas.tse.jus.br/divulga/rest/arquivo/img/20322002026/110002553701/MT,2022: Deputado Federal (Concorrendo),,"TSE DivulgaCandContas, API candidatura/buscar, 2026-09-02"
MT,mt-sen-ze-medeiros,Zé Medeiros,Jose Antonio dos Santos Medeiros,222,PL,Senador,Aguardando julgamento,Concorrendo,CORAÇÃO DA GENTE,MDB / PL / NOVO / FEDERAÇÃO RENOVAÇÃO SOLIDÁRIA(PRD/SOLIDARIEDADE),ODILIO BALBINOTTI (PL); XUXU DAL MOLIN (PL),1970-03-19,MASC.,Superior completo,Servidor Público Civil Aposentado,RN,CAICÓ,356000.0,2,,josemedeirosmt,share,josemedeiros222,josemedeirosmt,,https://divulgacandcontas.tse.jus.br/divulga/rest/arquivo/img/20322002026/110002552693/MT,2022: Deputado Federal (Eleito por média); 2018: Senador (Não eleito); 2018: Deputado Federal (Eleito por QP); 2010: Deputado Federal (Concorrendo); 2010: S1 S (Concorrendo); 2006: Deputado Federal (Concorrendo),,"TSE DivulgaCandContas, API candidatura/buscar, 2026-09-02"
MS,ms-sen-beto-do-movimento,Beto do Movimento,Jonas Carlos da Conceicao,500,PSOL,Senador,Deferido,Concorrendo,FEDERAÇÃO PSOL REDE(PSOL/REDE),,ELIZANGELA TIAGO (PSOL); KÁTIA BASTOS (PSOL),1980-01-22,MASC.,Ensino Fundamental completo,Agricultor,MS,DOURADOS,945000.0,5,,,jekrofermam,,,,https://divulgacandcontas.tse.jus.br/divulga/rest/arquivo/img/20322002026/120002532721/MS,2012: Vereador (Suplente),,"TSE DivulgaCandContas, API candidatura/buscar, 2026-09-02"
MS,ms-sen-capitao-contar,Capitão Contar,Renan Barbosa Contar,221,PL,Senador,Deferido,Concorrendo,FAZENDO O FUTURO ACONTECER,PL / FEDERAÇÃO UNIÃO PROGRESSISTA(UNIÃO/PP) / REPUBLICANOS / FEDERAÇÃO PSDB CIDADANIA(PSDB/CIDADANIA) / PSD / MDB / PODE / AVANTE,CLAUDIO MENDONÇA (PP); LUCIANO BARBOSA RODRIGUES (PP),1983-12-25,MASC.,Superior completo,Membro das Forças Armadas,SP,CAMPINAS,1660693.6300000001,15,capitaocontar,capitaocontar,capitaocontar,uc6_yyubflm2a99b5nz_kkza,capitaocontar,https://qgdocapitaocontar.com.br,https://divulgacandcontas.tse.jus.br/divulga/rest/arquivo/img/20322002026/120002535769/MS,2022: Governador (2º turno); 2018: Deputado Estadual (Eleito por QP),,"TSE DivulgaCandContas, API candidatura/buscar, 2026-09-02"
MS,ms-sen-daniel-junior,Daniel Junior,Daniel Rodrigues Junior,365,AGIR,Senador,Indeferido em prazo recursal ou com recurso,Concorrendo,,,ALESSANDRO GARCIA (AGIR); LUCIENE RAMOS DA SILVA (AGIR),1979-01-27,MASC.,Ensino Médio completo,Outros,MS,CAMPO GRANDE,0.0,0,daniel_junior_terenos2024,,share,,,,https://divulgacandcontas.tse.jus.br/divulga/rest/arquivo/img/20322002026/120002534952/MS,2022: Deputado Federal (Não eleito); 2020: Vereador (Suplente),,"TSE DivulgaCandContas, API candidatura/buscar, 2026-09-02"
MS,ms-sen-luiz-lemes,Luiz Lemes,Luiz Antonio Lemes de Oliveira,277,DC,Senador,Deferido,Concorrendo,,,ROBERTO PATZLAFF (DC); INSTRUTOR ANDRÉ MACIEL (DC); ALDECI TEIXEIRA (DC),1967-06-17,MASC.,Superior completo,Engenheiro,MS,CAMPO GRANDE,352800.0,6,luizantonio_lemes,,luizantonio.lemesdeoliveira,,,,https://divulgacandcontas.tse.jus.br/divulga/rest/arquivo/img/20322002026/120002551909/MS,2024: Prefeito (Não eleito); 2022: Deputado Estadual (Não eleito); 2020: Vereador (Suplente); 2014: Deputado Estadual (Suplente),,"TSE DivulgaCandContas, API candidatura/buscar, 2026-09-02"
MS,ms-sen-reinaldo-azambuja,Reinaldo Azambuja,Reinaldo Azambuja Silva,222,PL,Senador,Deferido,Concorrendo,FAZENDO O FUTURO ACONTECER,PL / FEDERAÇÃO UNIÃO PROGRESSISTA(UNIÃO/PP) / REPUBLICANOS / FEDERAÇÃO PSDB CIDADANIA(PSDB/CIDADANIA) / PSD / MDB / PODE / AVANTE,NELSINHO TRAD (PSD); FELIPE MATTOS (UNIÃO),1963-05-13,MASC.,Superior incompleto,Produtor Agropecuário,MS,CAMPO GRANDE,55976398.48,33,reinaldoazambuja,reinaldoazambujams,reinaldoazambuja,reinaldoazambujams,azambujareinald,https://reinaldosenador.com.br,https://divulgacandcontas.tse.jus.br/divulga/rest/arquivo/img/20322002026/120002535764/MS,2018: Governador (Eleito); 2014: Governador (Eleito); 2012: Prefeito (Não eleito); 2010: Deputado Federal (Eleito); 2006: Deputado Estadual (Concorrendo),,"TSE DivulgaCandContas, API candidatura/buscar, 2026-09-02"
MS,ms-sen-roberto-oshiro,Roberto Oshiro,Roberto Tarashigue Oshiro Junior,300,NOVO,Senador,Deferido,Concorrendo,,,AUGUSTO DA SOLDAMAQ (NOVO); ITALIVIO NETO (NOVO),1977-11-01,MASC.,Superior completo,Advogado,MS,CAMPO GRANDE,497691.02,17,robertooshiro,roberto.oshiro,robertooshiro,robertooshirojr,,https://robertooshiro.com.br,https://divulgacandcontas.tse.jus.br/divulga/rest/arquivo/img/20322002026/120002552115/MS,2024: Vice-prefeito (2º turno); 2012: Vereador (Suplente),,"TSE DivulgaCandContas, API candidatura/buscar, 2026-09-02"
MS,ms-sen-soraya,Soraya,Soraya Vieira Thronicke,400,PSB,Senador,Deferido,Concorrendo,POR UM MS DO POVO,PDT / PSB / FEDERAÇÃO BRASIL DA ESPERANÇA - FE BRASIL(PT/PC do B/PV),BRUNO MIGUEIS (PT); GEANA MESQUITA (PSB),1973-06-01,FEM.,Superior completo,Advogado,MS,DOURADOS,612959.24,3,sorayathronicke,senadorasoraya,senadorasoraya,senadora.soraya,senadorasoraya,https://flickr.com/photos/185991762@n04,https://divulgacandcontas.tse.jus.br/divulga/rest/arquivo/img/20322002026/120002547434/MS,2022: Presidente (Não eleito); 2018: Senador (Eleito),,"TSE DivulgaCandContas, API candidatura/buscar, 2026-09-02"
MS,ms-sen-valderi-garcia,Valderi Garcia,Valderi Garcia,290,PCO,Senador,Deferido,Concorrendo,,,LUCIANO LEMES (PCO); THIAGO ASSAD (PCO),1974-02-04,MASC.,Ensino Médio completo,Trabalhador de Construção Civil,MS,DOURADOS,176000.0,2,,,,,,https://candidatos.pco.org.br,https://divulgacandcontas.tse.jus.br/divulga/rest/arquivo/img/20322002026/120002552196/MS,2024: Prefeito (Não eleito),,"TSE DivulgaCandContas, API candidatura/buscar, 2026-09-02"
MS,ms-sen-valter-da-comagran,Valter da Comagran,Valter Juvenal de Oliveira,258,PRD,Senador,Deferido,Concorrendo,FEDERAÇÃO RENOVAÇÃO SOLIDÁRIA(PRD/SOLIDARIEDADE),,PERRONI (PRD); ENG ADAMARIO DE LANA (PRD),1969-03-08,MASC.,Superior completo,Empresário,MS,DOURADOS,16350000.0,5,valterdacomagran258,valterdacomagran,,valterdacomagran258,,,https://divulgacandcontas.tse.jus.br/divulga/rest/arquivo/img/20322002026/120002552183/MS,,,"TSE DivulgaCandContas, API candidatura/buscar, 2026-09-02"
MS,ms-sen-vander-loubet,Vander Loubet,Vander Luiz dos Santos Loubet,133,PT,Senador,Deferido,Concorrendo,POR UM MS DO POVO,PDT / PSB / FEDERAÇÃO BRASIL DA ESPERANÇA - FE BRASIL(PT/PC do B/PV),PROFESSORA MARIA DIOGO (PT); PROFESSORA MAJU (PT),1964-01-22,MASC.,Superior completo,Bancário e Economiário,MS,PORTO MURTINHO,4122759.55,17,vanderloubet,vanderloubet,vanderloubet,vanderloubet,vanderloubet,https://flickr.com/photos/vanderloubetms,https://divulgacandcontas.tse.jus.br/divulga/rest/arquivo/img/20322002026/120002547435/MS,2022: Deputado Federal (Eleito por QP); 2018: Deputado Federal (Eleito por média); 2014: Deputado Federal (Eleito por QP); 2012: Prefeito (Não eleito); 2010: Deputado Federal (Eleito); 2006: Deputado Federal (Concorrendo); 2004: Prefeito (Não eleito),,"TSE DivulgaCandContas, API candidatura/buscar, 2026-09-02"
MG,mg-sen-aecio-neves,Aécio Neves,Aécio Neves da Cunha,456,PSDB,Senador,Aguardando julgamento,Concorrendo,CUIDAR DE MINAS,PDT / FEDERAÇÃO PSDB CIDADANIA(PSDB/CIDADANIA),GUSTAVO GALASSI (PSDB); MARCELO HERINGER (PDT),1960-03-10,MASC.,Superior completo,Deputado,MG,BELO HORIZONTE,22548039.13,14,aecionevesoficial,aecionevesoficial,share,aecionevesbr,aecioneves,https://aecioneves.com.br,https://divulgacandcontas.tse.jus.br/divulga/rest/arquivo/img/20322002026/130002554332/MG,2022: Deputado Federal (Eleito por média); 2018: Deputado Federal (Eleito por QP); 2014: Presidente (Não eleito); 2010: Senador (Eleito); 2006: Governador (Concorrendo),,"TSE DivulgaCandContas, API candidatura/buscar, 2026-09-02"
MG,mg-sen-ana-luiza-do-mlb,Ana Luiza do MLB,Ana Luiza Cardoso de Macedo,808,UP,Senador,Deferido,Concorrendo,,,SANDRO ALBERTO (UP); CHRISTINO ALMEIDA (UP),1984-03-22,FEM.,Ensino Médio completo,Auxiliar de Laboratório,MG,JANUÁRIA,2000.0,1,ana_da_mgs,,,,,,https://divulgacandcontas.tse.jus.br/divulga/rest/arquivo/img/20322002026/130002547884/MG,,,"TSE DivulgaCandContas, API candidatura/buscar, 2026-09-02"
MG,mg-sen-arcanjo-pimenta,Arcanjo Pimenta,Arcanjo Carlos Pimenta,155,MDB,Senador,Aguardando julgamento,Concorrendo,,,PLACIDINO STÁBILE (MDB); NENA MARCHESE (MDB),1964-10-26,MASC.,Superior completo,Industrial,MG,BELO HORIZONTE,3143614.87,10,arcanjopimenta,,arcanjocarlospimenta,,,,https://divulgacandcontas.tse.jus.br/divulga/rest/arquivo/img/20322002026/130002552302/MG,2022: Deputado Federal (Suplente); 2008: Vereador (Suplente),,"TSE DivulgaCandContas, API candidatura/buscar, 2026-09-02"
MG,mg-sen-aurea-carolina,Áurea Carolina,Aurea Carolina de Freitas e Silva,500,PSOL,Senador,Deferido,Concorrendo,PRA MINAS GERAIS VOLTAR A SONHAR,PSB / FEDERAÇÃO BRASIL DA ESPERANÇA - FE BRASIL(PT/PC do B/PV) / FEDERAÇÃO PSOL REDE(PSOL/REDE),RAQUELL GUIMARÃES (REDE); FELIPE FONSECA (PSOL),1983-11-20,FEM.,Superior completo,Cientista Político,PA,TUCURUÍ,282262.35,1,aureacarolina,aureacarolina11,aureacarolina,%c3%81ureacarolina-u4u,aureacarolinax,https://aureacarolina.com.br,https://divulgacandcontas.tse.jus.br/divulga/rest/arquivo/img/20322002026/130002550557/MG,2020: Prefeito (Não eleito); 2018: Deputado Federal (Eleito por QP); 2016: Vereador (Eleito por QP),,"TSE DivulgaCandContas, API candidatura/buscar, 2026-09-02"
MG,mg-sen-carlin-moura,Carlin Moura,Carlos Magno de Moura Soares,700,AVANTE,Senador,Aguardando julgamento,Concorrendo,,,EDILSON NASCIMENTO (AVANTE); TIÃO NARA (AVANTE),1968-02-29,MASC.,Superior completo,Advogado,MG,VIRGOLÂNDIA,50000.0,1,eucarlinmoura,,eucarlinmoura,,,,https://divulgacandcontas.tse.jus.br/divulga/rest/arquivo/img/20322002026/130002552186/MG,2024: Vereador (Suplente); 2022: Deputado Estadual (Suplente); 2020: Vereador (Eleito por média); 2018: Deputado Federal (Suplente); 2016: Prefeito (2º turno); 2012: Prefeito (2º turno); 2010: Deputado Estadual (Eleito); 2008: Prefeito (Não eleito); 2006: Deputado Estadual (Concorrendo); 2004: Vereador (Eleito),,"TSE DivulgaCandContas, API candidatura/buscar, 2026-09-02"
MG,mg-sen-carlos-viana,Carlos Viana,Carlos Alberto Dias Viana,555,PSD,Senador,Aguardando julgamento,Concorrendo,,,MISAEL VARELLA (PSD); ILCE ROCHA (PSD),1963-03-22,MASC.,Superior completo,Jornalista e Redator,MG,BRAÚNAS,13643608.0,5,carlosviana,,carlosviana,,carlosviana,,https://divulgacandcontas.tse.jus.br/divulga/rest/arquivo/img/20322002026/130002545590/MG,2024: Prefeito (Não eleito); 2022: Governador (Não eleito); 2018: Senador (Eleito); 2004: Vereador (Suplente),,"TSE DivulgaCandContas, API candidatura/buscar, 2026-09-02"
MG,mg-sen-domingos-savio,Domingos Sávio,Domingos Savio Campos Resende,222,PL,Senador,Aguardando julgamento,Concorrendo,,,BRAULIO BRAZ (PL); PABLO GONTIJO (PL),1957-03-25,MASC.,Superior completo,Veterinário,MG,SÃO TIAGO,2453414.92,42,domingossaviomg,,domingossaviomg,,domingossaviomg,,https://divulgacandcontas.tse.jus.br/divulga/rest/arquivo/img/20322002026/130002551786/MG,2022: Deputado Federal (Eleito por QP); 2018: Deputado Federal (Eleito por QP); 2014: Deputado Federal (Eleito por QP); 2010: Deputado Federal (Eleito); 2006: Deputado Estadual (Concorrendo),,"TSE DivulgaCandContas, API candidatura/buscar, 2026-09-02"
MG,mg-sen-fidelis-alcantara,Fidélis Alcântara,Fidelis Oliveira Alcantara,800,UP,Senador,Aguardando julgamento,Concorrendo,,,KAREN GRACIELLA (UP); ELSON VIOLANTE (UP),1973-11-29,MASC.,Ensino Médio incompleto,"Estudante, Bolsista, Estagiário e Assemelhados",MG,COLUNA,102129.76,1,fidelis.alcantara.up,,,,,,https://divulgacandcontas.tse.jus.br/divulga/rest/arquivo/img/20322002026/130002547882/MG,2016: Vereador (Suplente); 2014: Governador (Não eleito),,"TSE DivulgaCandContas, API candidatura/buscar, 2026-09-02"
MG,mg-sen-jordano-metalurgico,Jordano Metalúrgico,Jordano Carvalho dos Santos,160,PSTU,Senador,Aguardando julgamento,Concorrendo,,,ORALDO PAIVA (PSTU); JOSÉ JOÃO (PSTU),1979-08-15,MASC.,Ensino Médio completo,Trabalhador Metalúrgico e Siderúrgico,MG,SÃO JOÃO DEL REI,128000.0,2,,,,,,https://@jordanometalurgico,https://divulgacandcontas.tse.jus.br/divulga/rest/arquivo/img/20322002026/130002551929/MG,2024: Prefeito (Não eleito); 2022: Vice-governador (Não eleito); 2020: Vereador (Não eleito); 2018: Governador (Não eleito); 2016: Prefeito (Não eleito); 2014: Deputado Federal (Não eleito); 2012: Prefeito (Não eleito),,"TSE DivulgaCandContas, API candidatura/buscar, 2026-09-02"
MG,mg-sen-juiz-ramon-moreira,Juíz Ramon Moreira,Ramon Moreira,277,DC,Senador,Aguardando julgamento,Concorrendo,,,RITA DE CÁSSIA ALVES REZENDE D (DC); NOEL GONÇALVES DE OLIVEIRA (DC),1961-02-02,MASC.,Superior completo,Magistrado,MG,CAMPO BELO,15545700.88,28,,,,,,,https://divulgacandcontas.tse.jus.br/divulga/rest/arquivo/img/20322002026/130002551265/MG,2022: Deputado Federal (Suplente); 2020: Prefeito (Não eleito); 2018: Deputado Federal (Suplente),,"TSE DivulgaCandContas, API candidatura/buscar, 2026-09-02"
MG,mg-sen-manoel-carvalho,Manoel Carvalho,Manoel Teodoro Pereira de Carvalho Filho,150,MDB,Senador,Deferido,Concorrendo,,,KELVIN FARIA (MDB); IVANISE (MDB),1977-03-06,MASC.,Superior completo,Zootecnista,MG,MURIAÉ,3874932.59,19,manoelcarvalhofilho,,manoelcarvalhomuriae,,,,https://divulgacandcontas.tse.jus.br/divulga/rest/arquivo/img/20322002026/130002552299/MG,2024: Vice-prefeito (Eleito); 2020: Prefeito (Não eleito); 2016: Vereador (Eleito por QP); 2012: Vereador (Eleito por QP),,"TSE DivulgaCandContas, API candidatura/buscar, 2026-09-02"
MG,mg-sen-marcelo-aro,Marcelo Aro,Marcelo Guilherme de Aro Ferreira,111,PP,Senador,Deferido,Concorrendo,FEDERAÇÃO UNIÃO PROGRESSISTA(UNIÃO/PP),,PROFESSORA MARLI (PP); TILELÉO (PP),1987-06-12,MASC.,Superior completo,Advogado,MG,BELO HORIZONTE,9568127.83,18,marceloaro,soumarceloaro,marceloaro,marcelo_aro,marceloaro,,https://divulgacandcontas.tse.jus.br/divulga/rest/arquivo/img/20322002026/130002548381/MG,2022: Senador (Não eleito); 2018: Deputado Federal (Eleito por QP); 2014: Deputado Federal (Eleito por QP); 2012: Vereador (Eleito por QP),,"TSE DivulgaCandContas, API candidatura/buscar, 2026-09-02"
MG,mg-sen-marco-antonio-superman,Marco Antônio Superman,Marco Antônio Moreira da Costa,300,NOVO,Senador,Deferido,Concorrendo,,,DIEGO MOREIRA (NOVO); BRUNO LOPES (NOVO),1988-06-13,MASC.,Superior completo,Advogado,SP,SÃO PAULO,660000.0,1,marco.antonio.costa,,,marco.antoniocosta,,,https://divulgacandcontas.tse.jus.br/divulga/rest/arquivo/img/20322002026/130002551284/MG,,,"TSE DivulgaCandContas, API candidatura/buscar, 2026-09-02"
MG,mg-sen-marilia-campos,Marília Campos,Marilia Aparecida Campos,131,PT,Senador,Aguardando julgamento,Concorrendo,PRA MINAS GERAIS VOLTAR A SONHAR,PSB / FEDERAÇÃO BRASIL DA ESPERANÇA - FE BRASIL(PT/PC do B/PV) / FEDERAÇÃO PSOL REDE(PSOL/REDE),LUCIANA COSTA (PSB); LAÉRCIO CINTRA (PSB),1961-09-14,FEM.,Superior completo,Aposentado (Exceto Servidor Público),MG,OURO BRANCO,1802316.7,5,mariliacampos.mg,mariliacampos.mg,mariliacampos.mg,,mariliacamposmg,https://flickr.com/photos/marilia_campos,https://divulgacandcontas.tse.jus.br/divulga/rest/arquivo/img/20322002026/130002550560/MG,2024: Prefeito (Eleito); 2020: Prefeito (Eleito); 2018: Deputado Estadual (Eleito por QP); 2014: Deputado Estadual (Eleito por QP); 2008: Prefeito (2º turno); 2004: Prefeito (Eleito),,"TSE DivulgaCandContas, API candidatura/buscar, 2026-09-02"
MG,mg-sen-tiao-pessoa,Tião Pessoa,Sebastiao de Oliveira Pessoa,290,PCO,Senador,Aguardando julgamento,Concorrendo,,,DALILA DE ALMEIDA (PCO); FERNANDO LIRIO (PCO),1966-01-20,MASC.,Superior incompleto,Administrador,MG,ALPINÓPOLIS,0.0,0,,,,,,https://candidatos.pco.org.br,https://divulgacandcontas.tse.jus.br/divulga/rest/arquivo/img/20322002026/130002552311/MG,2024: Prefeito (Não eleito); 2022: Vice-governador (Não eleito); 2020: Prefeito (Não eleito); 2018: Vice-governador (Não eleito),,"TSE DivulgaCandContas, API candidatura/buscar, 2026-09-02"
MG,mg-sen-victoria-mello-vic,Victória Mello Vic,Victoria de Fatima de Mello,161,PSTU,Senador,Aguardando julgamento,Concorrendo,,,ANDREA CARLA (PSTU); ISRAEL PINHEIRO (PSTU),1956-07-27,FEM.,Superior completo,Servidor Público Civil Aposentado,SP,SANTO ANTÔNIO DO PINHAL,495357.62,5,,,,,,https://@vicmello16,https://divulgacandcontas.tse.jus.br/divulga/rest/arquivo/img/20322002026/130002551930/MG,2024: Prefeito (Não eleito); 2022: 1º Suplente (Não eleito); 2020: Prefeito (Não eleito); 2018: Vice-governador (Não eleito); 2016: Prefeito (Não eleito); 2014: Vice-governador (Não eleito); 2012: Prefeito (Não eleito),,"TSE DivulgaCandContas, API candidatura/buscar, 2026-09-02"
PA,pa-sen-breno-guimaraes,Breno Guimarães,Breno Ramos Guimaraes Martins,333,MOBILIZA,Senador,Aguardando julgamento,Concorrendo,,,DR TELMO MARINHO (MOBILIZA); ROSELI MALCHER (MOBILIZA),1981-07-16,MASC.,Superior completo,Servidor Público Estadual,PA,BELÉM,561000.0,5,brenoguimaraes.pa,,,,,,https://divulgacandcontas.tse.jus.br/divulga/rest/arquivo/img/20322002026/140002553852/PA,2022: Deputado Estadual (Não eleito); 2012: Vereador (Suplente),,"TSE DivulgaCandContas, API candidatura/buscar, 2026-09-02"
PA,pa-sen-celso-sabino,Celso Sabino,Celso Sabino de Oliveira,123,PDT,Senador,Deferido,Concorrendo,,,ITALO MÁCOLA (PDT); NEI TEIXEIRA (PDT),1978-08-29,MASC.,Superior completo,Servidor Público Estadual,PA,BELÉM,7356806.89,33,celsosabinooficial,celsosabinooficial,share,,depcelsosabino,https://celsosabino.com.br,https://divulgacandcontas.tse.jus.br/divulga/rest/arquivo/img/20322002026/140002538404/PA,2022: Deputado Federal (Eleito por QP); 2018: Deputado Federal (Eleito por QP); 2014: Deputado Estadual (Eleito por QP); 2010: Deputado Estadual (Suplente),,"TSE DivulgaCandContas, API candidatura/buscar, 2026-09-02"
PA,pa-sen-chicao,Chicão,Francisco das Chagas Silva Melo Filho,444,UNIÃO,Senador,Aguardando julgamento,Concorrendo,O PARÁ TÁ JUNTO,PSD / FEDERAÇÃO UNIÃO PROGRESSISTA(UNIÃO/PP) / PSB / REPUBLICANOS / FEDERAÇÃO BRASIL DA ESPERANÇA - FE BRASIL(PT/PC do B/PV) / FEDERAÇÃO PSDB CIDADANIA(PSDB/CIDADANIA) / MDB / AVANTE,JOEL LOBATO (MDB); PASTOR IBANÊS (UNIÃO),1961-04-19,MASC.,Superior completo,Deputado,AC,CRUZEIRO DO SUL,6475103.95,35,chicaodopara,,chicaodopara,chicaodopara,depchicao,,https://divulgacandcontas.tse.jus.br/divulga/rest/arquivo/img/20322002026/140002550780/PA,2022: Deputado Estadual (Eleito por QP); 2018: Deputado Estadual (Eleito por QP); 2014: Deputado Estadual (Eleito por QP); 2012: Prefeito (Não eleito); 2010: Deputado Estadual (Eleito); 2006: Deputado Estadual (Concorrendo); 2004: Vice-P (Concorrendo),,"TSE DivulgaCandContas, API candidatura/buscar, 2026-09-02"
PA,pa-sen-conti,Conti,Marcelino Conti de Souza,500,PSOL,Senador,Deferido,Concorrendo,FEDERAÇÃO PSOL REDE(PSOL/REDE),,MARIA LUISA FARIAS (PSOL); JOANA DA ECONOMIA SOLIDÁRIA (PSOL),1964-07-29,MASC.,Superior completo,Servidor Público Federal,RJ,VOLTA REDONDA,416583.98,6,contimarcelino,,marcelino.conti,,,,https://divulgacandcontas.tse.jus.br/divulga/rest/arquivo/img/20322002026/140002545674/PA,,,"TSE DivulgaCandContas, API candidatura/buscar, 2026-09-02"
PA,pa-sen-coronel-jonildo,Coronel Jonildo,Jonildo de Castro Teixeira,277,DC,Senador,Aguardando julgamento,Concorrendo,,,SANDRO OLIVEIRA (DC); MARCILIO FERREIRA (DC),1976-06-11,MASC.,Superior completo,Policial Militar,PA,BELÉM,147000.0,1,coroneljonildo,coroneljonildo,share,,coroneljonildo,,https://divulgacandcontas.tse.jus.br/divulga/rest/arquivo/img/20322002026/140002554209/PA,2024: Vereador (Não eleito),,"TSE DivulgaCandContas, API candidatura/buscar, 2026-09-02"
PA,pa-sen-delegado-eder-mauro,Delegado Éder Mauro,Eder Mauro Cardoso Barra,222,PL,Senador,Deferido,Concorrendo,,,ALEX LIMA (PL); ALESSANDRA SÁ (PL),1960-12-14,MASC.,Superior completo,Servidor Público Estadual,PA,BELÉM,2681931.07,17,edermauropa,edermauropa,edermauropara,delegado%c3%89dermauropa,edermauropa,https://-,https://divulgacandcontas.tse.jus.br/divulga/rest/arquivo/img/20322002026/140002544855/PA,2024: Prefeito (Não eleito); 2022: Deputado Federal (Eleito por QP); 2018: Deputado Federal (Eleito por QP); 2016: Prefeito (Não eleito); 2014: Deputado Federal (Eleito por QP),,"TSE DivulgaCandContas, API candidatura/buscar, 2026-09-02"
PA,pa-sen-edlaine-rodrigues,Edlaine Rodrigues,Edlaine Guimarães Santos Rodrigues,355,DEMOCRATA,Senador,Aguardando julgamento,Concorrendo,,,RUTH REIS (DEMOCRATA); NELSON MARGALHO (DEMOCRATA),1982-08-12,FEM.,Superior completo,Contador,PA,ALTAMIRA,867152.21,7,edlaine_g.rodrigues,,edlainegrodrigues,,,,https://divulgacandcontas.tse.jus.br/divulga/rest/arquivo/img/20322002026/140002548150/PA,,,"TSE DivulgaCandContas, API candidatura/buscar, 2026-09-02"
PA,pa-sen-fernanda-lopes,Fernanda Lopes,Fernanda Maristane Lopes Araujo,800,UP,Senador,Deferido,Concorrendo,,,SOCORRO BAYMA (UP); LUCILENE OLIVEIRA (UP),1979-04-24,FEM.,Superior completo,Professor de Ensino Médio,PA,TUCURUÍ,0.0,0,,,,,,,https://divulgacandcontas.tse.jus.br/divulga/rest/arquivo/img/20322002026/140002548387/PA,2012: Vereador (Suplente); 2010: Deputado Federal (Não eleito); 2006: Deputado Estadual (Concorrendo),,"TSE DivulgaCandContas, API candidatura/buscar, 2026-09-02"
PA,pa-sen-gizelle-freitas,Gizelle Freitas,Gizelle Soares de Freitas,505,PSOL,Senador,Deferido,Concorrendo,FEDERAÇÃO PSOL REDE(PSOL/REDE),,NAIDE CORDEIRO PACHECO (PSOL); EDNA GOUVÊA (PSOL),1982-09-23,FEM.,Superior completo,Assistente Social,PA,BELÉM,0.0,0,gizellefreitaspsol,zsx1u1reo,share,,gifreitas1982,,https://divulgacandcontas.tse.jus.br/divulga/rest/arquivo/img/20322002026/140002545671/PA,2024: Vereador (Suplente); 2022: Deputado Federal (Não eleito); 2020: Vereador (Suplente),,"TSE DivulgaCandContas, API candidatura/buscar, 2026-09-02"
PA,pa-sen-helder,Helder,Helder Zahluth Barbalho,151,MDB,Senador,Aguardando julgamento,Concorrendo,O PARÁ TÁ JUNTO,PSD / FEDERAÇÃO UNIÃO PROGRESSISTA(UNIÃO/PP) / PSB / REPUBLICANOS / FEDERAÇÃO BRASIL DA ESPERANÇA - FE BRASIL(PT/PC do B/PV) / FEDERAÇÃO PSDB CIDADANIA(PSDB/CIDADANIA) / MDB / AVANTE,JADER BARBALHO (MDB); SAMUEL CAMARA (REPUBLICANOS),1979-05-18,MASC.,Superior completo,Empresário,PA,BELÉM,15490795.67,22,helderbarbalho,helderbarbalhooficial,helderbarbalho,ucmte1rozl5bi4x2n2f5rr6a,helderbarbalho,https://helder151.com.br,https://divulgacandcontas.tse.jus.br/divulga/rest/arquivo/img/20322002026/140002550779/PA,2022: Governador (Eleito); 2018: Governador (2º turno); 2014: Governador (2º turno); 2008: Prefeito (Eleito); 2004: Prefeito (Eleito),,"TSE DivulgaCandContas, API candidatura/buscar, 2026-09-02"
PA,pa-sen-livia-noronha,Livia Noronha,Lívia Maria Araújo Noronha de Oliveira,777,SOLIDARIEDADE,Senador,Aguardando julgamento,Concorrendo,FEDERAÇÃO RENOVAÇÃO SOLIDÁRIA(PRD/SOLIDARIEDADE),,IAN BLOIS PINHEIRO (SOLIDARIEDADE); KINZINHO (SOLIDARIEDADE),1990-01-24,FEM.,Superior completo,Professor de Ensino Superior,PA,BELÉM,0.0,0,eulivianoronha,,eulivianoronha,,livianoronha_pa,,https://divulgacandcontas.tse.jus.br/divulga/rest/arquivo/img/20322002026/140002553952/PA,2024: Vereador (Suplente); 2022: Deputado Estadual (Suplente); 2020: Prefeito (Não eleito),,"TSE DivulgaCandContas, API candidatura/buscar, 2026-09-02"
PA,pa-sen-zequinha-marinho,Zequinha Marinho,José da Cruz Marinho,200,PODE,Senador,Aguardando julgamento,Concorrendo,,,BURIN (PODE); PR. FENELON (PODE); FRANCY PARÁ (PODE),1959-09-18,MASC.,Superior completo,Senador,TO,ARAGUACEMA,2975287.51,7,zequinhamarinhooficial,,zequinhamarinhooficial,zequinhamarinhosenador,zequinhamarinho,,https://divulgacandcontas.tse.jus.br/divulga/rest/arquivo/img/20322002026/140002542691/PA,2022: Governador (Não eleito); 2018: Senador (Eleito); 2014: Vice-governador (2º turno); 2010: Deputado Federal (Eleito); 2006: Deputado Federal (Concorrendo),,"TSE DivulgaCandContas, API candidatura/buscar, 2026-09-02"
PB,pb-sen-andre-gadelha,André Gadelha,Andre Avelino de Paiva Gadelha Neto,151,MDB,Senador,Aguardando julgamento,Concorrendo,JUNTOS PARA A PARAÍBA DAR O PRÓXIMO PASSO,MDB / DEMOCRATA / PSD / FEDERAÇÃO PSDB CIDADANIA(PSDB/CIDADANIA) / PDT,IVONETE LUDGÉRIO (PSD); JUNIOR LIRA (MDB); ASSIS FREIRE (MDB),1975-04-10,MASC.,Superior completo,Administrador,PB,JOÃO PESSOA,1202109.46,3,,,,,,,https://divulgacandcontas.tse.jus.br/divulga/rest/arquivo/img/20322002026/150002544909/PB,2024: Vice-prefeito (Não eleito); 2022: Deputado Estadual (Suplente); 2016: Prefeito (Não eleito); 2012: Prefeito (Eleito); 2010: Deputado Estadual (Eleito); 2008: Prefeito (Não eleito); 2004: Vice-P (Concorrendo),,"TSE DivulgaCandContas, API candidatura/buscar, 2026-09-02"
PB,pb-sen-dr-marcelo-queiroga,Dr. Marcelo Queiroga,Marcelo Antônio Cartaxo Queiroga Lopes,222,PL,Senador,Aguardando julgamento,Concorrendo,,,FLAVIO AMARAL (PL); CAROL MORAIS (PL); EMIR CANDEIA (PL); CAROL MORAIS (PL),1965-12-04,MASC.,Superior completo,Médico,PB,JOÃO PESSOA,477662.47,12,,,,,,https://@mqueiroga22,https://divulgacandcontas.tse.jus.br/divulga/rest/arquivo/img/20322002026/150002538459/PB,2024: Prefeito (2º turno),,"TSE DivulgaCandContas, API candidatura/buscar, 2026-09-02"
PB,pb-sen-joao-azevedo,Joao Azevêdo,João Azevêdo Lins Filho,400,PSB,Senador,Aguardando julgamento,Concorrendo,DAQUI PRA MELHOR,REPUBLICANOS / PODE / MOBILIZA / AGIR / PSB / FEDERAÇÃO BRASIL DA ESPERANÇA - FE BRASIL(PT/PC do B/PV) / FEDERAÇÃO RENOVAÇÃO SOLIDÁRIA(PRD/SOLIDARIEDADE) / FEDERAÇÃO UNIÃO PROGRESSISTA(UNIÃO/PP),CHICO MENDES (PSB); ROBERTO FRANCA (PSB),1953-08-14,MASC.,Superior completo,Engenheiro,PB,JOÃO PESSOA,1929603.6,10,prafrentecomjoao,joaoazevedopb,joaoazevedolins,joaoazevedolins,joaoazevedolins,https://joao400.com.br,https://divulgacandcontas.tse.jus.br/divulga/rest/arquivo/img/20322002026/150002549793/PB,2022: Governador (Eleito); 2018: Governador (Eleito),,"TSE DivulgaCandContas, API candidatura/buscar, 2026-09-02"
PB,pb-sen-joao-batista,João Batista,João Batista Domingos,801,UP,Senador,Aguardando julgamento,Concorrendo,,,JOSIANE SOARES (UP); BRUNO SOUTO (UP); JIPINHO (UP),1981-02-28,MASC.,Ensino Médio completo,Gari ou Lixeiro,PB,SAPÉ,0.0,0,joaobatista.up,,,,,,https://divulgacandcontas.tse.jus.br/divulga/rest/arquivo/img/20322002026/150002544140/PB,2024: Vereador (Não eleito); 2020: Vice-prefeito (Não eleito); 2004: Vereador (Não eleito),,"TSE DivulgaCandContas, API candidatura/buscar, 2026-09-02"
PB,pb-sen-major-fabio,Major Fábio,Fábio Rodrigues de Oliveira,300,NOVO,Senador,Aguardando julgamento,Concorrendo,,,JOSÉ CARNEIRO (NOVO); PASTOR JADER MEDEIROS (NOVO),1969-11-04,MASC.,Superior completo,Militar Reformado,PE,RECIFE,0.0,0,major_fabio,,majorfabiopb,,,,https://divulgacandcontas.tse.jus.br/divulga/rest/arquivo/img/20322002026/150002548968/PB,2024: Vice-prefeito (Não eleito); 2022: Governador (Não eleito); 2018: Deputado Federal (Suplente); 2016: Vereador (Suplente); 2014: Governador (Não eleito); 2010: Deputado Federal (Suplente); 2006: Deputado Federal (Concorrendo); 2004: Prefeito (Não eleito),,"TSE DivulgaCandContas, API candidatura/buscar, 2026-09-02"
PB,pb-sen-nabor,Nabor,Nabor Wanderley da Nobrega Filho,100,REPUBLICANOS,Senador,Aguardando julgamento,Concorrendo,DAQUI PRA MELHOR,REPUBLICANOS / PODE / MOBILIZA / AGIR / PSB / FEDERAÇÃO BRASIL DA ESPERANÇA - FE BRASIL(PT/PC do B/PV) / FEDERAÇÃO RENOVAÇÃO SOLIDÁRIA(PRD/SOLIDARIEDADE) / FEDERAÇÃO UNIÃO PROGRESSISTA(UNIÃO/PP),DANIELLA RIBEIRO (PP); RENATO FELICIANO (UNIÃO),1965-09-14,MASC.,Superior completo,Advogado,PB,CAMPINA GRANDE,1190319.03,4,naborwanderley,wanderleynabor,naborwanderley,wanderleynabor,realnabor,,https://divulgacandcontas.tse.jus.br/divulga/rest/arquivo/img/20322002026/150002549791/PB,2024: Prefeito (Eleito); 2020: Prefeito (Eleito); 2018: Deputado Estadual (Eleito por QP); 2016: Prefeito (Não eleito); 2014: Deputado Estadual (Eleito por QP); 2008: Prefeito (Eleito); 2004: Prefeito (Eleito),,"TSE DivulgaCandContas, API candidatura/buscar, 2026-09-02"
PB,pb-sen-rinaldo-junior,Rinaldo Júnior,Rinaldo Elias Pereira Junior,272,DC,Senador,Aguardando julgamento,Concorrendo,,,ELIU NICÁCIO (DC); JAMAIKA SUÊNIA (DC),1989-07-17,MASC.,Superior incompleto,Empresário,PB,SANTA RITA,380000.0,4,,,,,,https://@rinaldojuniorpb,https://divulgacandcontas.tse.jus.br/divulga/rest/arquivo/img/20322002026/150002548971/PB,2024: Vereador (Suplente); 2016: Vereador (Não eleito),,"TSE DivulgaCandContas, API candidatura/buscar, 2026-09-02"
PB,pb-sen-rosilene-santana,Rosilene Santana,Rosilene da Silva Santana,800,UP,Senador,Aguardando julgamento,Concorrendo,,,CONCEIÇÃO BRITO (UP); LAYLLA MICHELE (UP),1982-11-06,FEM.,Superior completo,Pedagogo,PB,JOÃO PESSOA,0.0,0,rosilene_up,,,,,,https://divulgacandcontas.tse.jus.br/divulga/rest/arquivo/img/20322002026/150002544135/PB,2024: Vereador (Não eleito),,"TSE DivulgaCandContas, API candidatura/buscar, 2026-09-02"
PB,pb-sen-veneziano,Veneziano,Veneziano Vital do Rêgo Segundo Neto,155,MDB,Senador,Aguardando julgamento,Concorrendo,JUNTOS PARA A PARAÍBA DAR O PRÓXIMO PASSO,MDB / DEMOCRATA / PSD / FEDERAÇÃO PSDB CIDADANIA(PSDB/CIDADANIA) / PDT,JANINE LUCENA (PSD); PAULO REBELLO (MDB),1970-07-17,MASC.,Superior completo,Advogado,PB,CAMPINA GRANDE,1054843.1300000001,8,venezianovitalpb,venezianovital,share,venezianovitalpb,venezianovital,https://canal,https://divulgacandcontas.tse.jus.br/divulga/rest/arquivo/img/20322002026/150002544905/PB,2022: Governador (Não eleito); 2018: Senador (Eleito); 2016: Prefeito (Não eleito); 2014: Deputado Federal (Eleito por QP); 2008: Prefeito (2º turno); 2004: Prefeito (Eleito),,"TSE DivulgaCandContas, API candidatura/buscar, 2026-09-02"
PR,pr-sen-alexandre-curi,Alexandre Curi,Alexandre Maranhao Khury,100,REPUBLICANOS,Senador,Aguardando julgamento,Concorrendo,A MUDANÇA CONTINUA,REPUBLICANOS / MDB / DEMOCRATA / PSD / AVANTE / FEDERAÇÃO PSDB CIDADANIA(PSDB/CIDADANIA) / FEDERAÇÃO UNIÃO PROGRESSISTA(UNIÃO/PP),DUDU POTENCIAL (REPUBLICANOS); NELSON PADOVANI (PP),1979-04-09,MASC.,Superior completo,Deputado,PR,CURITIBA,1088725.03,23,alexandre.curi,alexandrecuri,alexandrecuri,alexandrecurioficial,alexandrecuri,https://alexandrecuri.com.br,https://divulgacandcontas.tse.jus.br/divulga/rest/arquivo/img/20322002026/160002547963/PR,2022: Deputado Estadual (Eleito por QP); 2018: Deputado Estadual (Eleito por QP); 2014: Deputado Estadual (Eleito por QP); 2010: Deputado Estadual (Eleito); 2006: Deputado Estadual (Concorrendo),,"TSE DivulgaCandContas, API candidatura/buscar, 2026-09-02"
PR,pr-sen-cristina-graeml,Cristina Graeml,Cristina Reis Graeml,555,PSD,Senador,Aguardando julgamento,Concorrendo,A MUDANÇA CONTINUA,REPUBLICANOS / MDB / DEMOCRATA / PSD / AVANTE / FEDERAÇÃO PSDB CIDADANIA(PSDB/CIDADANIA) / FEDERAÇÃO UNIÃO PROGRESSISTA(UNIÃO/PP),JACKSON ANDRÉ (PSD); MARCOS BAUMGART (PSD); JACKSON ANDRÉ DOS SANTOS (PSD); MARCOS BAUMGART (PSD),1969-12-07,FEM.,Superior completo,Jornalista e Redator,PR,CURITIBA,662697.63,26,cristinagraeml,cristinagraeml,cristinagraeml,cristinagraeml,cristinagraem,https://rumble.com/user/cristinagraeml,https://divulgacandcontas.tse.jus.br/divulga/rest/arquivo/img/20322002026/160002549555/PR,2024: Prefeito (2º turno),,"TSE DivulgaCandContas, API candidatura/buscar, 2026-09-02"
PR,pr-sen-deltan-dallagnol,Deltan Dallagnol,Deltan Martinazzo Dallagnol,300,NOVO,Senador,Aguardando julgamento,Concorrendo,FORTALEZA PARANÁ,PODE / PL / NOVO,PROFESSOR PICLER (PL); MARKENSON MARQUES DOS SANTOS (NOVO),1980-01-15,MASC.,Superior completo,Advogado,PR,PATO BRANCO,2756904.77,10,deltandallagnol,deltandallagnol,deltandallagnol,deltandallagnoloficial,deltanmd,https://deltandallagnol.com.br,https://divulgacandcontas.tse.jus.br/divulga/rest/arquivo/img/20322002026/160002547661/PR,2022: Deputado Federal (Eleito por QP),,"TSE DivulgaCandContas, API candidatura/buscar, 2026-09-02"
PR,pr-sen-dr-rosinha,Dr Rosinha,Florisvaldo Fier,132,PT,Senador,Aguardando julgamento,Concorrendo,PARANÁ PARA TODOS,PDT / FEDERAÇÃO BRASIL DA ESPERANÇA - FE BRASIL(PT/PC do B/PV) / FEDERAÇÃO PSOL REDE(PSOL/REDE) / FEDERAÇÃO RENOVAÇÃO SOLIDÁRIA(PRD/SOLIDARIEDADE),CRIS WAINER (PT); TIA CELINA (PT),1950-11-12,MASC.,Superior completo,Médico,PR,ROLÂNDIA,570724.21,9,drrosinha,drrosinha,drrosinha,drrosinha,,https://doutorrosinha132.com.br,https://divulgacandcontas.tse.jus.br/divulga/rest/arquivo/img/20322002026/160002547658/PR,2018: Governador (Não eleito); 2010: Deputado Federal (Média); 2006: Deputado Federal (Concorrendo),,"TSE DivulgaCandContas, API candidatura/buscar, 2026-09-02"
PR,pr-sen-filipe-barros,Filipe Barros,Filipe Barros Baptista de Toledo Ribeiro,222,PL,Senador,Aguardando julgamento,Concorrendo,FORTALEZA PARANÁ,PODE / PL / NOVO,PAULO BASE (PL); SERGIO DOMINGUES (PL),1991-05-29,MASC.,Superior completo,Advogado,PR,LONDRINA,1107434.39,5,filipebarrosoficial,depfilipebarros,filipebarrosoficial,filipebarrosoficial,filipebarrost,https://filipebarros.com.br,https://divulgacandcontas.tse.jus.br/divulga/rest/arquivo/img/20322002026/160002547660/PR,2022: Deputado Federal (Eleito por QP); 2018: Deputado Federal (Eleito por QP); 2016: Vereador (Eleito por média),,"TSE DivulgaCandContas, API candidatura/buscar, 2026-09-02"
PR,pr-sen-gleisi,Gleisi,Gleisi Helena Hoffmann,131,PT,Senador,Aguardando julgamento,Concorrendo,PARANÁ PARA TODOS,PDT / FEDERAÇÃO BRASIL DA ESPERANÇA - FE BRASIL(PT/PC do B/PV) / FEDERAÇÃO PSOL REDE(PSOL/REDE) / FEDERAÇÃO RENOVAÇÃO SOLIDÁRIA(PRD/SOLIDARIEDADE),ASSIS GURGACZ NETO (PDT); PROF ALDAIR RIZZI (REDE),1965-09-06,FEM.,Superior completo,Advogado,PR,CURITIBA,1949457.1600000001,6,gleisihoffmann,gleisihoffmannreal,gleisi.hoffmann,gleisihoffmannpt,gleisi,https://wa.me/5541987331313,https://divulgacandcontas.tse.jus.br/divulga/rest/arquivo/img/20322002026/160002547656/PR,2022: Deputado Federal (Eleito por QP); 2018: Deputado Federal (Eleito por QP); 2014: Governador (Não eleito); 2010: Senador (Eleito); 2008: Prefeito (Não eleito); 2006: Senador (Concorrendo),,"TSE DivulgaCandContas, API candidatura/buscar, 2026-09-02"
PR,pr-sen-joaquim-do-mlb,Joaquim do MLB,Joaquim Silva Maciel,800,UP,Senador,Deferido,Concorrendo,,,PATY COTA (UP); FERNANDO DORNELLAS (UP),1948-02-12,MASC.,Ensino Fundamental incompleto,Mecânico de Manutenção,BA,VITÓRIA DA CONQUISTA,8000.0,1,,,,,,,https://divulgacandcontas.tse.jus.br/divulga/rest/arquivo/img/20322002026/160002551043/PR,2016: Vereador (Suplente); 2008: Vereador (Suplente),,"TSE DivulgaCandContas, API candidatura/buscar, 2026-09-02"
PR,pr-sen-karen-guerreiro,Karen Guerreiro,Karen Correia Guerreiro,144,MISSÃO,Senador,Aguardando julgamento,Concorrendo,,,SONNI REZINI (MISSÃO); RENATO SCARANTE (MISSÃO),1980-10-31,FEM.,Superior completo,Gerente,RS,PELOTAS,160500.0,3,karen.guerreiro7,karen.guerreiro38,,,,,https://divulgacandcontas.tse.jus.br/divulga/rest/arquivo/img/20322002026/160002551121/PR,,,"TSE DivulgaCandContas, API candidatura/buscar, 2026-09-02"
PR,pr-sen-marcelo-marcelino,Marcelo Marcelino,Marcelo Goncalves Marcelino,290,PCO,Senador,Aguardando julgamento,Concorrendo,,,JOÃO PAULO (PCO); ALEXANDRE RADDE KRANEN (PCO),1968-03-13,MASC.,Superior completo,Pedagogo,PR,CURITIBA,0.0,0,,,,,,https://candidatos.pco.org.br,https://divulgacandcontas.tse.jus.br/divulga/rest/arquivo/img/20322002026/160002552563/PR,,,"TSE DivulgaCandContas, API candidatura/buscar, 2026-09-02"
PE,pe-sen-carlos-sant-anna,Carlos Sant'anna,Carlos Soares Sant'anna,300,NOVO,Senador,Deferido,Concorrendo,,,CARLA PINHEIRO (NOVO); HERMES ALVES (NOVO),1976-08-21,MASC.,Superior completo,Advogado,PE,RECIFE,889100.0,9,carlossantannape,,carlossantanna,,santanna_cs,,https://divulgacandcontas.tse.jus.br/divulga/rest/arquivo/img/20322002026/170002530097/PE,,,"TSE DivulgaCandContas, API candidatura/buscar, 2026-09-02"
PE,pe-sen-eduardo-da-fonte,Eduardo da Fonte,Eduardo Henrique da Fonte de Albuquerque Silva,111,PP,Senador,Aguardando julgamento,Concorrendo,PERNAMBUCO DE CORAÇÃO,PODE / PSD / AVANTE / FEDERAÇÃO PSDB CIDADANIA(PSDB/CIDADANIA) / FEDERAÇÃO UNIÃO PROGRESSISTA(UNIÃO/PP),CARLOS ANDRADE DE LIMA (UNIÃO); JANE SANTOS (PP),1972-10-17,MASC.,Ensino Médio completo,Deputado,PE,RECIFE,842200.0,4,eduardodafonte,eduardodafonte,eduardodafonte,,,https://eduardodafonte.com.br,https://divulgacandcontas.tse.jus.br/divulga/rest/arquivo/img/20322002026/170002552102/PE,2022: Deputado Federal (Eleito por QP); 2018: Deputado Federal (Eleito por QP); 2014: Deputado Federal (Eleito por QP); 2010: Deputado Federal (Eleito); 2006: Deputado Federal (Concorrendo),,"TSE DivulgaCandContas, API candidatura/buscar, 2026-09-02"
PE,pe-sen-gorett-bitu,Gorett Bitu,Maria Gorett Bitu,801,UP,Senador,Deferido,Concorrendo,,,PROFESSOR NATANAEL SARMENTO (UP); SANDRA RAMOS (UP),1957-03-02,FEM.,Superior completo,Aposentado (Exceto Servidor Público),PE,RECIFE,0.0,0,mariagorettbitu,,,,,,https://divulgacandcontas.tse.jus.br/divulga/rest/arquivo/img/20322002026/170002537335/PE,,,"TSE DivulgaCandContas, API candidatura/buscar, 2026-09-02"
PE,pe-sen-humberto-costa,Humberto Costa,Humberto Sergio Costa Lima,130,PT,Senador,Aguardando julgamento,Concorrendo,FRENTE POPULAR DE PERNAMBUCO,REPUBLICANOS / PDT / MDB / DC / PSB / FEDERAÇÃO BRASIL DA ESPERANÇA - FE BRASIL(PT/PC do B/PV) / FEDERAÇÃO RENOVAÇÃO SOLIDÁRIA(PRD/SOLIDARIEDADE),LUCIANO BIVAR (MDB); PROFESSOR MANOEL MORAES (PT),1957-07-07,MASC.,Superior completo,Senador,SP,CAMPINAS,960956.06,5,senadorhumberto,senadorhumberto,senadorhumberto,humbertocostapt,senadorhumberto,https://humberto130.com.br,https://divulgacandcontas.tse.jus.br/divulga/rest/arquivo/img/20322002026/170002547773/PE,2018: Senador (Eleito); 2012: Prefeito (Não eleito); 2010: Senador (Eleito); 2006: Governador (Concorrendo),,"TSE DivulgaCandContas, API candidatura/buscar, 2026-09-02"
PE,pe-sen-mailson-da-silva-neto,Mailson da Silva Neto,Mailson da Silva Neto,290,PCO,Senador,Aguardando julgamento,Concorrendo,,,ESTELITA MEDEIROS (PCO); GILBERTO SILVA (PCO),1968-08-06,MASC.,Superior completo,Engenheiro,PE,RECIFE,0.0,0,,,,,,https://candidatos.pco.org.br,https://divulgacandcontas.tse.jus.br/divulga/rest/arquivo/img/20322002026/170002552943/PE,,,"TSE DivulgaCandContas, API candidatura/buscar, 2026-09-02"
PE,pe-sen-mariano-macedo,Mariano Macedo,José Mariano de Macedo,161,PSTU,Senador,Aguardando julgamento,Concorrendo,,,JONAS FERREIRA (PSTU); MARCELO (PSTU),1965-05-01,MASC.,Superior completo,Professor de Ensino Médio,PE,IBIRAJUBA,60000.0,1,,,,,,https://@macedojosemariano,https://divulgacandcontas.tse.jus.br/divulga/rest/arquivo/img/20322002026/170002537418/PE,2024: Vice-prefeito (Não eleito); 2022: Vice-governador (Não eleito); 2020: Vereador (Não eleito); 2018: 1º Suplente (Não eleito); 2016: Vice-prefeito (Não eleito); 2014: Deputado Federal (Não eleito); 2012: Vereador (Não eleito); 2010: Deputado Estadual (Não eleito); 2008: Vereador (Não eleito); 2006: S2 S (Concorrendo); 2004: Vereador (Não eleito),,"TSE DivulgaCandContas, API candidatura/buscar, 2026-09-02"
PE,pe-sen-marilia-arraes,Marília Arraes,Marília Valença Rocha Arraes de Alencar,123,PDT,Senador,Aguardando julgamento,Concorrendo,FRENTE POPULAR DE PERNAMBUCO,REPUBLICANOS / PDT / MDB / DC / PSB / FEDERAÇÃO BRASIL DA ESPERANÇA - FE BRASIL(PT/PC do B/PV) / FEDERAÇÃO RENOVAÇÃO SOLIDÁRIA(PRD/SOLIDARIEDADE),ABEL NETO (PSB); EDJANE FIGUEIREDO (PSB),1984-04-12,FEM.,Superior completo,Advogado,PE,RECIFE,2606626.55,8,mariliaarraes,mariliaarraesoficial,arraes,mariliaarraessenado,mariliaarraes,https://mariliaarraes.com,https://divulgacandcontas.tse.jus.br/divulga/rest/arquivo/img/20322002026/170002547771/PE,2022: Governador (2º turno); 2020: Prefeito (2º turno); 2018: Deputado Federal (Eleito por QP); 2016: Vereador (Eleito por QP); 2012: Vereador (Eleito por QP); 2008: Vereador (Eleito),,"TSE DivulgaCandContas, API candidatura/buscar, 2026-09-02"
PE,pe-sen-mendonca-filho,Mendonça Filho,José Mendonça Bezerra Filho,222,PL,Senador,Aguardando julgamento,Concorrendo,,,ADRIANA FERREIRA (PL); ALCIDES CARDOSO (PL),1966-07-12,MASC.,Superior completo,Deputado,PE,RECIFE,2207323.92,7,,,,,,https://@mendonçafilho-w1i,https://divulgacandcontas.tse.jus.br/divulga/rest/arquivo/img/20322002026/170002539456/PE,2022: Deputado Federal (Eleito por QP); 2020: Prefeito (Não eleito); 2018: Senador (Não eleito); 2014: Deputado Federal (Eleito por média); 2012: Prefeito (Não eleito); 2010: Deputado Federal (Eleito); 2008: Prefeito (Não eleito); 2006: Governador (Concorrendo),,"TSE DivulgaCandContas, API candidatura/buscar, 2026-09-02"
PE,pe-sen-pastor-gilvan-costa,Pastor Gilvan Costa,Gilvan Oliveira Costa,355,DEMOCRATA,Senador,Aguardando julgamento,Concorrendo,,,LAELSON COSTA (DEMOCRATA); PASTORA SIMEA CARVALHO (DEMOCRATA),1962-01-24,MASC.,Ensino Médio completo,Outros,PE,BARREIROS,0.0,0,,,,,,https://-prgilvan,https://divulgacandcontas.tse.jus.br/divulga/rest/arquivo/img/20322002026/170002540420/PE,2022: Deputado Estadual (Suplente); 2018: Deputado Federal (Suplente); 2014: Deputado Federal (Suplente); 2006: Deputado Federal (Concorrendo); 2004: Vereador (Suplente),,"TSE DivulgaCandContas, API candidatura/buscar, 2026-09-02"
PE,pe-sen-paulo-rubem-santiago,Paulo Rubem Santiago,Paulo Rubem Santiago Ferreira,180,REDE,Senador,Deferido,Concorrendo,FRENTE PERNAMBUCO DE LUTA,PCB / FEDERAÇÃO PSOL REDE(PSOL/REDE),CRISTIANO ROMÃO (PCB); RAFAELA RAMOS (PSOL),1955-07-17,MASC.,Superior completo,Professor de Ensino Superior,RJ,RIO DE JANEIRO,319551.7,7,paulorubemsantiagoferreira,,share,,,,https://divulgacandcontas.tse.jus.br/divulga/rest/arquivo/img/20322002026/170002549655/PE,2022: Deputado Federal (Suplente); 2018: Deputado Federal (Não eleito); 2014: Vice-governador (Não eleito); 2010: Deputado Federal (Suplente); 2008: Prefeito (Não eleito); 2006: Deputado Federal (Concorrendo); 2004: Prefeito (Não eleito),,"TSE DivulgaCandContas, API candidatura/buscar, 2026-09-02"
PE,pe-sen-samuel-timoteo,Samuel Timoteo,Samuel Timoteo da Silva,800,UP,Senador,Deferido,Concorrendo,,,DRA GAU (UP); PROFESSOR BRUNO (UP),1975-09-17,MASC.,Ensino Médio completo,Trabalhador de Construção Civil,PE,RECIFE,100000.0,1,samueldaup,,,,,,https://divulgacandcontas.tse.jus.br/divulga/rest/arquivo/img/20322002026/170002537334/PE,,,"TSE DivulgaCandContas, API candidatura/buscar, 2026-09-02"
PE,pe-sen-tulio-gadelha,Túlio Gadêlha,Tulio Gadelha Sales de Melo,555,PSD,Senador,Aguardando julgamento,Concorrendo,PERNAMBUCO DE CORAÇÃO,PODE / PSD / AVANTE / FEDERAÇÃO PSDB CIDADANIA(PSDB/CIDADANIA) / FEDERAÇÃO UNIÃO PROGRESSISTA(UNIÃO/PP),DULCI AMORIM (PSD); MARCELO PANKARARU (AVANTE),1987-11-12,MASC.,Superior completo,Deputado,PE,RECIFE,1312352.16,5,tulio.gadelha,tulio.gadelha,tuliogadelhaoficial,,,https://tulio555.com,https://divulgacandcontas.tse.jus.br/divulga/rest/arquivo/img/20322002026/170002552097/PE,2022: Deputado Federal (Eleito por QP); 2018: Deputado Federal (Eleito por média); 2014: Deputado Federal (Suplente); 2012: Vereador (Suplente),,"TSE DivulgaCandContas, API candidatura/buscar, 2026-09-02"
PI,pi-sen-alexandre-mariano,Alexandre Mariano,Alexandre Mariano Lustosa,700,AVANTE,Senador,Aguardando julgamento,Concorrendo,,,GUILHERME ROCHA (AVANTE); J C DO DIRCEU (AVANTE),1964-10-17,MASC.,Superior incompleto,Servidor Público Municipal,PI,TERESINA,288000.0,2,alexandremariano67_,,,,,,https://divulgacandcontas.tse.jus.br/divulga/rest/arquivo/img/20322002026/180002552962/PI,2020: Vereador (Não eleito); 2016: Vereador (Não eleito); 2012: Vereador (Suplente); 2008: Vereador (Suplente),,"TSE DivulgaCandContas, API candidatura/buscar, 2026-09-02"
PI,pi-sen-antonio-barros,Antônio Barros,Antonio de Barros Araujo Filho,300,NOVO,Senador,Aguardando julgamento,Concorrendo,A FORÇA DA FÉ,NOVO / AVANTE,MARÍLIA MENDES (NOVO); BETIM (NOVO),1971-04-28,MASC.,Superior completo,Médico,PI,PICOS,1896000.0,8,antoniobarrosaf,,antoniobarros,,,https://-,https://divulgacandcontas.tse.jus.br/divulga/rest/arquivo/img/20322002026/180002549933/PI,,,"TSE DivulgaCandContas, API candidatura/buscar, 2026-09-02"
PI,pi-sen-antonio-jose-lira,Antônio José Lira,Antônio José de Freitas Lira,700,AVANTE,Senador,Aguardando julgamento,Concorrendo,A FORÇA DA FÉ,NOVO / AVANTE,PAULO LIMEIRA (AVANTE); MICHEL SALDANHA (AVANTE); ANA CÂMPELO (AVANTE),1960-09-21,MASC.,Superior incompleto,Aposentado (Exceto Servidor Público),PI,TERESINA,0.0,0,antoniojoselirapi,,share,,,,https://divulgacandcontas.tse.jus.br/divulga/rest/arquivo/img/20322002026/180002549936/PI,2024: Vereador (Suplente); 2022: Deputado Federal (Não eleito); 2020: Vereador (Suplente); 2018: Senador (Não eleito); 2016: Vereador (Não eleito); 2014: Deputado Estadual (Suplente); 2012: Vereador (Eleito por QP); 2008: Vereador (Suplente); 2004: Vereador (Suplente),,"TSE DivulgaCandContas, API candidatura/buscar, 2026-09-02"
PI,pi-sen-ciro-nogueira,Ciro Nogueira,Ciro Nogueira Lima Filho,111,PP,Senador,Aguardando julgamento,Concorrendo,JUNTOS PELO PIAUÍ,PODE / PL / FEDERAÇÃO UNIÃO PROGRESSISTA(UNIÃO/PP),RAIMUNDO NETO (PP); PASTOR RICARDO BRAZ (PP),1968-11-21,MASC.,Superior completo,Empresário,PI,TERESINA,34610258.62,25,piauicomciro,cironogueiraoficial,share,cironogueirasenador,ciro_nogueira,https://music.apple.com/br/artist/ciro-nogueira/6796064638,https://divulgacandcontas.tse.jus.br/divulga/rest/arquivo/img/20322002026/180002540446/PI,2018: Senador (Eleito); 2010: Senador (Eleito); 2006: Deputado Federal (Concorrendo),,"TSE DivulgaCandContas, API candidatura/buscar, 2026-09-02"
PI,pi-sen-cloves-jose,Cloves José,Cloves José dos Santos,291,PCO,Senador,Aguardando julgamento,Concorrendo,,,GEORGIA KARYNNE (PCO); GRAZIELLE ALVES (PCO),1967-01-25,MASC.,Superior completo,Servidor Público Estadual,MA,IGARAPÉ GRANDE,0.0,0,,,,,,https://candidatos.pco.org.br,https://divulgacandcontas.tse.jus.br/divulga/rest/arquivo/img/20322002026/180002553753/PI,2022: Vice-governador (Não eleito); 2022: Deputado Federal (Concorrendo); 2018: Vice-governador (Não eleito); 2014: Vice-governador (Não eleito); 2012: Vereador (Não eleito); 2010: Vice-G (Concorrendo),,"TSE DivulgaCandContas, API candidatura/buscar, 2026-09-02"
PI,pi-sen-danniel-rocha,Danniel Rocha,Danniel Rocha do Nascimento,166,PSTU,Senador,Aguardando julgamento,Concorrendo,,,JÚNIOR SOARES (PSTU); ROSA MEIRELES (PSTU),1983-01-22,MASC.,Superior completo,Servidor Público Federal,PI,PARNAÍBA,0.0,0,pstupiaui,,,,,,https://divulgacandcontas.tse.jus.br/divulga/rest/arquivo/img/20322002026/180002537340/PI,,,"TSE DivulgaCandContas, API candidatura/buscar, 2026-09-02"
PI,pi-sen-dionisio-carvalho,Dionisio Carvalho,Dionisio Carvalho Neto,277,DC,Senador,Aguardando julgamento,Concorrendo,,,DILCON AFONSO (DC); FRANCISCO DAS CHAGAS (DC),1985-12-17,MASC.,Superior completo,Outros,PI,TERESINA,0.0,0,dionisiodopiaui,,dionisiocarvalhopiaui,,,,https://divulgacandcontas.tse.jus.br/divulga/rest/arquivo/img/20322002026/180002547863/PI,2024: Vereador (Suplente); 2022: Deputado Estadual (Não eleito); 2020: Vereador (Suplente); 2018: Deputado Federal (Não eleito); 2016: Vereador (Suplente),,"TSE DivulgaCandContas, API candidatura/buscar, 2026-09-02"
PI,pi-sen-francinaldo-leao,Francinaldo Leão,Francinaldo Silva Leão,500,PSOL,Senador,Deferido,Concorrendo,FEDERAÇÃO PSOL REDE(PSOL/REDE),,LAUDECI SILVA SOUZA (PSOL); JUCILEIDE LEÃO (PSOL),1975-07-13,MASC.,Ensino Médio completo,Agricultor,PI,PORTO,0.0,0,francinaldopsol,,,,,,https://divulgacandcontas.tse.jus.br/divulga/rest/arquivo/img/20322002026/180002550979/PI,2024: Prefeito (Não eleito); 2020: Vereador (Não eleito); 2008: Vereador (Não eleito); 2006: Deputado Federal (Concorrendo),,"TSE DivulgaCandContas, API candidatura/buscar, 2026-09-02"
PI,pi-sen-irmao-evandro-marques,Irmão Evandro Marques,Evandro Marques Cunha,278,DC,Senador,Aguardando julgamento,Concorrendo,,,AFONSO VIEIRA (DC); MIKAHIL MENDES (DC),1976-08-21,MASC.,Superior completo,Agente Administrativo,PI,TERESINA,212500.0,3,,,,,,,https://divulgacandcontas.tse.jus.br/divulga/rest/arquivo/img/20322002026/180002547860/PI,2024: Vereador (Suplente); 2020: Vereador (Suplente); 2016: Vereador (Suplente),,"TSE DivulgaCandContas, API candidatura/buscar, 2026-09-02"
PI,pi-sen-jardenya-bezerra,Jardenya Bezerra,Jardenya Eylane Bezerra Teles,355,DEMOCRATA,Senador,Aguardando julgamento,Concorrendo,,,GEOVANNI NASCIMENTO (DEMOCRATA); ANTONIO JOSÉ DOS METALÚRGICOS (DEMOCRATA),1978-03-17,FEM.,Superior completo,Outros,PI,TERESINA,334000.0,3,jardenyabezerra,,jardenya.bezerra.9,,,,https://divulgacandcontas.tse.jus.br/divulga/rest/arquivo/img/20322002026/180002548155/PI,,,"TSE DivulgaCandContas, API candidatura/buscar, 2026-09-02"
PI,pi-sen-jorge-lopes,Jorge Lopes,Francisco Jorge Lopes Sousa,456,PSDB,Senador,Aguardando julgamento,Concorrendo,FEDERAÇÃO PSDB CIDADANIA(PSDB/CIDADANIA),,DIEGO MENDES (PSDB); MILTINHO (PSDB),1961-12-21,MASC.,Superior completo,Servidor Público Federal,CE,ITAPAJÉ,918290.0,2,jorgelopespiaui,,,,,,https://divulgacandcontas.tse.jus.br/divulga/rest/arquivo/img/20322002026/180002548568/PI,2018: Deputado Federal (Suplente); 2016: Prefeito (Não eleito); 2010: Deputado Estadual (Suplente),,"TSE DivulgaCandContas, API candidatura/buscar, 2026-09-02"
PI,pi-sen-julio-cesar,Julio Cesar,Julio Cesar de Carvalho Lima,555,PSD,Senador,Deferido,Concorrendo,A FORÇA DO POVO,REPUBLICANOS / PDT / MDB / PSD / FEDERAÇÃO BRASIL DA ESPERANÇA - FE BRASIL(PT/PC do B/PV),ROSARIO BEZERRA (PT); PEDRO ROCHA (PT),1948-08-25,MASC.,Superior completo,Deputado,PI,GUADALUPE,3057528.3000000003,11,juliocesardopiaui,juliocesardopiauii,juliocesarlimadopiaui,,julio_cesar_pi,,https://divulgacandcontas.tse.jus.br/divulga/rest/arquivo/img/20322002026/180002533964/PI,2022: Deputado Federal (Eleito por QP); 2018: Deputado Federal (Eleito por QP); 2014: Deputado Federal (Eleito por QP); 2010: Deputado Federal (Eleito); 2006: Deputado Federal (Concorrendo),,"TSE DivulgaCandContas, API candidatura/buscar, 2026-09-02"
PI,pi-sen-major-paulo-roberto,Major Paulo Roberto,Paulo Roberto Bezerra de Oliveira,333,MOBILIZA,Senador,Aguardando julgamento,Concorrendo,,,CARLOS ALBERTO (MOBILIZA); DYEGO SOARES (MOBILIZA),1968-06-23,MASC.,Superior completo,Membro das Forças Armadas,PI,TERESINA,844.06,3,majorpauloroberto,,,,,,https://divulgacandcontas.tse.jus.br/divulga/rest/arquivo/img/20322002026/180002544457/PI,2024: Vereador (Suplente); 2016: Vereador (Eleito por QP); 2012: Vereador (Eleito por QP); 2008: Vereador (Eleito); 2004: Vereador (Suplente),,"TSE DivulgaCandContas, API candidatura/buscar, 2026-09-02"
PI,pi-sen-marcelo-castro,Marcelo Castro,Marcelo Costa e Castro,151,MDB,Senador,Deferido,Concorrendo,A FORÇA DO POVO,REPUBLICANOS / PDT / MDB / PSD / FEDERAÇÃO BRASIL DA ESPERANÇA - FE BRASIL(PT/PC do B/PV),DR. FELIPE SAMPAIO (MDB); DÁRIO CASTRO (MDB),1950-06-09,MASC.,Superior completo,Senador,PI,SÃO RAIMUNDO NONATO,16046199.1,68,marcelocastropi,marcelocastropi,marcelocastropiauii,playlist,marcelocastropi,https://bsky.app/profile/marcelocastropi.bsky.social,https://divulgacandcontas.tse.jus.br/divulga/rest/arquivo/img/20322002026/180002533967/PI,2018: Senador (Eleito); 2014: Deputado Federal (Eleito por QP); 2010: Deputado Federal (Eleito); 2006: Deputado Federal (Concorrendo),,"TSE DivulgaCandContas, API candidatura/buscar, 2026-09-02"
PI,pi-sen-maria-madalena-nunes,Maria Madalena Nunes,Maria Madalena Nunes,505,PSOL,Senador,Aguardando julgamento,Concorrendo,FEDERAÇÃO PSOL REDE(PSOL/REDE),,TINA RIBEIRO (PSOL); MARIA AIRES (PSOL),1962-11-15,FEM.,Superior completo,Servidor Público Federal,PI,FLORIANO,440000.0,3,madalena.psol,,mmadalenanunes,,,,https://divulgacandcontas.tse.jus.br/divulga/rest/arquivo/img/20322002026/180002550977/PI,2022: Governador (Não eleito); 2020: Vereador (Não eleito); 2018: Deputado Federal (Não eleito); 2014: Deputado Federal (Não eleito); 2010: Deputado Federal (Não eleito),,"TSE DivulgaCandContas, API candidatura/buscar, 2026-09-02"
PI,pi-sen-missionario-evandro-craveiro,Missionário Evandro Craveiro,Evandro Craveiro da Rocha,350,DEMOCRATA,Senador,Aguardando julgamento,Concorrendo,,,TIANA ROCHA (DEMOCRATA); ALEX PINTO (DEMOCRATA),1976-02-03,MASC.,Superior incompleto,Outros,PI,JOSÉ DE FREITAS,100000.0,3,miss.evandrocraveiro,,,,,,https://divulgacandcontas.tse.jus.br/divulga/rest/arquivo/img/20322002026/180002548157/PI,,,"TSE DivulgaCandContas, API candidatura/buscar, 2026-09-02"
PI,pi-sen-pastor-sena,Pastor Sena,Francisco de Sena Santos,707,AVANTE,Senador,Aguardando julgamento,Concorrendo,,,STANLEY MEIRELES (AVANTE); IVANILDO LOPES (AVANTE),1981-02-08,MASC.,Ensino Médio completo,Empresário,PI,TERESINA,0.0,0,,,,,,https://pastorsena.com.br,https://divulgacandcontas.tse.jus.br/divulga/rest/arquivo/img/20322002026/180002552964/PI,2024: Vereador (Não eleito); 2022: 1º Suplente (Concorrendo); 2020: Vereador (Suplente),,"TSE DivulgaCandContas, API candidatura/buscar, 2026-09-02"
PI,pi-sen-pedro-laurentino,Pedro Laurentino,Pedro Laurentino Reis Pereira,800,UP,Senador,Deferido,Concorrendo,,,RAIMUNDA BELIZÁRIO (UP); SAMUEL LIMA (UP),1956-09-06,MASC.,Superior incompleto,Servidor Público Federal,PI,TERESINA,293000.0,3,pedrolaurentinorp,,,,,,https://divulgacandcontas.tse.jus.br/divulga/rest/arquivo/img/20322002026/180002541938/PI,2020: Prefeito (Não eleito); 2016: Vereador (Não eleito); 2004: Vereador (Suplente),,"TSE DivulgaCandContas, API candidatura/buscar, 2026-09-02"
PI,pi-sen-tiago-junqueira,Tiago Junqueira,Tiago Maximiano Junqueira,222,PL,Senador,Deferido,Concorrendo,JUNTOS PELO PIAUÍ,PODE / PL / FEDERAÇÃO UNIÃO PROGRESSISTA(UNIÃO/PP),JHAMYA JUNQUEIRA (PL); CARLOS AUGUSTO (PL),1976-04-29,MASC.,Superior completo,Engenheiro,SP,RIBEIRÃO PRETO,18280134.26,37,,,,,,,https://divulgacandcontas.tse.jus.br/divulga/rest/arquivo/img/20322002026/180002540449/PI,,,"TSE DivulgaCandContas, API candidatura/buscar, 2026-09-02"
PI,pi-sen-toinho-dufrango,Toinho Dufrango,Antonio Almeida de Sousa,338,MOBILIZA,Senador,Aguardando julgamento,Concorrendo,,,GERSILDA TEIXEIRA (MOBILIZA); ANGÉLICA VERÍSSIMO (MOBILIZA),1962-10-16,MASC.,Superior incompleto,Comerciante,PI,TERESINA,28222.99,5,toinhodufrango,,toimdufrangooficial,,,,https://divulgacandcontas.tse.jus.br/divulga/rest/arquivo/img/20322002026/180002544459/PI,2024: Vereador (Não eleito); 2022: Deputado Federal (Não eleito); 2020: Vereador (Suplente); 2018: Deputado Estadual (Suplente); 2016: Vereador (Suplente); 2014: Deputado Federal (Suplente); 2012: Vereador (Suplente); 2010: Senador (Não eleito); 2008: Vereador (Não eleito); 2006: Senador (Concorrendo); 2004: Vereador (Não eleito),,"TSE DivulgaCandContas, API candidatura/buscar, 2026-09-02"
RJ,rj-sen-andre-monteiro,André Monteiro,Luiz Andre de Moura Monteiro,350,DEMOCRATA,Senador,Aguardando julgamento,Concorrendo,,,CMT RIBEIRO AFONSO (DEMOCRATA); ALEXANDRE CARDOSO (DEMOCRATA); MARLI MARTINS (DEMOCRATA); ALEXANDRE CARDOSO (DEMOCRATA),1971-04-14,MASC.,Superior completo,Militar Reformado,RJ,RIO DE JANEIRO,281839.19,5,andremonteirorj,andre.monteirorj,monteiro.andre.rj,andremonteirooficial,rjandremonteiro,https://andremonteirorj01@gmail.com,https://divulgacandcontas.tse.jus.br/divulga/rest/arquivo/img/20322002026/190002550192/RJ,2024: Vereador (Suplente); 2022: 1º Suplente (Não eleito); 2020: Vereador (Suplente); 2018: Governador (Não eleito); 2014: Deputado Estadual (Não eleito); 2012: Vereador (Não eleito),,"TSE DivulgaCandContas, API candidatura/buscar, 2026-09-02"
RJ,rj-sen-benedita-da-silva,Benedita da Silva,Benedita Souza da Silva Sampaio,131,PT,Senador,Aguardando julgamento,Concorrendo,JUNTOS PARA MUDAR CORAGEM PARA RECONSTRUIR,PDT / MDB / DC / FEDERAÇÃO BRASIL DA ESPERANÇA - FE BRASIL(PT/PC do B/PV) / PSB / PSD / FEDERAÇÃO PSDB CIDADANIA(PSDB/CIDADANIA) / FEDERAÇÃO RENOVAÇÃO SOLIDÁRIA(PRD/SOLIDARIEDADE),MANOEL SEVERINO (PT); KLEBER LUCAS (PT),1942-04-26,FEM.,Superior completo,Deputado,RJ,RIO DE JANEIRO,1304312.81,10,instadabene,tiktokdabene,blogdabenedita,beneditasilva,dasilvabenedita,https://beneditasenadora131.com.br,https://divulgacandcontas.tse.jus.br/divulga/rest/arquivo/img/20322002026/190002548141/RJ,2022: Deputado Federal (Eleito por QP); 2020: Prefeito (Não eleito); 2018: Deputado Federal (Eleito por QP); 2014: Deputado Federal (Eleito por média); 2010: Deputado Federal (Eleito),,"TSE DivulgaCandContas, API candidatura/buscar, 2026-09-02"
RJ,rj-sen-carlos-jordy,Carlos Jordy,Carlos Roberto Coelho de Mattos Júnior,221,PL,Senador,Aguardando julgamento,Concorrendo,,,LUCIMAR FERREIRA (PL); ZÉ AUGUSTO NALIN (PL),1982-02-08,MASC.,Superior completo,Deputado,RJ,NITERÓI,1105163.23,3,carlosjordy,carlosjordydep,carlosjordyoficial,carlosjordy,carlosjordy,https://carlosjordy.com.br/biografia,https://divulgacandcontas.tse.jus.br/divulga/rest/arquivo/img/20322002026/190002542888/RJ,2024: Prefeito (Não eleito); 2022: Deputado Federal (Eleito por QP); 2018: Deputado Federal (Eleito por QP); 2016: Vereador (Eleito por média),,"TSE DivulgaCandContas, API candidatura/buscar, 2026-09-02"
RJ,rj-sen-carlos-portinho,Carlos Portinho,Carlos Francisco Portinho,222,PL,Senador,Aguardando julgamento,Concorrendo,,,SAMUEL MALAFAIA (PL); MARCELINHO (PL),1973-07-02,MASC.,Superior completo,Senador,RJ,RIO DE JANEIRO,1401120.53,8,carlosportinho,carlosfportinho,carlosfportinho,carlosfportinho,carlosfportinho,https://carlosportinho.com.br,https://divulgacandcontas.tse.jus.br/divulga/rest/arquivo/img/20322002026/190002535142/RJ,2018: 1º Suplente (Eleito); 2016: Vereador (Suplente),,"TSE DivulgaCandContas, API candidatura/buscar, 2026-09-02"
RJ,rj-sen-helio-secco,Helio Secco,Helio Kinast Cruz Secco,144,MISSÃO,Senador,Aguardando julgamento,Concorrendo,,,MOISÉS QUEIROZ (MISSÃO); RAMON BATISTA (MISSÃO),1989-06-15,MASC.,Superior completo,Empresário,RJ,PETRÓPOLIS,385177.81,7,,,,,,https://@secco.helio,https://divulgacandcontas.tse.jus.br/divulga/rest/arquivo/img/20322002026/190002543961/RJ,2022: Vice-governador (Não eleito),,"TSE DivulgaCandContas, API candidatura/buscar, 2026-09-02"
RJ,rj-sen-luciano-mattos,Luciano Mattos,Luciano Oliveira Mattos de Souza,280,PRTB,Senador,Aguardando julgamento,Concorrendo,,,MURILO ROMERO (PRTB); RICARDO FERNANDES (PRTB),1968-12-05,MASC.,Superior completo,Advogado,RJ,NITERÓI,3941179.57,14,lucianomattos.oficial,lucianomattos.oficial,share,,lucianomattosmp,https://linktr.ee/lucianomattos.oficial?utm_source=linktree_profile_share,https://divulgacandcontas.tse.jus.br/divulga/rest/arquivo/img/20322002026/190002552083/RJ,,,"TSE DivulgaCandContas, API candidatura/buscar, 2026-09-02"
RJ,rj-sen-luiz-eugenio,Luiz Eugenio,Luiz Eugenio Honorato,290,PCO,Senador,Aguardando julgamento,Concorrendo,,,ANTÔNIO DE PAULA (PCO); GUILHERME DOS SANTOS (PCO),1961-04-29,MASC.,Ensino Fundamental completo,Aposentado (Exceto Servidor Público),RJ,VASSOURAS,0.0,0,,,,,,https://candidatos.pco.org.br,https://divulgacandcontas.tse.jus.br/divulga/rest/arquivo/img/20322002026/190002552521/RJ,2024: Vereador (Não eleito); 2022: Governador (Não eleito); 2020: Prefeito (Não eleito); 2018: Governador (Não eleito),,"TSE DivulgaCandContas, API candidatura/buscar, 2026-09-02"
RJ,rj-sen-marcelo-crivella,Marcelo Crivella,Marcelo Bezerra Crivella,100,REPUBLICANOS,Senador,Aguardando julgamento,Concorrendo,,,VAGNER ARRUDA DOS SANTOS (REPUBLICANOS); TANIA BASTOS (REPUBLICANOS); FRANCISCO EUGENIO (REPUBLICANOS),1957-10-09,MASC.,Superior completo,Engenheiro,RJ,RIO DE JANEIRO,5084.74,1,,,marcelocrivella,,,,https://divulgacandcontas.tse.jus.br/divulga/rest/arquivo/img/20322002026/190002550184/RJ,2022: Deputado Federal (Eleito por QP); 2020: Prefeito (2º turno); 2016: Prefeito (2º turno); 2014: Governador (2º turno); 2010: Senador (Eleito); 2008: Prefeito (Não eleito); 2006: Governador (Concorrendo); 2004: Prefeito (Não eleito),,"TSE DivulgaCandContas, API candidatura/buscar, 2026-09-02"
RJ,rj-sen-marcos-dias,Marcos Dias,Marcos Dias Pereira,200,PODE,Senador,Aguardando julgamento,Concorrendo,,,EVERALDO PEREIRA (PODE); ELAINE DINIZ (PODE),1971-12-03,MASC.,Superior completo,Vereador,RJ,RIO DE JANEIRO,1025250.0,5,marcosdiasoficial_,,marcosdiasoficial2026,,,https://senadormarcosdias.com.br,https://divulgacandcontas.tse.jus.br/divulga/rest/arquivo/img/20322002026/190002545553/RJ,2024: Vereador (Eleito por QP); 2022: Deputado Federal (Não eleito); 2018: Deputado Estadual (Suplente); 2008: Vereador (Suplente),,"TSE DivulgaCandContas, API candidatura/buscar, 2026-09-02"
RJ,rj-sen-michelly-xavier,Michelly Xavier,Michelly Xavier de Souza,800,UP,Senador,Aguardando julgamento,Concorrendo,,,ROBERTO VASCONCELLOS (UP); ELZA DO MLB (UP),1980-06-09,FEM.,Superior completo,Advogado,RJ,RIO DE JANEIRO,33000.0,1,michellyxerem.up,,,,,,https://divulgacandcontas.tse.jus.br/divulga/rest/arquivo/img/20322002026/190002548589/RJ,2020: Vice-prefeito (Não eleito),,"TSE DivulgaCandContas, API candidatura/buscar, 2026-09-02"
RJ,rj-sen-monica-benicio,Monica Benicio,Monica Tereza Azeredo Benicio,500,PSOL,Senador,Aguardando julgamento,Concorrendo,FEDERAÇÃO PSOL REDE(PSOL/REDE),,VANDERLEA AGUIAR (PSOL); MARIA DOS CAMELÔS (PSOL),1986-02-01,FEM.,Superior completo,Vereador,RJ,RIO DE JANEIRO,0.0,0,monicaterezabenicio,monicabenicio_,monicaterezabenicio,,monica_benicio,https://queroapoiar.com.br/carlosminc,https://divulgacandcontas.tse.jus.br/divulga/rest/arquivo/img/20322002026/190002536164/RJ,2024: Vereador (Eleito por QP); 2020: Vereador (Eleito por QP),,"TSE DivulgaCandContas, API candidatura/buscar, 2026-09-02"
RJ,rj-sen-o-clemente,Ó Clemente,Clemente Sebastião de Almeida Campos,355,DEMOCRATA,Senador,Aguardando julgamento,Concorrendo,,,ALBERTO PRÓ VIDA-BETINHO (DEMOCRATA); JORGE PAGE (DEMOCRATA),1947-10-13,MASC.,Superior completo,Servidor Público Civil Aposentado,MG,ITINGA,125969.72,7,clementesebastiaorj,clementesebastiaorj,clemente.sebastiao.de.almeida,clementecampos-lq5wv,clementecampo15,https://clementecampos67@gmail.com,https://divulgacandcontas.tse.jus.br/divulga/rest/arquivo/img/20322002026/190002550190/RJ,2006: Deputado Federal (Concorrendo); 2004: Vereador (Suplente),,"TSE DivulgaCandContas, API candidatura/buscar, 2026-09-02"
RJ,rj-sen-paula-falcao,Paula Falcão,Paula Andreia Almeida Falcao,160,PSTU,Senador,Aguardando julgamento,Concorrendo,,,FLORINDA LOMBARDI (PSTU); CARLÃO SILVEIRA (PSTU),1989-12-26,FEM.,Superior completo,Professor de Ensino Médio,GO,GOIÂNIA,38200.0,1,,,,,,https://@paulafalcao16,https://divulgacandcontas.tse.jus.br/divulga/rest/arquivo/img/20322002026/190002539827/RJ,2024: Vice-prefeito (Não eleito),,"TSE DivulgaCandContas, API candidatura/buscar, 2026-09-02"
RJ,rj-sen-pedro-paulo,Pedro Paulo,Pedro Paulo Carvalho Teixeira,555,PSD,Senador,Aguardando julgamento,Concorrendo,JUNTOS PARA MUDAR CORAGEM PARA RECONSTRUIR,PDT / MDB / DC / FEDERAÇÃO BRASIL DA ESPERANÇA - FE BRASIL(PT/PC do B/PV) / PSB / PSD / FEDERAÇÃO PSDB CIDADANIA(PSDB/CIDADANIA) / FEDERAÇÃO RENOVAÇÃO SOLIDÁRIA(PRD/SOLIDARIEDADE),MIRO TEIXEIRA (PDT); SAVIO NEVES (PSDB),1972-06-29,MASC.,Superior completo,Economista,RJ,RIO DE JANEIRO,1799844.05,19,rio.pedropaulo,pedropaulo.rio,rio.pedropaulo,,pedropaulo,https://pedropaulo.rio,https://divulgacandcontas.tse.jus.br/divulga/rest/arquivo/img/20322002026/190002548145/RJ,2022: Deputado Federal (Eleito por QP); 2018: Deputado Federal (Eleito por QP); 2016: Prefeito (Não eleito); 2014: Deputado Federal (Eleito por QP); 2010: Deputado Federal (Eleito); 2006: Deputado Estadual (Concorrendo),,"TSE DivulgaCandContas, API candidatura/buscar, 2026-09-02"
RJ,rj-sen-vinicius-benevides,Vinicius Benevides,Vinicius Benevides dos Santos Conceicao,808,UP,Senador,Aguardando julgamento,Concorrendo,,,GABRIELA GONÇALVES (UP); GEORGE THOMPSON (UP),1977-10-14,MASC.,Ensino Médio completo,Trabalhador de Construção Civil,RJ,RIO DE JANEIRO,0.0,0,viniciusbenevides.up,,,,,,https://divulgacandcontas.tse.jus.br/divulga/rest/arquivo/img/20322002026/190002548590/RJ,2024: Vice-prefeito (Não eleito); 2020: Vereador (Não eleito),,"TSE DivulgaCandContas, API candidatura/buscar, 2026-09-02"
RJ,rj-sen-waguinho,Waguinho,Wagner dos Santos Carneiro,101,REPUBLICANOS,Senador,Aguardando julgamento,Concorrendo,,,ANDRE R.R SOARES (REPUBLICANOS); DRA RENATA (REPUBLICANOS),1971-10-29,MASC.,Superior completo,Advogado,RJ,RIO DE JANEIRO,932763.3,4,waguinhocarneirooficial,,waguinhocarneirooficial,,,,https://divulgacandcontas.tse.jus.br/divulga/rest/arquivo/img/20322002026/190002550182/RJ,2020: Prefeito (Eleito); 2016: Prefeito (2º turno); 2014: Deputado Estadual (Eleito por QP); 2012: Prefeito (2º turno); 2010: Deputado Estadual (Eleito); 2008: Vereador (Eleito),,"TSE DivulgaCandContas, API candidatura/buscar, 2026-09-02"
RN,rn-sen-clovis-costa-do-coletivo-nos,Clóvis Costa do Coletivo Nós,Clovis Ferreira da Costa,369,AGIR,Senador,Aguardando julgamento,Concorrendo,,,GARI ALDAIR (AGIR); CHARLLYS PADILHA (AGIR); PRISCILA DUTRA (AGIR),1966-02-22,MASC.,Ensino Médio completo,Policial Militar,PE,RECIFE,0.0,0,,,,,,,https://divulgacandcontas.tse.jus.br/divulga/rest/arquivo/img/20322002026/200002548115/RN,2012: Vereador (Suplente); 2006: S1 S (Concorrendo); 2004: Vice-P (Concorrendo),,"TSE DivulgaCandContas, API candidatura/buscar, 2026-09-02"
RN,rn-sen-coronel-helio,Coronel Hélio,Helio Imbrosio Oliveira,222,PL,Senador,Deferido,Concorrendo,ENDIREITA RN,PODE / PL / NOVO / FEDERAÇÃO PSDB CIDADANIA(PSDB/CIDADANIA) / MOBILIZA,VALÉRIO MARINHO (PSDB); GABRIELA FAGUNDES (PL),1964-09-27,MASC.,Superior completo,Membro das Forças Armadas,RJ,RIO DE JANEIRO,880627.5,7,,,,,,,https://divulgacandcontas.tse.jus.br/divulga/rest/arquivo/img/20322002026/200002534447/RN,2020: Prefeito (Não eleito),,"TSE DivulgaCandContas, API candidatura/buscar, 2026-09-02"
RN,rn-sen-gari-wendell-batista,Gari Wendell Batista,Wendell Batista dos Santos,360,AGIR,Senador,Deferido,Concorrendo,,,JOSÉ NETO (AGIR); ERIVALDO COSTA (AGIR),1977-12-29,MASC.,Superior completo,Servidor Público Municipal,RN,MOSSORÓ,36309.0,1,wendellbatist,,,,,,https://divulgacandcontas.tse.jus.br/divulga/rest/arquivo/img/20322002026/200002549133/RN,2020: Vereador (Não eleito); 2012: Vereador (Não eleito),,"TSE DivulgaCandContas, API candidatura/buscar, 2026-09-02"
RN,rn-sen-linhares-jiboia,Linhares Jiboia,Gladyer Linhares Godeiro,277,DC,Senador,Deferido,Concorrendo,,,WILKA NÓBREGA (DC); ALLAIN AGENTE JUDICIÁRIO (DC),1977-04-25,MASC.,Superior completo,Empresário,RN,MOSSORÓ,130000.0,4,,,,,,,https://divulgacandcontas.tse.jus.br/divulga/rest/arquivo/img/20322002026/200002550225/RN,2024: Vereador (Suplente); 2014: Deputado Estadual (Suplente); 2012: Vice-prefeito (Não eleito),,"TSE DivulgaCandContas, API candidatura/buscar, 2026-09-02"
RN,rn-sen-luciana-mandu,Luciana Mandu,Luciana Lima da Silva,161,PSTU,Senador,Deferido,Concorrendo,,,KELLY JANE (PSTU); MÁRCIO ROBERTO (PSTU),1969-12-14,FEM.,Superior completo,Professor de Ensino Fundamental,RN,NATAL,410000.0,2,pstu_rn,,share,,,,https://divulgacandcontas.tse.jus.br/divulga/rest/arquivo/img/20322002026/200002542484/RN,2024: Vereador (Não eleito); 2022: Deputado Estadual (Não eleito); 2020: Vereador (Não eleito); 2018: Deputado Estadual (Não eleito); 2016: Vice-prefeito (Não eleito); 2014: Deputado Federal (Não eleito); 2012: Vereador (Suplente),,"TSE DivulgaCandContas, API candidatura/buscar, 2026-09-02"
RN,rn-sen-professor-guilherme,Professor Guilherme,Guilherme Oliveira Mosca,800,UP,Senador,Deferido,Concorrendo,,,ELEIDE DOS SANTOS (UP); LUCICLEIDE FERREIRA (UP),1987-10-20,MASC.,Superior completo,Professor de Ensino Médio,RN,NATAL,15404.0,1,,,,,,,https://divulgacandcontas.tse.jus.br/divulga/rest/arquivo/img/20322002026/200002550541/RN,,,"TSE DivulgaCandContas, API candidatura/buscar, 2026-09-02"
RN,rn-sen-rafael-motta,Rafael Motta,Rafael Huete da Motta,123,PDT,Senador,Deferido,Concorrendo,TIME QUE CUIDA,PDT / PSB / FEDERAÇÃO BRASIL DA ESPERANÇA - FE BRASIL(PT/PC do B/PV),JEAN PAUL PRATES (PDT); JOÃO BATISTA (PV),1986-08-15,MASC.,Superior completo,Engenheiro,RN,NATAL,1781561.08,15,rafaelmottarn,rafaelmottarn,share,rafaelmottarn,rafaelmottarn,https://motta-campeao-site.lovable.app,https://divulgacandcontas.tse.jus.br/divulga/rest/arquivo/img/20322002026/200002533843/RN,2024: Prefeito (Não eleito); 2022: Senador (Não eleito); 2018: Deputado Federal (Eleito por QP); 2014: Deputado Federal (Eleito por QP); 2012: Vereador (Eleito por QP),,"TSE DivulgaCandContas, API candidatura/buscar, 2026-09-02"
RN,rn-sen-rosalia-fernandes,Rosália Fernandes,Rosalia Maria Fernandes,166,PSTU,Senador,Deferido,Concorrendo,,,NAZARENO GODEIRO (PSTU); JOSIMAR HENRIQUE (PSTU),1967-08-16,FEM.,Superior completo,Assistente Social,RN,MARCELINO VIEIRA,665000.0,3,pstu_rn,,share,,,,https://divulgacandcontas.tse.jus.br/divulga/rest/arquivo/img/20322002026/200002542483/RN,2022: Governador (Não eleito); 2020: Prefeito (Não eleito); 2016: Prefeito (Não eleito),,"TSE DivulgaCandContas, API candidatura/buscar, 2026-09-02"
RN,rn-sen-samanda-de-lula,Samanda de Lula,Samanda Alves de Freitas,131,PT,Senador,Deferido,Concorrendo,TIME QUE CUIDA,PDT / PSB / FEDERAÇÃO BRASIL DA ESPERANÇA - FE BRASIL(PT/PC do B/PV),PLUVIA OLIVEIRA (PT); OSWALDO NEGRAO (PCDOB),1980-09-20,FEM.,Superior completo,Vereador,RN,MOSSORÓ,476720.98,6,samanda,,samandaalves,samandaalves,,https://samanda131.com.br,https://divulgacandcontas.tse.jus.br/divulga/rest/arquivo/img/20322002026/200002533841/RN,2024: Vereador (Eleito por média); 2022: Deputado Federal (Suplente),,"TSE DivulgaCandContas, API candidatura/buscar, 2026-09-02"
RN,rn-sen-sandro-pimentel,Sandro Pimentel,Sandro de Oliveira Pimentel,500,PSOL,Senador,Aguardando julgamento,Concorrendo,FEDERAÇÃO PSOL REDE(PSOL/REDE),,DANNIEL MORAIS (PSOL); WESLEY (PSOL),1966-05-28,MASC.,Superior completo,Servidor Público Federal,RN,CEARÁ-MIRIM,590558.29,8,sandropimentelpsol,,share,sandropimentel4016,,,https://divulgacandcontas.tse.jus.br/divulga/rest/arquivo/img/20322002026/200002546792/RN,2018: Deputado Estadual (Não eleito); 2016: Vereador (Eleito por QP); 2014: Deputado Estadual (Não eleito); 2012: Vereador (Eleito por QP); 2010: Governador (Não eleito); 2008: Prefeito (Não eleito); 2006: Governador (Concorrendo),,"TSE DivulgaCandContas, API candidatura/buscar, 2026-09-02"
RN,rn-sen-sonia-godeiro,Sonia Godeiro,Sonia Maria Godeiro,501,PSOL,Senador,Aguardando julgamento,Concorrendo,FEDERAÇÃO PSOL REDE(PSOL/REDE),,MODESTO NETO (PSOL); SANTINO ARRUDA (PSOL),1954-09-07,FEM.,Superior completo,Médico,RN,PATU,193000.0,2,soniagodeiro,,share,,,,https://divulgacandcontas.tse.jus.br/divulga/rest/arquivo/img/20322002026/200002546795/RN,2024: Vereador (Suplente); 2016: Vereador (Suplente); 2014: Deputado Estadual (Não eleito); 2010: Deputado Estadual (Não eleito); 2004: Vereador (Concorrendo),,"TSE DivulgaCandContas, API candidatura/buscar, 2026-09-02"
RN,rn-sen-styvenson-valentim,Styvenson Valentim,Eann Styvenson Valentim Mendes,200,PODE,Senador,Deferido,Concorrendo,ENDIREITA RN,PODE / PL / NOVO / FEDERAÇÃO PSDB CIDADANIA(PSDB/CIDADANIA) / MOBILIZA,KELLY VALENTIM (PODE); MILENA GALVÃO (PSDB),1977-02-07,MASC.,Superior completo,Senador,AC,RIO BRANCO,2754814.75,8,capitaostyvensonsenador,senadorstyvensonvalentim,share,,,,https://divulgacandcontas.tse.jus.br/divulga/rest/arquivo/img/20322002026/200002534448/RN,2022: Governador (Não eleito); 2018: Senador (Eleito),,"TSE DivulgaCandContas, API candidatura/buscar, 2026-09-02"
RN,rn-sen-tercio-tinoco,Tércio Tinôco,Tercio Barreto Ramos Tinoco,444,UNIÃO,Senador,Deferido,Concorrendo,ESPERANÇA E TRABALHO,REPUBLICANOS / MDB / PSD / FEDERAÇÃO RENOVAÇÃO SOLIDÁRIA(PRD/SOLIDARIEDADE) / FEDERAÇÃO UNIÃO PROGRESSISTA(UNIÃO/PP) / AVANTE,MARCOS SOLANO (UNIÃO); DADAIA RIBEIRO (PP),1987-06-17,MASC.,Superior completo,Vereador,RN,NATAL,515066.11,17,terciotinoco,,terciotinoco,terciotinoco,terciotinoco,,https://divulgacandcontas.tse.jus.br/divulga/rest/arquivo/img/20322002026/200002535511/RN,2024: Vereador (Eleito por QP); 2022: Deputado Estadual (Suplente); 2020: Vereador (Eleito por média),,"TSE DivulgaCandContas, API candidatura/buscar, 2026-09-02"
RN,rn-sen-zenaide-maia,Zenaide Maia,Zenaide Maia Calado Pereira dos Santos,555,PSD,Senador,Deferido,Concorrendo,ESPERANÇA E TRABALHO,REPUBLICANOS / MDB / PSD / FEDERAÇÃO RENOVAÇÃO SOLIDÁRIA(PRD/SOLIDARIEDADE) / FEDERAÇÃO UNIÃO PROGRESSISTA(UNIÃO/PP) / AVANTE,NETINHO LINS (REPUBLICANOS); ODETE LOPES (UNIÃO),1954-11-27,FEM.,Superior completo,Senador,PB,BREJO DO CRUZ,1494980.52,9,drazenaide,drazenaide,zenaidemaiarn,zenaidern,zenaidern,https://timezenaide.com,https://divulgacandcontas.tse.jus.br/divulga/rest/arquivo/img/20322002026/200002535507/RN,2018: Senador (Eleito); 2014: Deputado Federal (Eleito por QP),,"TSE DivulgaCandContas, API candidatura/buscar, 2026-09-02"
RS,rs-sen-daniela-mulheres-socialistas,Daniela Mulheres Socialistas,Daniela Maidana da Silva,160,PSTU,Senador,Aguardando julgamento,Concorrendo,,,AITANA (PSTU); MARCELA AZEVEDO (PSTU),1977-07-14,FEM.,Superior completo,Advogado,RS,PORTO ALEGRE,0.0,0,,,,,,https://@coletiva_senadors,https://divulgacandcontas.tse.jus.br/divulga/rest/arquivo/img/20322002026/210002544698/RS,,,"TSE DivulgaCandContas, API candidatura/buscar, 2026-09-02"
RS,rs-sen-frederico-antunes,Frederico Antunes,Frederico Cantori Antunes,555,PSD,Senador,Aguardando julgamento,Concorrendo,NOSSO RIO GRANDE NÃO PARA,MDB / PSD / FEDERAÇÃO RENOVAÇÃO SOLIDÁRIA(PRD/SOLIDARIEDADE),PAULA IORIS (PSD); ANNA BEATRIZ (PSD),1968-10-25,MASC.,Superior completo,Engenheiro,RS,PORTO ALEGRE,1772870.67,8,depfredericoantunes,fredericoantunes555,deputadofredericoantunes,fredericoantunes-w6c,fredantunes_rs,https://fredericoantunes.com.br,https://divulgacandcontas.tse.jus.br/divulga/rest/arquivo/img/20322002026/210002543865/RS,2022: Deputado Estadual (Eleito por QP); 2018: Deputado Estadual (Eleito por média); 2014: Deputado Estadual (Eleito por QP); 2010: Deputado Estadual (Eleito); 2006: Deputado Estadual (Concorrendo),,"TSE DivulgaCandContas, API candidatura/buscar, 2026-09-02"
RS,rs-sen-luciano-do-mlb,Luciano do MLB,Luciano Schafer,800,UP,Senador,Aguardando julgamento,Concorrendo,,,ENIO ALVES (UP); NANDA DO JAV (UP),1980-05-09,MASC.,Superior incompleto,Auxiliar de Escritório e Assemelhados,RS,PORTO ALEGRE,3300.0,1,lucianodomlb.up,,,,,,https://divulgacandcontas.tse.jus.br/divulga/rest/arquivo/img/20322002026/210002533435/RS,2024: Prefeito (Não eleito); 2020: Vereador (Não eleito),,"TSE DivulgaCandContas, API candidatura/buscar, 2026-09-02"
RS,rs-sen-manuela-d-avila,Manuela D'ávila,Manuela Pinto Vieira D'ávila,500,PSOL,Senador,Aguardando julgamento,Concorrendo,COLIGAÇÃO COM O POVO,PDT / PSB / AVANTE / FEDERAÇÃO BRASIL DA ESPERANÇA - FE BRASIL(PT/PC do B/PV) / FEDERAÇÃO PSOL REDE(PSOL/REDE),HENRIQUE FONTANA (PT); LUCAS CAREGNATO (PT),1981-08-18,FEM.,Superior completo,Jornalista e Redator,RS,PORTO ALEGRE,1376384.43,9,manunosenado,manueladavila_,,manuelad%c3%81vila-d7e,manueladavila,https://manuelanosenado.com.br,https://divulgacandcontas.tse.jus.br/divulga/rest/arquivo/img/20322002026/210002533581/RS,2020: Prefeito (2º turno); 2018: Vice-presidente (Não eleito); 2014: Deputado Estadual (Eleito por QP); 2012: Prefeito (Não eleito); 2010: Deputado Federal (Eleito); 2008: Prefeito (Não eleito); 2006: Deputado Federal (Concorrendo); 2004: Vereador (Concorrendo),,"TSE DivulgaCandContas, API candidatura/buscar, 2026-09-02"
RS,rs-sen-marcel-van-hattem,Marcel Van Hattem,Marcel Van Hattem,300,NOVO,Senador,Aguardando julgamento,Concorrendo,O RIO GRANDE PODE MAIS,REPUBLICANOS / PODE / DC / NOVO / PL / FEDERAÇÃO UNIÃO PROGRESSISTA(UNIÃO/PP),SÉRGIO TURRA (PP); RICARDO JOBIM (NOVO),1985-11-08,MASC.,Superior completo,Cientista Político,RS,SÃO LEOPOLDO,1319313.0,13,marcelvanhattem,marcelvanhattembr,marcelvh,marcelvanhattemoficial,marcelvanhattem,https://marcelvanhattem.com.br,https://divulgacandcontas.tse.jus.br/divulga/rest/arquivo/img/20322002026/210002547819/RS,2022: Deputado Federal (Eleito por QP); 2018: Deputado Federal (Eleito por QP); 2014: Deputado Estadual (Suplente); 2010: Deputado Estadual (Suplente); 2006: Deputado Estadual (Concorrendo); 2004: Vereador (Concorrendo),,"TSE DivulgaCandContas, API candidatura/buscar, 2026-09-02"
RS,rs-sen-milton-cardoso,Milton Cardoso,Milton Batista Cardoso,455,PSDB,Senador,Aguardando julgamento,Concorrendo,FEDERAÇÃO PSDB CIDADANIA(PSDB/CIDADANIA),,JOSILENE MARTINS (PSDB); DULCE MARIA (PSDB),1957-06-15,MASC.,Superior completo,Jornalista e Redator,RS,SÃO LEOPOLDO,36200.0,1,,,,,,https://miltoncardoso.oficial,https://divulgacandcontas.tse.jus.br/divulga/rest/arquivo/img/20322002026/210002538467/RS,,,"TSE DivulgaCandContas, API candidatura/buscar, 2026-09-02"
RS,rs-sen-pimenta,Pimenta,Paulo Roberto Severo Pimenta,131,PT,Senador,Aguardando julgamento,Concorrendo,COLIGAÇÃO COM O POVO,PDT / PSB / AVANTE / FEDERAÇÃO BRASIL DA ESPERANÇA - FE BRASIL(PT/PC do B/PV) / FEDERAÇÃO PSOL REDE(PSOL/REDE),VIEIRA DA CUNHA (PDT); TAMYRES FILGUEIRA (PT),1965-03-19,MASC.,Superior completo,Deputado,RS,SANTA MARIA,1871110.97,9,pimenta13br,pimenta13br,pimenta13br01,canaldaresistencia13,pimenta13br,https://links.pimenta13br.com.br,https://divulgacandcontas.tse.jus.br/divulga/rest/arquivo/img/20322002026/210002533584/RS,2022: Deputado Federal (Eleito por QP); 2018: Deputado Federal (Eleito por QP); 2014: Deputado Federal (Eleito por QP); 2010: Deputado Federal (Eleito); 2008: Prefeito (Não eleito); 2006: Deputado Federal (Concorrendo),,"TSE DivulgaCandContas, API candidatura/buscar, 2026-09-02"
RS,rs-sen-regis-ethur,Regis Ethur,Regis Batista Ethur,161,PSTU,Senador,Aguardando julgamento,Concorrendo,,,DENIOR MACHADO (PSTU); ADELAR CANSI (PSTU),1966-08-16,MASC.,Superior completo,Professor de Ensino Médio,RS,PORTO ALEGRE,306626.7,6,,,,,,https://@regisethur,https://divulgacandcontas.tse.jus.br/divulga/rest/arquivo/img/20322002026/210002544699/RS,2024: Vice-prefeito (Não eleito); 2022: 2º Suplente (Não eleito),,"TSE DivulgaCandContas, API candidatura/buscar, 2026-09-02"
RS,rs-sen-renato-jaguarao,Renato Jaguarão,Paulo Renato Jaguarão Silva da Rosa,234,CIDADANIA,Senador,Aguardando julgamento,Concorrendo,FEDERAÇÃO PSDB CIDADANIA(PSDB/CIDADANIA),,PAULO COITINHO (CIDADANIA); CLEITON NIESCIUR (CIDADANIA),1969-07-05,MASC.,Superior completo,Administrador,RS,JAGUARÃO,0.0,0,renatojaguarao,renato_jaguarao,share,@,,https://@renatojaguaraooficial,https://divulgacandcontas.tse.jus.br/divulga/rest/arquivo/img/20322002026/210002538465/RS,2018: Deputado Federal (Não eleito); 2016: Prefeito (Não eleito); 2012: Prefeito (Não eleito); 2010: Deputado Estadual (Suplente); 2008: Prefeito (Não eleito),,"TSE DivulgaCandContas, API candidatura/buscar, 2026-09-02"
RS,rs-sen-ric-jones,Ric Jones,Ricardo Herbert Jones,290,PCO,Senador,Aguardando julgamento,Concorrendo,,,DOMINGOS ALESSANDRETTI (PCO); ABRÃO RAFAEL SPRITZER (PCO),1959-11-18,MASC.,Superior completo,Médico,RS,PORTO ALEGRE,651621.71,10,,,,,,https://candidatos.pco.org.br/c/nome-de-urna-2026,https://divulgacandcontas.tse.jus.br/divulga/rest/arquivo/img/20322002026/210002552599/RS,,,"TSE DivulgaCandContas, API candidatura/buscar, 2026-09-02"
RS,rs-sen-rigotto,Rigotto,Germano Antonio Rigotto,151,MDB,Senador,Aguardando julgamento,Concorrendo,NOSSO RIO GRANDE NÃO PARA,MDB / PSD / FEDERAÇÃO RENOVAÇÃO SOLIDÁRIA(PRD/SOLIDARIEDADE),CAIROLI (MDB); ANTONIO HOHLFELDT (MDB),1949-09-24,MASC.,Superior completo,Empresário,RS,CAXIAS DO SUL,4840775.85,19,germanorigotto,,germano.rigotto,,rigotto,https://rigottosenador151.com.br,https://divulgacandcontas.tse.jus.br/divulga/rest/arquivo/img/20322002026/210002543863/RS,2018: Vice-presidente (Não eleito); 2010: Senador (Não eleito); 2006: Governador (Concorrendo),,"TSE DivulgaCandContas, API candidatura/buscar, 2026-09-02"
RS,rs-sen-sanderson,Sanderson,Ubiratan Antunes Sanderson,222,PL,Senador,Aguardando julgamento,Concorrendo,O RIO GRANDE PODE MAIS,REPUBLICANOS / PODE / DC / NOVO / PL / FEDERAÇÃO UNIÃO PROGRESSISTA(UNIÃO/PP),IRENEU ORTH (PP); ERNANI MELLO (PL),1969-12-01,MASC.,Superior completo,Servidor Público Civil Aposentado,RS,ERECHIM,145000.0,1,sandersonrs,sanderson.rs,deputadosanderson,deputadosanderson,depsanderson,https://sandersonsenador.com.br,https://divulgacandcontas.tse.jus.br/divulga/rest/arquivo/img/20322002026/210002547816/RS,2022: Deputado Federal (Eleito por QP); 2018: Deputado Federal (Eleito por QP),,"TSE DivulgaCandContas, API candidatura/buscar, 2026-09-02"
RS,rs-sen-tania-peres,Tania Peres,Tania Mara Santoro Peres,808,UP,Senador,Aguardando julgamento,Concorrendo,,,CLAUDIANE LOPES (UP); DÉBORA BERNARDES (UP),1965-09-12,FEM.,Superior completo,Servidor Público Federal,RJ,RIO DE JANEIRO,129917.48,1,taninha_peres,,,,,,https://divulgacandcontas.tse.jus.br/divulga/rest/arquivo/img/20322002026/210002533434/RS,,,"TSE DivulgaCandContas, API candidatura/buscar, 2026-09-02"
RO,ro-sen-acir-gurgacz,Acir Gurgacz,Acir Marcos Gurgacz,123,PDT,Senador,Deferido,Concorrendo,EXPERIÊNCIA FÉ E AUTORIDADE,PDT / MDB,PAULO ANDRADE (MDB); PROFESSOR MÁRIO JORGE (PDT),1962-02-25,MASC.,Superior incompleto,Empresário,PR,CASCAVEL,14979953.33,44,acir_gurgacz,,acirgurgacz,acirgurgaczoficial,acirgurgacz,https://acir.com.br,https://divulgacandcontas.tse.jus.br/divulga/rest/arquivo/img/20322002026/220002541490/RO,2022: Senador (Não eleito); 2018: Governador (Não eleito); 2014: Senador (Eleito); 2006: Senador (Concorrendo),,"TSE DivulgaCandContas, API candidatura/buscar, 2026-09-02"
RO,ro-sen-aires-mota,Aires Mota,Aires Mota de Almeida,432,PV,Senador,Deferido,Concorrendo,FEDERAÇÃO BRASIL DA ESPERANÇA - FE BRASIL(PT/PC do B/PV),,TOCO DO STICCERO (PT); LAZARO DA SAÚDE (PV),1974-03-22,MASC.,Superior incompleto,Outros,RO,PORTO VELHO,60000.0,1,airesmota,,,,,https://wa.me/69992054343,https://divulgacandcontas.tse.jus.br/divulga/rest/arquivo/img/20322002026/220002551946/RO,2024: Vereador (Não eleito); 2016: Vereador (Suplente); 2010: S1 S (Concorrendo),,"TSE DivulgaCandContas, API candidatura/buscar, 2026-09-02"
RO,ro-sen-bruno-bolsonaro-scheid,Bruno Bolsonaro Scheid,Bruno Scheid,222,PL,Senador,Aguardando julgamento,Concorrendo,JUNTOS POR RONDONIA,PODE / PL / DC / NOVO / MOBILIZA,GUILHERME TEODORO (PL); DILCEU FERNANDES (PL),1983-04-13,MASC.,Superior incompleto,Administrador,PA,PARAGOMINAS,1125641.24,2,storiesbrunoscheid,brunoscheid222,,,brunoscheid222,https://wa.me/5569993781428,https://divulgacandcontas.tse.jus.br/divulga/rest/arquivo/img/20322002026/220002539995/RO,,,"TSE DivulgaCandContas, API candidatura/buscar, 2026-09-02"
RO,ro-sen-dr-fernando-maximo,Dr. Fernando Máximo,Fernando Rodrigues Máximo,221,PL,Senador,Aguardando julgamento,Concorrendo,JUNTOS POR RONDONIA,PODE / PL / DC / NOVO / MOBILIZA,SANDRA MORAES (PODE); CAICO (PL),1979-10-04,MASC.,Superior completo,Médico,GO,CERES,2900071.44,22,drfernandomaximo007,drfernandomaximo,drfernandomaximo007,dr.fernandom%c3%a1ximo,fernandomaximox,https://fernandomaximosenador.com.br,https://divulgacandcontas.tse.jus.br/divulga/rest/arquivo/img/20322002026/220002539996/RO,2022: Deputado Federal (Eleito por QP),,"TSE DivulgaCandContas, API candidatura/buscar, 2026-09-02"
RO,ro-sen-engenheiro-thulio,Engenheiro Thulio,Thulio Santiago Castro,144,MISSÃO,Senador,Deferido,Concorrendo,,,CLEIDSON MOURA DA SILVA (MISSÃO); MIGUEL CONSTANCE MARTINS (MISSÃO),1983-10-30,MASC.,Superior completo,Empresário,RO,JI-PARANÁ,40000.0,2,engenheirothulio.ro,engenheirothulio.ro,,engenheirothulio,castrothulio,https://@engenheirothulio.ro,https://divulgacandcontas.tse.jus.br/divulga/rest/arquivo/img/20322002026/220002541944/RO,,,"TSE DivulgaCandContas, API candidatura/buscar, 2026-09-02"
RO,ro-sen-luciana-oliveira,Luciana Oliveira,Luciana de Oliveira e Silva,133,PT,Senador,Deferido,Concorrendo,FEDERAÇÃO BRASIL DA ESPERANÇA - FE BRASIL(PT/PC do B/PV),,TONINHO MASIOLI (PT); DR. PAULO NUNES (PT),1972-11-29,FEM.,Superior completo,Jornalista e Redator,RO,PORTO VELHO,80000.0,1,lucianaoliveiradepvh,lucianadepvh,share,,,https://wa.me//69999816691,https://divulgacandcontas.tse.jus.br/divulga/rest/arquivo/img/20322002026/220002551948/RO,2020: Vereador (Não eleito); 2018: Deputado Estadual (Suplente),,"TSE DivulgaCandContas, API candidatura/buscar, 2026-09-02"
RO,ro-sen-luis-fernando,Luis Fernando,Luis Fernando Pereira da Silva,555,PSD,Senador,Deferido,Concorrendo,GENTE QUE GOSTA DE GENTE,PSD / AVANTE / FEDERAÇÃO RENOVAÇÃO SOLIDÁRIA(PRD/SOLIDARIEDADE),ANDERSON BRITO (PSD); JONATAS SALES (PSD),1968-01-13,MASC.,Superior completo,Administrador,RJ,RIO DE JANEIRO,2483577.36,9,luis.fernando.ro,luis.fernando.ro0,,luisfernando_00,,,https://divulgacandcontas.tse.jus.br/divulga/rest/arquivo/img/20322002026/220002539771/RO,,,"TSE DivulgaCandContas, API candidatura/buscar, 2026-09-02"
RO,ro-sen-mariana-carvalho,Mariana Carvalho,Mariana Fonseca Ribeiro Carvalho de Moraes,100,REPUBLICANOS,Senador,Aguardando julgamento,Concorrendo,RONDONIA COM A FORÇA DO TRABALHO E DA UNIÃO,REPUBLICANOS / FEDERAÇÃO UNIÃO PROGRESSISTA(UNIÃO/PP),FRANCISCO RAPOSO JR (PP); RICARDO LIRA MAIA (REPUBLICANOS); PASTOR MARCELO RODRIGUES (REPUBLICANOS),1986-11-26,FEM.,Superior completo,Médico,SP,SÃO PAULO,3663447.56,6,monicameloro,marianacarvalho.ro,share,marianacarvalhoro,maricarvalhoro,https://x:,https://divulgacandcontas.tse.jus.br/divulga/rest/arquivo/img/20322002026/220002547310/RO,2024: Prefeito (Não eleito); 2022: Senador (Não eleito); 2018: Deputado Federal (Eleito por média); 2014: Deputado Federal (Eleito por QP); 2012: Prefeito (Não eleito); 2008: Vereador (Média),,"TSE DivulgaCandContas, API candidatura/buscar, 2026-09-02"
RO,ro-sen-neidinha,Neidinha,Ivaneide Bandeira Cardozo,400,PSB,Senador,Aguardando julgamento,Concorrendo,,,JULIO OLIVAR (PSB); BERENICE (PSB),1959-06-17,FEM.,Superior completo,Historiador,AC,PLÁCIDO DE CASTRO,571000.0,3,neidinha_surui_,,neidinha.surui,neidinhasurui6207,neidinhasurui,https://wa.me/5569999848907,https://divulgacandcontas.tse.jus.br/divulga/rest/arquivo/img/20322002026/220002550928/RO,2024: Vereador (Não eleito); 2018: 2º Suplente (Não eleito),,"TSE DivulgaCandContas, API candidatura/buscar, 2026-09-02"
RO,ro-sen-silvia-cristina,Sílvia Cristina,Silvia Cristina Amancio Chagas,111,PP,Senador,Deferido,Concorrendo,RONDONIA COM A FORÇA DO TRABALHO E DA UNIÃO,REPUBLICANOS / FEDERAÇÃO UNIÃO PROGRESSISTA(UNIÃO/PP),MARCELO LUCAS (PP); RODRIGO MARINHO (PP),1974-01-15,FEM.,Superior completo,Jornalista e Redator,ES,LINHARES,1372191.69,10,silviacristina.ro,silviacristina.roo,share,silviacristinaro,,https://@silviacristina.ro,https://divulgacandcontas.tse.jus.br/divulga/rest/arquivo/img/20322002026/220002547309/RO,2022: Deputado Federal (Eleito por QP); 2018: Deputado Federal (Eleito por QP); 2016: Vereador (Eleito por QP); 2014: Deputado Estadual (Suplente); 2012: Vereador (Eleito por QP),,"TSE DivulgaCandContas, API candidatura/buscar, 2026-09-02"
RR,rr-sen-barto-macuxi,Bartô Macuxi,Bartolomeu da Silva Tomaz,500,PSOL,Senador,Deferido,Concorrendo,FEDERAÇÃO PSOL REDE(PSOL/REDE),,LINCOLN FREIRE (PSOL); ELIETE QUADROS (PSOL),1969-02-23,MASC.,Ensino Médio completo,Desenhista,RR,BOA VISTA,0.0,0,barto_macuxi,,,,,,https://divulgacandcontas.tse.jus.br/divulga/rest/arquivo/img/20322002026/230002549361/RR,2024: Vereador (Não eleito); 2022: Senador (Não eleito); 2022: Vice-governador (Não eleito); 2022: Vice-governador (Não eleito); 2018: 1º Suplente (Não eleito); 2006: Senador (Concorrendo),,"TSE DivulgaCandContas, API candidatura/buscar, 2026-09-02"
RR,rr-sen-chico-rodrigues,Chico Rodrigues,Francisco de Assis Rodrigues,400,PSB,Senador,Deferido,Concorrendo,RORAIMA MAIS FORTE,PSB / FEDERAÇÃO PSDB CIDADANIA(PSDB/CIDADANIA),PEDRO ARTHUR RODRIGUES (PSB); CORONEL CARLA (PSB),1951-04-23,MASC.,Superior completo,Senador,PE,RECIFE,4554226.65,33,chicorodriguesrr,,share,,,https://site:,https://divulgacandcontas.tse.jus.br/divulga/rest/arquivo/img/20322002026/230002550794/RR,2018: Senador (Eleito); 2016: Vereador (Concorrendo); 2014: Governador (2º turno); 2010: Vice-G (Concorrendo); 2006: Deputado Federal (Concorrendo),,"TSE DivulgaCandContas, API candidatura/buscar, 2026-09-02"
RR,rr-sen-helena-da-asatur,Helena da Asatur,Maria Helena Teixeira Lima,555,PSD,Senador,Aguardando julgamento,Concorrendo,RORAIMA SEGUE EM FRENTE,REPUBLICANOS / PODE / AGIR / PSD / FEDERAÇÃO UNIÃO PROGRESSISTA(UNIÃO/PP),TÂNIA SOARES (UNIÃO); SIMONE QUEIROZ (PSD),1976-03-30,FEM.,Superior completo,Deputado,TO,ARAGUATINS,10601281.01,21,helenadaasatur,,helenadaasatur,helenadaasatur,helenadaasatur,,https://divulgacandcontas.tse.jus.br/divulga/rest/arquivo/img/20322002026/230002549845/RR,2022: Deputado Federal (Eleito por QP),,"TSE DivulgaCandContas, API candidatura/buscar, 2026-09-02"
RR,rr-sen-helio-bolsonaro,Helio Bolsonaro,Helio Fernando Barbosa Lopes,222,PL,Senador,Aguardando julgamento,Concorrendo,,,RAIMUNDO SILVA (PL); DR. ALEXANDRE SALOMÃO (PL); HUMBERTO BRANDÃO (PL); EDJANE CARDOSO (PL),1969-03-28,MASC.,Ensino Médio completo,Membro das Forças Armadas,RJ,QUEIMADOS,36000.0,2,,,,,,,https://divulgacandcontas.tse.jus.br/divulga/rest/arquivo/img/20322002026/230002534806/RR,2022: Deputado Federal (Eleito por QP); 2018: Deputado Federal (Eleito por QP); 2016: Vereador (Suplente); 2014: Deputado Federal (Não eleito); 2004: Vereador (Não eleito),,"TSE DivulgaCandContas, API candidatura/buscar, 2026-09-02"
RR,rr-sen-hilton-xavier,Hilton Xavier,Hilton Xavier de Araujo,700,AVANTE,Senador,Aguardando julgamento,Concorrendo,ENDIREITA RORAIMA,AVANTE / FEDERAÇÃO RENOVAÇÃO SOLIDÁRIA(PRD/SOLIDARIEDADE),FERNANDA MACEDO (AVANTE); CAIRON MARQUES (AVANTE),1986-08-24,MASC.,Superior completo,Agricultor,MS,CAMPO GRANDE,17826300.0,12,hiltonxavier,,share,,,,https://divulgacandcontas.tse.jus.br/divulga/rest/arquivo/img/20322002026/230002550787/RR,,,"TSE DivulgaCandContas, API candidatura/buscar, 2026-09-02"
RR,rr-sen-hiperion-de-oliveira,Hiperion de Oliveira,Hiperion de Oliveira Silva,433,PV,Senador,Aguardando julgamento,Concorrendo,FEDERAÇÃO BRASIL DA ESPERANÇA - FE BRASIL(PT/PC do B/PV),,ERISLAN FILHÃO (PV); GLEIDSON MARCELO (PCDOB); EDSON COSTA (PV),1964-10-30,MASC.,Superior completo,Engenheiro,RR,BOA VISTA,40000.0,1,hiperion_oliveira,hiperion.oliveira,,,,https://hiperion.oliveira,https://divulgacandcontas.tse.jus.br/divulga/rest/arquivo/img/20322002026/230002552727/RR,2006: Deputado Estadual (Concorrendo),,"TSE DivulgaCandContas, API candidatura/buscar, 2026-09-02"
RR,rr-sen-marcio-junqueira,Márcio Junqueira,Márcio Henrique Junqueira Pereira,456,PSDB,Senador,Aguardando julgamento,Concorrendo,RORAIMA MAIS FORTE,PSB / FEDERAÇÃO PSDB CIDADANIA(PSDB/CIDADANIA),LEÔNIDAS SILVA (CIDADANIA); EDINALDO BARREIRA (PSDB),1968-01-27,MASC.,Superior incompleto,Outros,DF,BRASÍLIA,0.0,0,marciojunqueirarr,,,,,,https://divulgacandcontas.tse.jus.br/divulga/rest/arquivo/img/20322002026/230002553636/RR,2016: Prefeito (Não eleito); 2014: Deputado Federal (Suplente); 2010: Deputado Federal (Suplente); 2008: Vice-P (Substituído); 2006: Deputado Federal (Concorrendo),,"TSE DivulgaCandContas, API candidatura/buscar, 2026-09-02"
RR,rr-sen-mario-rocha,Mario Rocha,Mario Souza da Rocha,505,PSOL,Senador,Aguardando julgamento,Concorrendo,FEDERAÇÃO PSOL REDE(PSOL/REDE),,DIOGO MONTEL (PSOL); GISELDA MACUXI (PSOL); ISAAC MONTEL (PSOL),1959-04-02,MASC.,Superior completo,Servidor Público Civil Aposentado,RR,BOA VISTA,0.0,0,mariorocharoraima,,,,,,https://divulgacandcontas.tse.jus.br/divulga/rest/arquivo/img/20322002026/230002549360/RR,2014: Deputado Federal (Suplente); 2006: Deputado Federal (Concorrendo),,"TSE DivulgaCandContas, API candidatura/buscar, 2026-09-02"
RR,rr-sen-nicoletti,Nicoletti,Antonio Carlos Nicoletti,227,PL,Senador,Deferido,Concorrendo,,,SUBTENENTE VÉLTON (PL); MICHELE GUTIERREZ (PL),1981-07-21,MASC.,Superior completo,Membro das Forças Armadas,RS,IJUÍ,2100000.0,2,deputadonicoletti,,,,,https://(fanpage),https://divulgacandcontas.tse.jus.br/divulga/rest/arquivo/img/20322002026/230002534804/RR,2024: Prefeito (Concorrendo); 2022: Deputado Federal (Eleito por QP); 2020: Prefeito (Não eleito); 2018: Deputado Federal (Eleito por média),,"TSE DivulgaCandContas, API candidatura/buscar, 2026-09-02"
RR,rr-sen-pastor-isamar,Pastor Isamar,Isamar Pessoa Ramalho,444,UNIÃO,Senador,Aguardando julgamento,Concorrendo,RORAIMA SEGUE EM FRENTE,REPUBLICANOS / PODE / AGIR / PSD / FEDERAÇÃO UNIÃO PROGRESSISTA(UNIÃO/PP),ISAMAR JÚNIOR (UNIÃO); RONALDO DAMASCENO (PP),1963-01-10,MASC.,Superior completo,Outros,RR,BOA VISTA,1132126.82,9,pastorisamar,,share,,,,https://divulgacandcontas.tse.jus.br/divulga/rest/arquivo/img/20322002026/230002553010/RR,2020: Prefeito (Não eleito); 2018: Senador (Não eleito),,"TSE DivulgaCandContas, API candidatura/buscar, 2026-09-02"
RR,rr-sen-regina-tio-ivo,Regina Tio Ivo,Regina Aparecida Silva,300,NOVO,Senador,Aguardando julgamento,Concorrendo,,,DUNGA SILVA (NOVO); ZAGO (NOVO),1969-10-05,FEM.,Ensino Médio completo,Comerciante,GO,ITAUÇU,0.0,0,,,,,,,https://divulgacandcontas.tse.jus.br/divulga/rest/arquivo/img/20322002026/230002549330/RR,2022: 2º Suplente (Não eleito),,"TSE DivulgaCandContas, API candidatura/buscar, 2026-09-02"
RR,rr-sen-rogerio-miranda,Rogério Miranda,Rogério Miranda,277,DC,Senador,Deferido,Concorrendo,,,GILMAR POPULAR (DC); ALFREDO BEZERRA (DC),1949-07-01,MASC.,Ensino Médio completo,Empresário,CE,UBAJARA,7470000.0,7,rogeriomirandarr,,rogerio.miranda.ii.2025,rogeriomirandarr1829,,,https://divulgacandcontas.tse.jus.br/divulga/rest/arquivo/img/20322002026/230002533586/RR,2022: Deputado Federal (Não eleito); 2020: Vereador (Suplente); 2018: 1º Suplente (Não eleito); 2016: Vereador (Não eleito); 2014: Deputado Federal (Suplente); 2012: Vereador (Suplente); 2010: Deputado Federal (Concorrendo); 2006: Deputado Federal (Concorrendo),,"TSE DivulgaCandContas, API candidatura/buscar, 2026-09-02"
RR,rr-sen-teresa-surita,Teresa Surita,Maria Teresa Saenz Surita Guimarães,155,MDB,Senador,Deferido,Concorrendo,RORAIMA EM PRIMEIRO LUGAR,PDT / MDB,FLÁVIO ZACHER (PDT); PROFESSORA ILMA XAUD (PDT),1956-08-14,FEM.,Superior completo,Publicitário,SP,SÃO MANUEL,8481615.57,9,teresasurita,teresasurita,teresasurita,teresa_surita,,,https://divulgacandcontas.tse.jus.br/divulga/rest/arquivo/img/20322002026/230002553006/RR,2022: Governador (Não eleito); 2016: Prefeito (Eleito); 2012: Prefeito (Eleito); 2010: Deputado Federal (Eleito); 2006: Senador (Concorrendo); 2004: Prefeito (Concorrendo),,"TSE DivulgaCandContas, API candidatura/buscar, 2026-09-02"
SC,sc-sen-afranio-boppre,Afrânio Boppré,Afranio Tadeu Boppre,500,PSOL,Senador,Deferido,Concorrendo,CORAGEM PARA MUDAR,PDT / PSB / FEDERAÇÃO BRASIL DA ESPERANÇA - FE BRASIL(PT/PC do B/PV) / FEDERAÇÃO PSOL REDE(PSOL/REDE),LUCI CHOINACKI (PT); CIDA DA SILVA (PT),1960-10-30,MASC.,Superior completo,Vereador,SC,FLORIANÓPOLIS,1516039.0,7,afranioboppre50,afranioboppre50,,,afranioboppre50,https://afranio.org.br,https://divulgacandcontas.tse.jus.br/divulga/rest/arquivo/img/20322002026/240002535770/SC,2024: Vereador (Eleito por QP); 2022: Senador (Não eleito); 2020: Vereador (Eleito por QP); 2018: Deputado Federal (Não eleito); 2016: Vereador (Eleito por QP); 2014: Governador (Não eleito); 2012: Vereador (Eleito por QP); 2008: Prefeito (Não eleito); 2006: Deputado Estadual (Concorrendo); 2004: Prefeito (Não eleito),,"TSE DivulgaCandContas, API candidatura/buscar, 2026-09-02"
SC,sc-sen-ana-lucia-da-silveira-machado,Ana Lucia da Silveira Machado,Ana Lucia da Silveira Machado,800,UP,Senador,Aguardando julgamento,Concorrendo,,,JAQUELINE ALMEIDA CAMARGO (UP); JORGE LUIZ ADÃO (UP),1955-01-21,FEM.,Superior completo,Professor de Ensino Médio,RS,QUARAÍ,344000.0,1,unidadepopularsc,,,,,,https://divulgacandcontas.tse.jus.br/divulga/rest/arquivo/img/20322002026/240002539636/SC,,,"TSE DivulgaCandContas, API candidatura/buscar, 2026-09-02"
SC,sc-sen-carlos-bolsonaro,Carlos Bolsonaro,Carlos Nantes Bolsonaro,222,PL,Senador,Deferido,Concorrendo,FÉ NO TRABALHO E PÉ NA TÁBUA,REPUBLICANOS / PODE / PL / DC / NOVO / AGIR / AVANTE / FEDERAÇÃO PSDB CIDADANIA(PSDB/CIDADANIA),RAFAEL CALEFFI (PL); BALDUINO RODRIGUES (PL),1982-12-07,MASC.,Superior completo,Outros,RJ,RESENDE,2784065.08,8,carlosbolsonaro,carlosnbolsonaro,cbolsonaro,carlosnbolsonaro,carlosbolsonaro,https://carlos.bolsonaro.tv,https://divulgacandcontas.tse.jus.br/divulga/rest/arquivo/img/20322002026/240002541935/SC,2024: Vereador (Eleito por QP); 2020: Vereador (Eleito por QP); 2016: Vereador (Eleito por QP); 2012: Vereador (Eleito por QP); 2008: Vereador (Eleito); 2004: Vereador (Eleito),,"TSE DivulgaCandContas, API candidatura/buscar, 2026-09-02"
SC,sc-sen-carol,Carol,Caroline Sant Anna,290,PCO,Senador,Aguardando julgamento,Concorrendo,,,DOMINGOS (PCO); GILBERTO SILVEIRA (PCO),1987-04-06,FEM.,Superior incompleto,Professor de Ensino Fundamental,SC,BLUMENAU,45000.0,1,,,,,,https://candidatos.pco.org.br,https://divulgacandcontas.tse.jus.br/divulga/rest/arquivo/img/20322002026/240002553005/SC,2022: Senador (Não eleito),,"TSE DivulgaCandContas, API candidatura/buscar, 2026-09-02"
SC,sc-sen-carol-de-toni,Carol de Toni,Caroline Rodrigues de Toni,221,PL,Senador,Aguardando julgamento,Concorrendo,FÉ NO TRABALHO E PÉ NA TÁBUA,REPUBLICANOS / PODE / PL / DC / NOVO / AGIR / AVANTE / FEDERAÇÃO PSDB CIDADANIA(PSDB/CIDADANIA),GERALDO WETZEL NETO (NOVO); ANDREY TOMAZI (PL),1986-09-01,FEM.,Superior completo,Deputado,SC,CHAPECÓ,1412309.5,11,carolinedetoni,caroldetonisc,carolinerdetoni,,caroldetoni,https://caroldetoni.com.br,https://divulgacandcontas.tse.jus.br/divulga/rest/arquivo/img/20322002026/240002541931/SC,2022: Deputado Federal (Eleito por QP); 2018: Deputado Federal (Eleito por QP); 2016: Vereador (Suplente),,"TSE DivulgaCandContas, API candidatura/buscar, 2026-09-02"
SC,sc-sen-decio-lima,Décio Lima,Decio Nery de Lima,133,PT,Senador,Deferido,Concorrendo,CORAGEM PARA MUDAR,PDT / PSB / FEDERAÇÃO BRASIL DA ESPERANÇA - FE BRASIL(PT/PC do B/PV) / FEDERAÇÃO PSOL REDE(PSOL/REDE),ELAINE BERGER (PDT); FERNANDA KLITZKE (PT),1960-10-01,MASC.,Superior completo,Advogado,SC,ITAJAÍ,3173518.18,12,deciolima,,deciolimaoficial,,deciolimasc,https://deciosenador.com.br,https://divulgacandcontas.tse.jus.br/divulga/rest/arquivo/img/20322002026/240002533898/SC,2022: Governador (2º turno); 2018: Governador (Não eleito); 2014: Deputado Federal (Eleito por QP); 2010: Deputado Federal (Eleito); 2008: Prefeito (Não eleito); 2006: Deputado Federal (Concorrendo),,"TSE DivulgaCandContas, API candidatura/buscar, 2026-09-02"
SC,sc-sen-esperidiao-amin,Esperidião Amin,Esperidiao Amin Helou Filho,111,PP,Senador,Aguardando julgamento,Concorrendo,SANTA CATARINA ACIMA DE TUDO,MDB / PSD / FEDERAÇÃO UNIÃO PROGRESSISTA(UNIÃO/PP),VOLNEI WEBER (MDB); ENI VOLTOLINI (PP),1947-12-21,MASC.,Superior completo,Professor de Ensino Superior,SC,FLORIANÓPOLIS,2542801.0,29,esperidiaoamin,,esperidiao.amin.1,,esperidiaoamin_,https://tocomamin.com.br,https://divulgacandcontas.tse.jus.br/divulga/rest/arquivo/img/20322002026/240002548632/SC,2022: Governador (Não eleito); 2018: Senador (Eleito); 2014: Deputado Federal (Eleito por QP); 2010: Deputado Federal (Eleito); 2008: Prefeito (2º turno); 2006: Governador (Concorrendo),,"TSE DivulgaCandContas, API candidatura/buscar, 2026-09-02"
SC,sc-sen-jeferson-rocha,Jeferson Rocha,Jeferson da Rocha,250,PRD,Senador,Aguardando julgamento,Concorrendo,FEDERAÇÃO RENOVAÇÃO SOLIDÁRIA(PRD/SOLIDARIEDADE),,CAMILA ZIMMER (SOLIDARIEDADE); JEANN LISBOA (SOLIDARIEDADE),1981-10-28,MASC.,Superior completo,Produtor Agropecuário,SC,LAGES,14043458.47,41,jefersonrocha.agro,,,,,,https://divulgacandcontas.tse.jus.br/divulga/rest/arquivo/img/20322002026/240002551377/SC,2022: Deputado Federal (Não eleito); 2018: Deputado Estadual (Suplente),,"TSE DivulgaCandContas, API candidatura/buscar, 2026-09-02"
SC,sc-sen-joaninha-de-oliveira,Joaninha de Oliveira,Joaninha de Oliveira,160,PSTU,Senador,Aguardando julgamento,Concorrendo,,,JOCEMIR (PSTU); ADRIANA (PSTU),1958-10-04,FEM.,Superior completo,Servidor Público Civil Aposentado,SC,SÃO JOAQUIM,200000.0,1,oliveirajoaninhade,,,,,,https://divulgacandcontas.tse.jus.br/divulga/rest/arquivo/img/20322002026/240002537632/SC,2012: Vereador (Não eleito); 2010: Senador (Registro negado antes da eleição); 2008: Prefeito (Não eleito); 2006: Deputado Estadual (Concorrendo); 2004: Vice-P (Concorrendo),,"TSE DivulgaCandContas, API candidatura/buscar, 2026-09-02"
SC,sc-sen-lunelli,Lunelli,Antidio Aleixo Lunelli,155,MDB,Senador,Aguardando julgamento,Concorrendo,SANTA CATARINA ACIMA DE TUDO,MDB / PSD / FEDERAÇÃO UNIÃO PROGRESSISTA(UNIÃO/PP),CLENILTON (UNIÃO); GENESIO SPILLERE (PP),1963-06-16,MASC.,Ensino Médio completo,Empresário,SC,CORUPÁ,613221297.87,7,antidiolunelli,,antidioalunelli,antidiolunelli9620,antidio_lunelli,,https://divulgacandcontas.tse.jus.br/divulga/rest/arquivo/img/20322002026/240002548630/SC,2022: Deputado Estadual (Eleito por QP); 2020: Prefeito (Eleito); 2016: Prefeito (Eleito),,"TSE DivulgaCandContas, API candidatura/buscar, 2026-09-02"
SC,sc-sen-marcos-dorval,Marcos Dorval,Marcos Dorval Schmitz,161,PSTU,Senador,Aguardando julgamento,Concorrendo,,,MARCOS BECKER (PSTU); WAGNER BETTO (PSTU),1973-10-06,MASC.,Superior completo,Servidor Público Federal,SC,ANITÁPOLIS,998386.28,8,dorvalpstu,,,,,,https://divulgacandcontas.tse.jus.br/divulga/rest/arquivo/img/20322002026/240002537630/SC,,,"TSE DivulgaCandContas, API candidatura/buscar, 2026-09-02"
SC,sc-sen-marlene-soccas,Marlene Soccas,Marlene de Souza Soccas,808,UP,Senador,Aguardando julgamento,Concorrendo,,,ADRIANA RIO (UP); PROFESSOR JACSON (UP),1934-09-25,FEM.,Superior completo,Odontólogo,SC,LAGUNA,0.0,0,marlenesoccas.up,,,,,,https://divulgacandcontas.tse.jus.br/divulga/rest/arquivo/img/20322002026/240002550218/SC,2014: Governador (Não eleito),,"TSE DivulgaCandContas, API candidatura/buscar, 2026-09-02"
SC,sc-sen-tulio-pfuetzenreiter,Túlio Pfuetzenreiter,Túlio de Amorim Pfuetzenreiter,144,MISSÃO,Senador,Aguardando julgamento,Concorrendo,,,COMANDANTE EDUPERCIO PRATTS (MISSÃO); DIEGO VIEIRA (MISSÃO),1988-09-03,MASC.,Superior completo,Empresário,SC,BLUMENAU,967200.0,5,tuliopfu,tulioteconta,tulioteconta,tulioteconta,tulioteconta,,https://divulgacandcontas.tse.jus.br/divulga/rest/arquivo/img/20322002026/240002544094/SC,2024: Vereador (Suplente),,"TSE DivulgaCandContas, API candidatura/buscar, 2026-09-02"
SP,sp-sen-andre-do-prado,André do Prado,Andre Luis do Prado,222,PL,Senador,Deferido,Concorrendo,CORAGEM PARA SEGUIR AVANÇANDO,FEDERAÇÃO UNIÃO PROGRESSISTA(UNIÃO/PP) / REPUBLICANOS / PL / MDB / DEMOCRATA / PSD / FEDERAÇÃO RENOVAÇÃO SOLIDÁRIA(PRD/SOLIDARIEDADE) / AVANTE,FERNANDO GODOY (PL); RUTE COSTA (PL),1969-06-07,MASC.,Superior completo,Deputado,SP,GUARAREMA,692610.8600000001,5,andredopradosp,andredoprado_,dep.andredoprado,,_andredoprado,,https://divulgacandcontas.tse.jus.br/divulga/rest/arquivo/img/20322002026/250002541308/SP,2022: Deputado Estadual (Eleito por QP); 2018: Deputado Estadual (Eleito por QP); 2014: Deputado Estadual (Eleito por QP); 2010: Deputado Estadual (Eleito); 2004: Prefeito (Eleito),,"TSE DivulgaCandContas, API candidatura/buscar, 2026-09-02"
SP,sp-sen-dra-eliana-ferreira,Dra Eliana Ferreira,Eliana Lucia Ferreira,161,PSTU,Senador,Deferido,Concorrendo,,,CLAUDIO DONIZETE (PSTU); VERUSKA TENÓRIO (PSTU),1968-01-29,FEM.,Superior completo,Advogado,SP,SÃO BERNARDO DO CAMPO,1902839.07,10,dra.elianaferreira.pstu,,dra.eliana.pstu,,,,https://divulgacandcontas.tse.jus.br/divulga/rest/arquivo/img/20322002026/250002541362/SP,2024: Vereador (Não eleito); 2022: 1º Suplente (Não eleito); 2020: Vereador (Não eleito); 2018: Senador (Não eleito); 2012: Vereador (Não eleito); 2010: Vice-G (Substituído); 2008: Vereador (Não eleito); 2004: Prefeito (Não eleito),,"TSE DivulgaCandContas, API candidatura/buscar, 2026-09-02"
SP,sp-sen-ednelson-cesaretti,Ednelson Cesaretti,Ednelson Cesaretti,290,PCO,Senador,Aguardando julgamento,Concorrendo,,,CARLOS AUGUSTO (PCO); ANDRÉ AMADO (PCO),1970-03-28,MASC.,Superior completo,Professor de Ensino Médio,SP,SÃO PAULO,0.0,0,,,,,,https://candidatos.pco.org.br,https://divulgacandcontas.tse.jus.br/divulga/rest/arquivo/img/20322002026/250002552955/SP,2006: Deputado Federal (Concorrendo); 2004: Vereador (Não eleito),,"TSE DivulgaCandContas, API candidatura/buscar, 2026-09-02"
SP,sp-sen-geraldo-rufino,Geraldo Rufino,Geraldo Aristides Rufino,200,PODE,Senador,Deferido,Concorrendo,,,LUCIANA FELIX (PODE); ANA ESTIMA (PODE); JASON ALBUQUERQUE (PODE),1958-11-21,MASC.,Ensino Médio completo,Empresário,MG,CAMPOS ALTOS,5645157.05,9,,geraldoarufino,geraldorufinooficial,geraldorufino,,,https://divulgacandcontas.tse.jus.br/divulga/rest/arquivo/img/20322002026/250002544673/SP,2018: Deputado Federal (Suplente),,"TSE DivulgaCandContas, API candidatura/buscar, 2026-09-02"
SP,sp-sen-guilherme-derrite,Guilherme Derrite,Guilherme Muraro Derrite,111,PP,Senador,Deferido,Concorrendo,CORAGEM PARA SEGUIR AVANÇANDO,FEDERAÇÃO UNIÃO PROGRESSISTA(UNIÃO/PP) / REPUBLICANOS / PL / MDB / DEMOCRATA / PSD / FEDERAÇÃO RENOVAÇÃO SOLIDÁRIA(PRD/SOLIDARIEDADE) / AVANTE,VICENTE SANTINI (REPUBLICANOS); JULIO SERSON (PP),1984-10-10,MASC.,Superior completo,Deputado,SP,SOROCABA,2021196.05,17,guilhermederrite,tag,guilhermederrite,,derritesp,,https://divulgacandcontas.tse.jus.br/divulga/rest/arquivo/img/20322002026/250002541312/SP,2022: Deputado Federal (Eleito por QP); 2018: Deputado Federal (Eleito por QP),,"TSE DivulgaCandContas, API candidatura/buscar, 2026-09-02"
SP,sp-sen-guto-schiavetto,Guto Schiavetto,Ricardo Augusto Mangue Schiavetto,144,MISSÃO,Senador,Aguardando julgamento,Concorrendo,,,GUTO SCHIAVETTO (MISSÃO); GUTO SCHIAVETTO (MISSÃO); MEDON (MISSÃO); MEDON (MISSÃO); FABIO RODRIGUES (MISSÃO); FABIO RODRIGUES (MISSÃO),1982-01-23,MASC.,Superior completo,Empresário,SP,LIMEIRA,116500.0,3,gutoschiavetto,gutoschiavetto,guto.schiavetto,gutoschiavetto,guto_schiavetto,https://@gutoschiavetto,https://divulgacandcontas.tse.jus.br/divulga/rest/arquivo/img/20322002026/250002553928/SP,2024: Vereador (Suplente); 2020: Vereador (Suplente); 2016: Vereador (Não eleito),,"TSE DivulgaCandContas, API candidatura/buscar, 2026-09-02"
SP,sp-sen-maira-de-souza,Maíra de Souza,Maíra Dias de Souza,808,UP,Senador,Aguardando julgamento,Concorrendo,,,RENATO MELO (UP); PENHA DAOLIO (UP),1979-12-17,FEM.,Superior completo,Professor de Ensino Fundamental,SP,JAÚ,210000.0,1,,,,,,https://@mairadesouza.up,https://divulgacandcontas.tse.jus.br/divulga/rest/arquivo/img/20322002026/250002544516/SP,,,"TSE DivulgaCandContas, API candidatura/buscar, 2026-09-02"
SP,sp-sen-marcio-alves,Marcio Alves,Marcio Alves dos Santos,800,UP,Senador,Deferido,Concorrendo,,,MANOEL PEREIRA (UP); ALLANA MATTOS (UP),1983-11-08,MASC.,Ensino Médio completo,Eletricista e Assemelhados,BA,ILHÉUS,0.0,0,,,,,,https://@marcioalves.up,https://divulgacandcontas.tse.jus.br/divulga/rest/arquivo/img/20322002026/250002544514/SP,2022: 2º Suplente (Não eleito),,"TSE DivulgaCandContas, API candidatura/buscar, 2026-09-02"
SP,sp-sen-marina-silva,Marina Silva,Maria Osmarina Marina da Silva Vaz de Lima,180,REDE,Senador,Aguardando julgamento,Concorrendo,DESPERTA SÃO PAULO,PDT / PSB / FEDERAÇÃO BRASIL DA ESPERANÇA - FE BRASIL(PT/PC do B/PV) / FEDERAÇÃO PSOL REDE(PSOL/REDE),DJALMA NERY (PSOL); ANTONIO NETO (PDT),1958-02-08,FEM.,Superior completo,Deputado,AC,RIO BRANCO,274503.85,9,marinasilvaoficial,_marina.silva,marinasilva.oficial,msilvaonline,marinasilva,https://marinasilva.org.br,https://divulgacandcontas.tse.jus.br/divulga/rest/arquivo/img/20322002026/250002551501/SP,2022: Deputado Federal (Eleito por QP); 2018: Presidente (Não eleito); 2014: Vice-presidente (Concorrendo); 2014: Presidente (Não eleito); 2010: Presidente (Não eleito),,"TSE DivulgaCandContas, API candidatura/buscar, 2026-09-02"
SP,sp-sen-petter-maahs,Petter Maahs,Petter Maahs da Silva,211,PCB,Senador,Deferido,Concorrendo,,,OLGA SOARES (PCB); VINICIUS JARDIM (PCB),1974-11-08,MASC.,Superior completo,Servidor Público Municipal,RJ,RIO DE JANEIRO,117533.7,2,petter.maahs,,,,,,https://divulgacandcontas.tse.jus.br/divulga/rest/arquivo/img/20322002026/250002552153/SP,,,"TSE DivulgaCandContas, API candidatura/buscar, 2026-09-02"
SP,sp-sen-salles,Salles,Ricardo de Aquino Salles,300,NOVO,Senador,Deferido,Concorrendo,,,FREDERICO D'AVILA (NOVO); ALCANTARA MACHADO (NOVO); FERREIRA (NOVO),1975-06-08,MASC.,Superior completo,Advogado,SP,SÃO PAULO,9050000.0,3,ricardosallesmma,,@ricardosallesmma,,,https://ricardosalles.com.br,https://divulgacandcontas.tse.jus.br/divulga/rest/arquivo/img/20322002026/250002532794/SP,2022: Deputado Federal (Eleito por QP); 2018: Deputado Federal (Suplente); 2012: Vereador (Concorrendo); 2010: Deputado Estadual (Suplente); 2006: Deputado Federal (Concorrendo),,"TSE DivulgaCandContas, API candidatura/buscar, 2026-09-02"
SP,sp-sen-simone-tebet,Simone Tebet,Simone Nassar Tebet Rocha,400,PSB,Senador,Aguardando julgamento,Concorrendo,DESPERTA SÃO PAULO,PDT / PSB / FEDERAÇÃO BRASIL DA ESPERANÇA - FE BRASIL(PT/PC do B/PV) / FEDERAÇÃO PSOL REDE(PSOL/REDE),LAIO MORAIS (PT); MARCELO BARBIERI (PDT),1970-02-22,FEM.,Superior completo,Advogado,MS,TRÊS LAGOAS,14293526.96,27,simonetebet,simonetebet.400,simonetebet,simonetebet,simonetebetbr,https://soundcloud.com/simone-tebet-25534643,https://divulgacandcontas.tse.jus.br/divulga/rest/arquivo/img/20322002026/250002551502/SP,2022: Presidente (Não eleito); 2014: Senador (Eleito); 2010: Vice-G (Concorrendo); 2008: Prefeito (Eleito); 2004: Prefeito (Eleito),,"TSE DivulgaCandContas, API candidatura/buscar, 2026-09-02"
SP,sp-sen-soninha-francine,Soninha Francine,Sonia Francine Gaspar Marmo,232,CIDADANIA,Senador,Aguardando julgamento,Concorrendo,FEDERAÇÃO PSDB CIDADANIA(PSDB/CIDADANIA),,DR. FABIO LOPES (CIDADANIA); SHELL GOMES (CIDADANIA),1967-08-25,FEM.,Superior completo,Publicitário,SP,SÃO PAULO,420186.95,10,soninhafrancine_oficial,,soninhafrancine,,soninhafrancine,,https://divulgacandcontas.tse.jus.br/divulga/rest/arquivo/img/20322002026/250002552369/SP,2020: Vereador (Não eleito); 2016: Vereador (Eleito por QP); 2014: Deputado Federal (Suplente); 2012: Prefeito (Não eleito); 2008: Prefeito (Não eleito); 2006: Deputado Federal (Concorrendo); 2004: Vereador (Eleito),,"TSE DivulgaCandContas, API candidatura/buscar, 2026-09-02"
SP,sp-sen-weller-goncalves,Weller Gonçalves,Weller Pereira Gonçalves,160,PSTU,Senador,Deferido,Concorrendo,,,MARIA GUILHERME (PSTU); BRUNO TEIXEIRA (PSTU),1986-05-09,MASC.,Ensino Médio completo,Trabalhador Metalúrgico e Siderúrgico,SP,SÃO PAULO,19000.0,1,weller_goncalves,wellergoncalves,wellermetalurgico,canaldoweller,wellersind,https://wellergoncalves.com.br,https://divulgacandcontas.tse.jus.br/divulga/rest/arquivo/img/20322002026/250002541365/SP,2024: Vereador (Não eleito); 2022: Deputado Federal (Não eleito),,"TSE DivulgaCandContas, API candidatura/buscar, 2026-09-02"
SP,sp-sen-william-teixeira,William Teixeira,William Teixeira de Oliveira,360,AGIR,Senador,Aguardando julgamento,Concorrendo,,,TONINHO SERAPIÃO TUBARÃO (AGIR); JOSÉ VAZ (AGIR),1985-05-19,MASC.,Superior completo,Relações-Públicas,SP,SÃO PAULO,0.0,0,,,,,,,https://divulgacandcontas.tse.jus.br/divulga/rest/arquivo/img/20322002026/250002553252/SP,2012: Vereador (Não eleito); 2010: Deputado Estadual (Registro negado antes da eleição),,"TSE DivulgaCandContas, API candidatura/buscar, 2026-09-02"
SE,se-sen-andre-moura,André Moura,Andre Luis Dantas Ferreira,444,UNIÃO,Senador,Deferido,Concorrendo,SERGIPE CRESCE COM VOCÊ,PSB / PSD / FEDERAÇÃO BRASIL DA ESPERANÇA - FE BRASIL(PT/PC do B/PV) / FEDERAÇÃO UNIÃO PROGRESSISTA(UNIÃO/PP),RICARDO VASCONCELOS (PSD); SELMA FRANÇA (PSD),1972-02-23,MASC.,Superior completo,Administrador,BA,SALVADOR,2346578.65,7,andremourase,andremourase,,andremourase,andremourase,https://andremourase,https://divulgacandcontas.tse.jus.br/divulga/rest/arquivo/img/20322002026/260002547290/SE,2022: Deputado Federal (Concorrendo); 2018: Senador (Não eleito); 2014: Deputado Federal (Eleito por QP); 2010: Deputado Federal (Eleito),,"TSE DivulgaCandContas, API candidatura/buscar, 2026-09-02"
SE,se-sen-coronel-rocha,Coronel Rocha,Henrique Alves da Rocha,221,PL,Senador,Deferido,Concorrendo,FÉ E CORAGEM PRA MUDAR,PODE / PL / NOVO,JOSÉ OLÍVIO (PL); SGT. KRISVANIA (PL),1967-04-05,MASC.,Superior completo,Militar Reformado,RJ,SÃO GONÇALO,371500.0,4,,,,,,https://@coronelrochase,https://divulgacandcontas.tse.jus.br/divulga/rest/arquivo/img/20322002026/260002551366/SE,2020: Prefeito (Não eleito); 2018: Deputado Federal (Não eleito),,"TSE DivulgaCandContas, API candidatura/buscar, 2026-09-02"
SE,se-sen-delegado-alessandro,Delegado Alessandro,Alessandro Vieira,155,MDB,Senador,Deferido,Concorrendo,,,ADRIANA CARVALHO (MDB); JOÃOZINHO DE SOLINHA (MDB),1975-04-03,MASC.,Superior completo,Senador,RS,PASSO FUNDO,900000.0,1,alessandrovieirase,alessandrovieirase,alessandrovieirase,alessandrovieirase,_alessandrose,,https://divulgacandcontas.tse.jus.br/divulga/rest/arquivo/img/20322002026/260002533084/SE,2022: Governador (Não eleito); 2018: Senador (Eleito),,"TSE DivulgaCandContas, API candidatura/buscar, 2026-09-02"
SE,se-sen-delegado-andre-david,Delegado André David,André David Caldas Rosa Rodrigues,101,REPUBLICANOS,Senador,Deferido,Concorrendo,MUDA SERGIPE COM A FORÇA DO POVO,REPUBLICANOS / AVANTE,REBEKA MAIA (REPUBLICANOS); TENENTE-CORONEL IRIS (REPUBLICANOS),1973-09-29,MASC.,Superior completo,Servidor Público Estadual,BA,SALVADOR,0.0,0,,,share,,,,https://divulgacandcontas.tse.jus.br/divulga/rest/arquivo/img/20322002026/260002549130/SE,2022: Deputado Federal (Suplente),,"TSE DivulgaCandContas, API candidatura/buscar, 2026-09-02"
SE,se-sen-eduardo-amorim,Eduardo Amorim,Eduardo Alves do Amorim,100,REPUBLICANOS,Senador,Deferido,Concorrendo,MUDA SERGIPE COM A FORÇA DO POVO,REPUBLICANOS / AVANTE,ADAILTON SOUSA (REPUBLICANOS); DANILO DE JOALDO (REPUBLICANOS),1963-05-17,MASC.,Superior completo,Médico,SE,ITABAIANA,1842149.58,8,eduardoamorimse,eduardoamorimse,eduardoamorimse,eduardoamorimsergipe,,https://eduardoamorimsergipe.com.br,https://divulgacandcontas.tse.jus.br/divulga/rest/arquivo/img/20322002026/260002549127/SE,2022: Senador (Não eleito); 2018: Governador (Não eleito); 2014: Governador (Não eleito); 2010: Senador (Eleito); 2006: Deputado Federal (Concorrendo),,"TSE DivulgaCandContas, API candidatura/buscar, 2026-09-02"
SE,se-sen-edvaldo,Edvaldo,Edvaldo Nogueira Filho,123,PDT,Senador,Deferido,Concorrendo,,,JOAQUIM FERREIRA (PDT); CRIS TEIXEIRA (PDT),1961-01-25,MASC.,Superior incompleto,Outros,AL,PÃO DE AÇÚCAR,2816084.89,11,,,,,,,https://divulgacandcontas.tse.jus.br/divulga/rest/arquivo/img/20322002026/260002551550/SE,2020: Prefeito (Eleito); 2016: Prefeito (Eleito); 2014: Deputado Federal (Suplente); 2008: Prefeito (Eleito); 2004: Vice-P (Concorrendo),,"TSE DivulgaCandContas, API candidatura/buscar, 2026-09-02"
SE,se-sen-iran-barbosa,Iran Barbosa,Jose Iran Barbosa Filho,500,PSOL,Senador,Aguardando julgamento,Concorrendo,FEDERAÇÃO PSOL REDE(PSOL/REDE),,MAGAL DA PASTORAL (PSOL); NÚZIA COSTA (PSOL),1966-06-21,MASC.,Superior completo,Professor de Ensino Superior,SE,ARACAJU,1531513.84,7,iranbarbosaoficial,iranbarbosa.oficial,iranbarbosaoficial,canaliranbarbosa,iran_barbosa,https://iranbarbosa.com.br,https://divulgacandcontas.tse.jus.br/divulga/rest/arquivo/img/20322002026/260002545677/SE,2024: Vereador (Eleito por QP); 2022: Deputado Estadual (Suplente); 2018: Deputado Estadual (Eleito por QP); 2016: Vereador (Eleito por QP); 2014: Deputado Federal (Suplente); 2012: Vereador (Eleito por QP); 2010: Deputado Federal (Suplente); 2006: Deputado Federal (Concorrendo); 2004: Vereador (Eleito),,"TSE DivulgaCandContas, API candidatura/buscar, 2026-09-02"
SE,se-sen-paulinho-da-uniao-tur,Paulinho da União Tur,Paulo Vieira dos Anjos,270,DC,Senador,Aguardando julgamento,Concorrendo,,,GEIVISSON (DC); MARIO SONHADOR (DC); MARCIO VIEIRA DO MOEMA MEIRE (DC),1960-01-14,MASC.,Ensino Médio incompleto,Empresário,AL,PENEDO,560000.0,3,,,,,,,https://divulgacandcontas.tse.jus.br/divulga/rest/arquivo/img/20322002026/260002543589/SE,2014: Deputado Federal (Concorrendo); 2012: Vereador (Suplente); 2010: Senador (Não eleito),,"TSE DivulgaCandContas, API candidatura/buscar, 2026-09-02"
SE,se-sen-renatinha,Renatinha,Renata Oliveira Silva,277,DC,Senador,Aguardando julgamento,Concorrendo,,,NEIDE ALVES (DC); SELMA BISPO (DC),1991-04-27,FEM.,Ensino Médio completo,"Estudante, Bolsista, Estagiário e Assemelhados",SE,ARACAJU,104000.0,2,,,,,,https://@renataeituviu,https://divulgacandcontas.tse.jus.br/divulga/rest/arquivo/img/20322002026/260002543591/SE,,,"TSE DivulgaCandContas, API candidatura/buscar, 2026-09-02"
SE,se-sen-rodrigo-valadares,Rodrigo Valadares,Rodrigo Santana Valadares,222,PL,Senador,Deferido,Concorrendo,FÉ E CORAGEM PRA MUDAR,PODE / PL / NOVO,GLÓRIA SENA (PODE); MARINA CASTRO (PODE),1989-08-06,MASC.,Superior completo,Advogado,SE,ARACAJU,498331.12,8,rodrigovaladares_,deputadorodrigo,deputadorodrigo.se,deputadorodrigovaladares1954,rodrivaladares,,https://divulgacandcontas.tse.jus.br/divulga/rest/arquivo/img/20322002026/260002551362/SE,2022: Deputado Federal (Eleito por média); 2020: Prefeito (Não eleito); 2018: Deputado Estadual (Eleito por QP),,"TSE DivulgaCandContas, API candidatura/buscar, 2026-09-02"
SE,se-sen-rogerio-carvalho,Rogerio Carvalho,Rogerio Carvalho Santos,131,PT,Senador,Deferido,Concorrendo,SERGIPE CRESCE COM VOCÊ,PSB / PSD / FEDERAÇÃO BRASIL DA ESPERANÇA - FE BRASIL(PT/PC do B/PV) / FEDERAÇÃO UNIÃO PROGRESSISTA(UNIÃO/PP),BRUNO COSTA (PT); FABIANO OLIVEIRA (PSD),1968-08-02,MASC.,Superior completo,Senador,SE,ARACAJU,885460.0,5,,,,,,https://@rogerioresenha,https://divulgacandcontas.tse.jus.br/divulga/rest/arquivo/img/20322002026/260002547285/SE,2022: Governador (2º turno); 2018: Senador (Eleito); 2014: Senador (Não eleito); 2010: Deputado Federal (Eleito); 2006: Deputado Estadual (Concorrendo),,"TSE DivulgaCandContas, API candidatura/buscar, 2026-09-02"
TO,to-sen-alexandre-guimaraes,Alexandre Guimarães,José Alexandre Domingues Guimarães,153,MDB,Senador,Aguardando julgamento,Concorrendo,PRA CIMA TOCANTINS,MDB / FEDERAÇÃO PSDB CIDADANIA(PSDB/CIDADANIA),IGOR DANIN (MDB); THIAGO SIMAS (MDB),1986-02-19,MASC.,Superior completo,Deputado,TO,ARAGUAÍNA,2676113.84,14,alexandreguimaraes15,depalexandreguimaraes15,,,,,https://divulgacandcontas.tse.jus.br/divulga/rest/arquivo/img/20322002026/270002548344/TO,2022: Deputado Federal (Eleito por média); 2016: Vice-prefeito (Eleito); 2014: Deputado Estadual (Suplente),,"TSE DivulgaCandContas, API candidatura/buscar, 2026-09-02"
TO,to-sen-apostolo-flavio-braga,Apóstolo Flavio Braga,Flavio Alves Braga,277,DC,Senador,Aguardando julgamento,Concorrendo,,,ADEVAR JÚNIOR (DC); NERIVALDO ARAÚJO (DC),1981-06-01,MASC.,Superior completo,Advogado,MG,BELO HORIZONTE,0.0,0,,,,,,,https://divulgacandcontas.tse.jus.br/divulga/rest/arquivo/img/20322002026/270002552968/TO,2010: Deputado Estadual (Suplente),,"TSE DivulgaCandContas, API candidatura/buscar, 2026-09-02"
TO,to-sen-coronel-nilton-santos,Coronel Nilton Santos,Nilton Rodrigues dos Santos,303,NOVO,Senador,Aguardando julgamento,Concorrendo,,,SHEYLA GONÇALVES (NOVO); EGLISON ABADE DOS SANTOS (NOVO),1976-04-06,MASC.,Superior completo,Bombeiro Militar,GO,GOIANÉSIA,2000000.0,1,,,,,,,https://divulgacandcontas.tse.jus.br/divulga/rest/arquivo/img/20322002026/270002550610/TO,,,"TSE DivulgaCandContas, API candidatura/buscar, 2026-09-02"
TO,to-sen-eduardo-gomes,Eduardo Gomes,Carlos Eduardo Torres Gomes,222,PL,Senador,Aguardando julgamento,Concorrendo,,,PASTORE (PL); LUSINETE BISPO (PL),1966-04-28,MASC.,Ensino Médio completo,Senador,SE,ESTÂNCIA,800000.0,1,eduardogomestocantins,eduardogomestocantins,senadoreduardogomes,eduardogomessenador,eduardogomesto,https://on.soundcloud.com/vizpc4swtugjegtqbx,https://divulgacandcontas.tse.jus.br/divulga/rest/arquivo/img/20322002026/270002546333/TO,2018: Senador (Eleito); 2018: 1º Suplente (Concorrendo); 2014: Senador (Não eleito); 2010: Deputado Federal (Eleito); 2006: Deputado Federal (Concorrendo),,"TSE DivulgaCandContas, API candidatura/buscar, 2026-09-02"
TO,to-sen-eli-borges,Eli Borges,Eli Dias Borges,100,REPUBLICANOS,Senador,Aguardando julgamento,Concorrendo,,,SUELISMAR CAETANO (REPUBLICANOS); ELSON RIBEIRO (REPUBLICANOS),1960-09-01,MASC.,Ensino Médio completo,Deputado,GO,IPAMERI,2964077.13,7,dep.eliborges,,deputadoeliborges,,,,https://divulgacandcontas.tse.jus.br/divulga/rest/arquivo/img/20322002026/270002548409/TO,2022: Deputado Federal (Eleito por média); 2020: Prefeito (Não eleito); 2018: Deputado Federal (Eleito por QP); 2014: Deputado Estadual (Eleito por QP); 2010: Deputado Estadual (Eleito); 2006: Deputado Estadual (Concorrendo),,"TSE DivulgaCandContas, API candidatura/buscar, 2026-09-02"
TO,to-sen-fabio-ribeiro,Fábio Ribeiro,Fabio Paulino Ribeiro,180,REDE,Senador,Aguardando julgamento,Concorrendo,FEDERAÇÃO PSOL REDE(PSOL/REDE),,GIANE DA ARCA RAINHA ANIMAIS (REDE); DEUSIVETE DOS SANTOS (REDE); ADALBERTO (REDE),1977-07-17,MASC.,Superior completo,Empresário,PR,PALOTINA,1120000.0,2,fabioribeiroto,,share,,,,https://divulgacandcontas.tse.jus.br/divulga/rest/arquivo/img/20322002026/270002539141/TO,2014: Deputado Estadual (Concorrendo); 2012: Prefeito (Não eleito),,"TSE DivulgaCandContas, API candidatura/buscar, 2026-09-02"
TO,to-sen-gaguim,Gaguim,Carlos Henrique Amorim,444,UNIÃO,Senador,Deferido,Concorrendo,FEDERAÇÃO UNIÃO PROGRESSISTA(UNIÃO/PP),,MUNIZ (UNIÃO); ALUISIO GREGÓRIO (UNIÃO),1961-04-21,MASC.,Superior completo,Deputado,GO,CERES,12314110.0,17,carlosgaguim,carlos.gaguim,,carlosgaguim7958,carlos_gaguim,https://carlosgaguim.com.br,https://divulgacandcontas.tse.jus.br/divulga/rest/arquivo/img/20322002026/270002548231/TO,2022: Deputado Federal (Eleito por QP); 2018: Deputado Federal (Eleito por QP); 2014: Deputado Federal (Eleito por média); 2010: Governador (Não eleito); 2006: Deputado Estadual (Concorrendo),,"TSE DivulgaCandContas, API candidatura/buscar, 2026-09-02"
TO,to-sen-helio-rodrigues-bolsonaro,Helio Rodrigues Bolsonaro,Helio Rodrigues Carvalho,351,DEMOCRATA,Senador,Aguardando julgamento,Concorrendo,,,TIMÓTEO JÚNIOR (DEMOCRATA); VANDA RODRIGUES (DEMOCRATA),1969-08-12,MASC.,Superior incompleto,"Vendedor Pracista, Representante, Caixeiro-Viajante e Assemelhados",TO,ANANÁS,300000.0,2,,,,,,,https://divulgacandcontas.tse.jus.br/divulga/rest/arquivo/img/20322002026/270002551270/TO,2022: Deputado Federal (Não eleito); 2016: Vereador (Suplente),,"TSE DivulgaCandContas, API candidatura/buscar, 2026-09-02"
TO,to-sen-osvany-luz,Osvany Luz,Osvani Pereira da Luz,355,DEMOCRATA,Senador,Aguardando julgamento,Concorrendo,,,ZULEICA NEGRI (DEMOCRATA); MARINALVA DUQUE (DEMOCRATA),1982-10-07,FEM.,Superior completo,Diretor de Empresas,TO,PORTO NACIONAL,296000.0,2,,,,,,,https://divulgacandcontas.tse.jus.br/divulga/rest/arquivo/img/20322002026/270002551273/TO,2024: Vereador (Suplente),,"TSE DivulgaCandContas, API candidatura/buscar, 2026-09-02"
TO,to-sen-paulo-mourao,Paulo Mourão,Paulo Sardinha Mourao,133,PT,Senador,Deferido,Concorrendo,PRA FRENTE TOCANTINS,FEDERAÇÃO BRASIL DA ESPERANÇA - FE BRASIL(PT/PC do B/PV) / PDT / PSB / PSD,SAVIO BARBALHO (PT); MARI CARNEIRO (PCDOB),1956-03-09,MASC.,Superior completo,Empresário,TO,CRISTALÂNDIA,5378355.63,15,paulomouraoto,paulomouraoto,paulomouraoto,,paulomouraoto,,https://divulgacandcontas.tse.jus.br/divulga/rest/arquivo/img/20322002026/270002544629/TO,2022: Governador (Não eleito); 2018: Senador (Não eleito); 2014: Deputado Estadual (Eleito por QP); 2012: Prefeito (Não eleito); 2010: Senador (Não eleito); 2004: Prefeito (Eleito),,"TSE DivulgaCandContas, API candidatura/buscar, 2026-09-02"
TO,to-sen-professor-osvaldo,Professor Osvaldo,Osvaldo Soares Neto,500,PSOL,Senador,Aguardando julgamento,Concorrendo,FEDERAÇÃO PSOL REDE(PSOL/REDE),,DAYANA VIEIRA (PSOL); ARENALDO GOMES (PSOL),1959-11-08,MASC.,Superior completo,Servidor Público Estadual,PE,INAJÁ,511600.0,4,,,,,,https://@prof.osvaldo50,https://divulgacandcontas.tse.jus.br/divulga/rest/arquivo/img/20322002026/270002539142/TO,2012: Vereador (Suplente),,"TSE DivulgaCandContas, API candidatura/buscar, 2026-09-02"
TO,to-sen-ronaldo-dimas,Ronaldo Dimas,Ronaldo Dimas Nogueira Pereira,202,PODE,Senador,Deferido,Concorrendo,,,SORÓ (PODE); ANTONIA GONÇALVES (PODE),1961-04-27,MASC.,Superior completo,Engenheiro,MG,FRUTAL,4061700.0,8,,,ronaldodimastocantins,,ronaldodimasto,,https://divulgacandcontas.tse.jus.br/divulga/rest/arquivo/img/20322002026/270002546038/TO,2022: Governador (Não eleito); 2016: Prefeito (Eleito); 2012: Prefeito (Eleito); 2010: Deputado Federal (Suplente); 2008: Prefeito (Não eleito); 2006: Vice-G (Concorrendo),,"TSE DivulgaCandContas, API candidatura/buscar, 2026-09-02"
TO,to-sen-vanderlei-luxemburgo,Vanderlei Luxemburgo,Vanderlei Luxemburgo da Silva,200,PODE,Senador,Deferido,Concorrendo,,,JAIR JUNIOR (PODE); DANIEL WALISON (PODE),1952-05-10,MASC.,Superior completo,Professor e Instrutor de Formação Profissional,RJ,RIO DE JANEIRO,3777502.0100000002,18,luxaoficial,,vanderleiluxemburgooficial,,,,https://divulgacandcontas.tse.jus.br/divulga/rest/arquivo/img/20322002026/270002546039/TO,,,"TSE DivulgaCandContas, API candidatura/buscar, 2026-09-02"
