uf,estado,regiao,cargo,id_tse,nome_urna,nome_completo,numero,partido,coligacao,situacao_tse,totalizacao,slug,url_tse,fonte
AC,Acre,Norte,governador,10002532492,Alan Rick,Alan Rick Miranda,10,REPUBLICANOS,TRABALHO DA ESPERANÇA,Deferido,Concorrendo,ac-gov-alan-rick,https://divulgacandcontas.tse.jus.br/divulga/#/candidato/2026/20322002026/AC/10002532492,"TSE DivulgaCandContas, consulta de 2/9/2026"
AC,Acre,Norte,governador,10002533539,Dr.luisinho,Francisco das Chagas Conceicao da Silva,36,AGIR,,Deferido,Concorrendo,ac-gov-dr-luisinho,https://divulgacandcontas.tse.jus.br/divulga/#/candidato/2026/20322002026/AC/10002533539,"TSE DivulgaCandContas, consulta de 2/9/2026"
AC,Acre,Norte,governador,10002544015,Tião Bocalom,Sebastiao Bocalom Rodrigues,45,PSDB,PRODUZIR PARA EMPREGAR,Aguardando julgamento,Concorrendo,ac-gov-tiao-bocalom,https://divulgacandcontas.tse.jus.br/divulga/#/candidato/2026/20322002026/AC/10002544015,"TSE DivulgaCandContas, consulta de 2/9/2026"
AC,Acre,Norte,governador,10002544107,Mailza Assis,Mailza Assis Cameli,11,PP,AVANÇA ACRE,Deferido,Concorrendo,ac-gov-mailza-assis,https://divulgacandcontas.tse.jus.br/divulga/#/candidato/2026/20322002026/AC/10002544107,"TSE DivulgaCandContas, consulta de 2/9/2026"
AC,Acre,Norte,governador,10002549500,Eudo Raffael,Eudo Raffael Lima da Silva,21,PCB,,Deferido,Concorrendo,ac-gov-eudo-raffael,https://divulgacandcontas.tse.jus.br/divulga/#/candidato/2026/20322002026/AC/10002549500,"TSE DivulgaCandContas, consulta de 2/9/2026"
AC,Acre,Norte,governador,10002550719,Thor Dantas,Thor Oliveira Dantas,40,PSB,FRENTE AMPLA PELO ACRE,Deferido,Concorrendo,ac-gov-thor-dantas,https://divulgacandcontas.tse.jus.br/divulga/#/candidato/2026/20322002026/AC/10002550719,"TSE DivulgaCandContas, consulta de 2/9/2026"
AL,Alagoas,Nordeste,governador,20002539642,Lenilda Luna,Lenilda Luna de Almeida,80,UP,,Aguardando julgamento,Concorrendo,al-gov-lenilda-luna,https://divulgacandcontas.tse.jus.br/divulga/#/candidato/2026/20322002026/AL/20002539642,"TSE DivulgaCandContas, consulta de 2/9/2026"
AL,Alagoas,Nordeste,governador,20002552502,Márcio Jambo,Marcio Ferreira Jambo Sobrinho,35,DEMOCRATA,,Aguardando julgamento,Concorrendo,al-gov-marcio-jambo,https://divulgacandcontas.tse.jus.br/divulga/#/candidato/2026/20322002026/AL/20002552502,"TSE DivulgaCandContas, consulta de 2/9/2026"
AL,Alagoas,Nordeste,governador,20002553350,JHC,João Henrique Holanda Caldas,45,PSDB,ALAGOAS GIGANTE,Aguardando julgamento,Concorrendo,al-gov-jhc,https://divulgacandcontas.tse.jus.br/divulga/#/candidato/2026/20322002026/AL/20002553350,"TSE DivulgaCandContas, consulta de 2/9/2026"
AL,Alagoas,Nordeste,governador,20002553745,Renan Filho,José Renan Vasconcelos Calheiros Filho,15,MDB,PRA ALAGOAS FAZER HISTÓRIA DE NOVO,Aguardando julgamento,Concorrendo,al-gov-renan-filho,https://divulgacandcontas.tse.jus.br/divulga/#/candidato/2026/20322002026/AL/20002553745,"TSE DivulgaCandContas, consulta de 2/9/2026"
AM,Amazonas,Norte,governador,40002532272,Omar Aziz,Omar Jose Abdelaziz,55,PSD,FORÇA AMAZONAS,Deferido,Concorrendo,am-gov-omar-aziz,https://divulgacandcontas.tse.jus.br/divulga/#/candidato/2026/20322002026/AM/40002532272,"TSE DivulgaCandContas, consulta de 2/9/2026"
AM,Amazonas,Norte,governador,40002535267,Gilberto Vasconcelos,Gilberto Vasconcelos da Silva,16,PSTU,,Aguardando julgamento,Concorrendo,am-gov-gilberto-vasconcelos,https://divulgacandcontas.tse.jus.br/divulga/#/candidato/2026/20322002026/AM/40002535267,"TSE DivulgaCandContas, consulta de 2/9/2026"
AM,Amazonas,Norte,governador,40002536086,David Almeida,David Antônio Abisai Pereira de Almeida,70,AVANTE,PRA CIMA AMAZONAS,Aguardando julgamento,Concorrendo,am-gov-david-almeida,https://divulgacandcontas.tse.jus.br/divulga/#/candidato/2026/20322002026/AM/40002536086,"TSE DivulgaCandContas, consulta de 2/9/2026"
AM,Amazonas,Norte,governador,40002541626,Professora Maria do Carmo,Maria do Carmo Seffair Lins de Albuquerque,22,PL,MUDAR É URGENTE,Deferido,Concorrendo,am-gov-professora-maria-do-carmo,https://divulgacandcontas.tse.jus.br/divulga/#/candidato/2026/20322002026/AM/40002541626,"TSE DivulgaCandContas, consulta de 2/9/2026"
AM,Amazonas,Norte,governador,40002541741,Roberto Cidade,Roberto Maia Cidade Filho,44,UNIÃO,UNIÃO PELO AMAZONAS,Aguardando julgamento,Concorrendo,am-gov-roberto-cidade,https://divulgacandcontas.tse.jus.br/divulga/#/candidato/2026/20322002026/AM/40002541741,"TSE DivulgaCandContas, consulta de 2/9/2026"
AM,Amazonas,Norte,governador,40002550776,Isael Munduruku,Isael Franklin Gonçalves,18,REDE,FEDERAÇÃO PSOL REDE(PSOL/REDE),Aguardando julgamento,Concorrendo,am-gov-isael-munduruku,https://divulgacandcontas.tse.jus.br/divulga/#/candidato/2026/20322002026/AM/40002550776,"TSE DivulgaCandContas, consulta de 2/9/2026"
AM,Amazonas,Norte,governador,40002551740,Cabo Daciolo,Benevenuto Daciolo Fonseca dos Santos,33,MOBILIZA,,Aguardando julgamento,Concorrendo,am-gov-cabo-daciolo,https://divulgacandcontas.tse.jus.br/divulga/#/candidato/2026/20322002026/AM/40002551740,"TSE DivulgaCandContas, consulta de 2/9/2026"
AP,Amapá,Norte,governador,30002530014,Dr. Furlan,Antonio Paulo de Oliveira Furlan,55,PSD,TRABALHAR PARA TRANSFORMAR O AMAPÁ,Deferido com recurso,Concorrendo,ap-gov-dr-furlan,https://divulgacandcontas.tse.jus.br/divulga/#/candidato/2026/20322002026/AP/30002530014,"TSE DivulgaCandContas, consulta de 2/9/2026"
AP,Amapá,Norte,governador,30002536311,Clécio,Clécio Luís Vilhena Vieira,44,UNIÃO,JUNTOS POR TODO O AMAPÁ,Aguardando julgamento,Concorrendo,ap-gov-clecio,https://divulgacandcontas.tse.jus.br/divulga/#/candidato/2026/20322002026/AP/30002536311,"TSE DivulgaCandContas, consulta de 2/9/2026"
AP,Amapá,Norte,governador,30002536313,Carlos Cley,Carlos Cley Ramos Paiva,16,PSTU,,Deferido,Concorrendo,ap-gov-carlos-cley,https://divulgacandcontas.tse.jus.br/divulga/#/candidato/2026/20322002026/AP/30002536313,"TSE DivulgaCandContas, consulta de 2/9/2026"
AP,Amapá,Norte,governador,30002551388,Jairo Palheta,Jairo Palheta da Silva Marques,29,PCO,,Aguardando julgamento,Concorrendo,ap-gov-jairo-palheta,https://divulgacandcontas.tse.jus.br/divulga/#/candidato/2026/20322002026/AP/30002551388,"TSE DivulgaCandContas, consulta de 2/9/2026"
AP,Amapá,Norte,governador,30002552017,Delegado Marcos,Marcos Jose Reategui de Souza,27,DC,,Deferido,Concorrendo,ap-gov-delegado-marcos,https://divulgacandcontas.tse.jus.br/divulga/#/candidato/2026/20322002026/AP/30002552017,"TSE DivulgaCandContas, consulta de 2/9/2026"
BA,Bahia,Nordeste,governador,50002532269,Ronaldo Mansur,Ronaldo Mansur Santos Silva,50,PSOL,FEDERAÇÃO PSOL REDE(PSOL/REDE),Deferido,Concorrendo,ba-gov-ronaldo-mansur,https://divulgacandcontas.tse.jus.br/divulga/#/candidato/2026/20322002026/BA/50002532269,"TSE DivulgaCandContas, consulta de 2/9/2026"
BA,Bahia,Nordeste,governador,50002533190,ACM Neto,Antonio Carlos Peixoto de Magalhães Neto,44,UNIÃO,UNIDOS PARA MUDAR A BAHIA,Deferido,Concorrendo,ba-gov-acm-neto,https://divulgacandcontas.tse.jus.br/divulga/#/candidato/2026/20322002026/BA/50002533190,"TSE DivulgaCandContas, consulta de 2/9/2026"
BA,Bahia,Nordeste,governador,50002535253,Ariel Capistrano,Ariel da Silva Capistrano,27,DC,,Deferido com recurso,Concorrendo,ba-gov-ariel-capistrano,https://divulgacandcontas.tse.jus.br/divulga/#/candidato/2026/20322002026/BA/50002535253,"TSE DivulgaCandContas, consulta de 2/9/2026"
BA,Bahia,Nordeste,governador,50002536314,Jerônimo Rodrigues,Jeronimo Rodrigues Souza,13,PT,"MAIS BAHIA, MAIS BRASIL",Deferido,Concorrendo,ba-gov-jeronimo-rodrigues,https://divulgacandcontas.tse.jus.br/divulga/#/candidato/2026/20322002026/BA/50002536314,"TSE DivulgaCandContas, consulta de 2/9/2026"
BA,Bahia,Nordeste,governador,50002536579,Estêvão,Jose Estevao dos Santos Barbosa,27,DC,,Indeferido em prazo recursal ou com recurso,Concorrendo,ba-gov-estevao,https://divulgacandcontas.tse.jus.br/divulga/#/candidato/2026/20322002026/BA/50002536579,"TSE DivulgaCandContas, consulta de 2/9/2026"
BA,Bahia,Nordeste,governador,50002544692,Aroldo Felix,Aroldo Felix de Azevedo Junior,80,UP,,Deferido,Concorrendo,ba-gov-aroldo-felix,https://divulgacandcontas.tse.jus.br/divulga/#/candidato/2026/20322002026/BA/50002544692,"TSE DivulgaCandContas, consulta de 2/9/2026"
BA,Bahia,Nordeste,governador,50002552489,Maria Bona,Maria Bona Carrara de Sumbuy,29,PCO,,Aguardando julgamento,Concorrendo,ba-gov-maria-bona,https://divulgacandcontas.tse.jus.br/divulga/#/candidato/2026/20322002026/BA/50002552489,"TSE DivulgaCandContas, consulta de 2/9/2026"
CE,Ceará,Nordeste,governador,60002531351,Ciro Gomes,Ciro Ferreira Gomes,45,PSDB,UNIR PARA MUDAR,Deferido,Concorrendo,ce-gov-ciro-gomes,https://divulgacandcontas.tse.jus.br/divulga/#/candidato/2026/20322002026/CE/60002531351,"TSE DivulgaCandContas, consulta de 2/9/2026"
CE,Ceará,Nordeste,governador,60002533729,Serley Leal,Serley de Souza Leal,80,UP,,Deferido,Concorrendo,ce-gov-serley-leal,https://divulgacandcontas.tse.jus.br/divulga/#/candidato/2026/20322002026/CE/60002533729,"TSE DivulgaCandContas, consulta de 2/9/2026"
CE,Ceará,Nordeste,governador,60002540336,Pedro Brito,Pedro Felipe Pinheiro Brito,30,NOVO,,Renúncia,Concorrendo,ce-gov-pedro-brito,https://divulgacandcontas.tse.jus.br/divulga/#/candidato/2026/20322002026/CE/60002540336,"TSE DivulgaCandContas, consulta de 2/9/2026"
CE,Ceará,Nordeste,governador,60002540417,Delegado Huggo,Huggo Leonardo de Lima Anastacio,14,MISSÃO,,Deferido,Concorrendo,ce-gov-delegado-huggo,https://divulgacandcontas.tse.jus.br/divulga/#/candidato/2026/20322002026/CE/60002540417,"TSE DivulgaCandContas, consulta de 2/9/2026"
CE,Ceará,Nordeste,governador,60002543969,Elmano de Freitas,Elmano de Freitas da Costa,13,PT,CEARÁ FORTE DO LADO CERTO,Deferido,Concorrendo,ce-gov-elmano-de-freitas,https://divulgacandcontas.tse.jus.br/divulga/#/candidato/2026/20322002026/CE/60002543969,"TSE DivulgaCandContas, consulta de 2/9/2026"
CE,Ceará,Nordeste,governador,60002549967,Zé Batista,Jose Batista Neto,16,PSTU,,Deferido,Concorrendo,ce-gov-ze-batista,https://divulgacandcontas.tse.jus.br/divulga/#/candidato/2026/20322002026/CE/60002549967,"TSE DivulgaCandContas, consulta de 2/9/2026"
CE,Ceará,Nordeste,governador,60002552320,Ieri Braga,Ieri de Sousa Braga Junior,29,PCO,,Deferido,Concorrendo,ce-gov-ieri-braga,https://divulgacandcontas.tse.jus.br/divulga/#/candidato/2026/20322002026/CE/60002552320,"TSE DivulgaCandContas, consulta de 2/9/2026"
CE,Ceará,Nordeste,governador,60002552498,Danilo Soares,Danilo Soares Sousa,35,DEMOCRATA,,Deferido,Concorrendo,ce-gov-danilo-soares,https://divulgacandcontas.tse.jus.br/divulga/#/candidato/2026/20322002026/CE/60002552498,"TSE DivulgaCandContas, consulta de 2/9/2026"
CE,Ceará,Nordeste,governador,60002553922,Vera Lúcia,Vera Lucia da Silva,30,NOVO,,Aguardando julgamento,Concorrendo,ce-gov-vera-lucia,https://divulgacandcontas.tse.jus.br/divulga/#/candidato/2026/20322002026/CE/60002553922,"TSE DivulgaCandContas, consulta de 2/9/2026"
DF,Distrito Federal,Centro-Oeste,governador,70002535930,Professor Robson,Robson Raymundo da Silva,16,PSTU,,Deferido,Concorrendo,df-gov-professor-robson,https://divulgacandcontas.tse.jus.br/divulga/#/candidato/2026/20322002026/DF/70002535930,"TSE DivulgaCandContas, consulta de 2/9/2026"
DF,Distrito Federal,Centro-Oeste,governador,70002537111,Professora Samara Mineiro,Samara Mineiro Oliveira,80,UP,,Deferido,Concorrendo,df-gov-professora-samara-mineiro,https://divulgacandcontas.tse.jus.br/divulga/#/candidato/2026/20322002026/DF/70002537111,"TSE DivulgaCandContas, consulta de 2/9/2026"
DF,Distrito Federal,Centro-Oeste,governador,70002547775,Kiko Caputo,Francisco Queiroz Caputo Neto,30,NOVO,,Deferido,Concorrendo,df-gov-kiko-caputo,https://divulgacandcontas.tse.jus.br/divulga/#/candidato/2026/20322002026/DF/70002547775,"TSE DivulgaCandContas, consulta de 2/9/2026"
DF,Distrito Federal,Centro-Oeste,governador,70002551298,Elisson,Elisson Ferreira Freire,36,AGIR,,Aguardando julgamento,Concorrendo,df-gov-elisson,https://divulgacandcontas.tse.jus.br/divulga/#/candidato/2026/20322002026/DF/70002551298,"TSE DivulgaCandContas, consulta de 2/9/2026"
DF,Distrito Federal,Centro-Oeste,governador,70002551557,Cappelli,Ricardo Garcia Cappelli,40,PSB,,Aguardando julgamento,Concorrendo,df-gov-cappelli,https://divulgacandcontas.tse.jus.br/divulga/#/candidato/2026/20322002026/DF/70002551557,"TSE DivulgaCandContas, consulta de 2/9/2026"
DF,Distrito Federal,Centro-Oeste,governador,70002552341,Expedito Mendonça,Expedito Carneiro de Mendonça,29,PCO,,Aguardando julgamento,Concorrendo,df-gov-expedito-mendonca,https://divulgacandcontas.tse.jus.br/divulga/#/candidato/2026/20322002026/DF/70002552341,"TSE DivulgaCandContas, consulta de 2/9/2026"
DF,Distrito Federal,Centro-Oeste,governador,70002552496,Leandro Grass,Leandro Antônio Grass Peixoto,13,PT,DF DO POVO,Aguardando julgamento,Concorrendo,df-gov-leandro-grass,https://divulgacandcontas.tse.jus.br/divulga/#/candidato/2026/20322002026/DF/70002552496,"TSE DivulgaCandContas, consulta de 2/9/2026"
DF,Distrito Federal,Centro-Oeste,governador,70002552586,Arruda,José Roberto Arruda,55,PSD,RESGATAR BRASÍLIA,Aguardando julgamento,Concorrendo,df-gov-arruda,https://divulgacandcontas.tse.jus.br/divulga/#/candidato/2026/20322002026/DF/70002552586,"TSE DivulgaCandContas, consulta de 2/9/2026"
DF,Distrito Federal,Centro-Oeste,governador,70002552965,Paula Belmonte,Paula Moreno Paro Belmonte,45,PSDB,FEDERAÇÃO PSDB CIDADANIA(PSDB/CIDADANIA),Aguardando julgamento,Concorrendo,df-gov-paula-belmonte,https://divulgacandcontas.tse.jus.br/divulga/#/candidato/2026/20322002026/DF/70002552965,"TSE DivulgaCandContas, consulta de 2/9/2026"
DF,Distrito Federal,Centro-Oeste,governador,70002553055,Celina Leão,Celina Leao Hizim Ferreira,11,PP,PROPÓSITO E AÇÃO,Aguardando julgamento,Concorrendo,df-gov-celina-leao,https://divulgacandcontas.tse.jus.br/divulga/#/candidato/2026/20322002026/DF/70002553055,"TSE DivulgaCandContas, consulta de 2/9/2026"
DF,Distrito Federal,Centro-Oeste,governador,70002553982,Rico Pinheiro,Alderico da Silva Pinheiro Filho,28,PRTB,,Aguardando julgamento,Concorrendo,df-gov-rico-pinheiro,https://divulgacandcontas.tse.jus.br/divulga/#/candidato/2026/20322002026/DF/70002553982,"TSE DivulgaCandContas, consulta de 2/9/2026"
ES,Espírito Santo,Sudeste,governador,80002541012,Breno Barcelos,Breno Augusto Fagundes Barcelos,14,MISSÃO,,Aguardando julgamento,Concorrendo,es-gov-breno-barcelos,https://divulgacandcontas.tse.jus.br/divulga/#/candidato/2026/20322002026/ES/80002541012,"TSE DivulgaCandContas, consulta de 2/9/2026"
ES,Espírito Santo,Sudeste,governador,80002550832,Rafael Demuner,Rafael Ketley Demuner,80,UP,,Deferido,Concorrendo,es-gov-rafael-demuner,https://divulgacandcontas.tse.jus.br/divulga/#/candidato/2026/20322002026/ES/80002550832,"TSE DivulgaCandContas, consulta de 2/9/2026"
ES,Espírito Santo,Sudeste,governador,80002551833,Helder Salomão,Helder Ignacio Salomao,13,PT,FEDERAÇÃO BRASIL DA ESPERANÇA - FE BRASIL(PT/PC do B/PV),Deferido,Concorrendo,es-gov-helder-salomao,https://divulgacandcontas.tse.jus.br/divulga/#/candidato/2026/20322002026/ES/80002551833,"TSE DivulgaCandContas, consulta de 2/9/2026"
ES,Espírito Santo,Sudeste,governador,80002552172,Ricardo Ferraço,Ricardo de Rezende Ferraço,15,MDB,AGORA É O FUTURO,Aguardando julgamento,Concorrendo,es-gov-ricardo-ferraco,https://divulgacandcontas.tse.jus.br/divulga/#/candidato/2026/20322002026/ES/80002552172,"TSE DivulgaCandContas, consulta de 2/9/2026"
ES,Espírito Santo,Sudeste,governador,80002552682,Lorenzo Pazolini,Lorenzo Silva de Pazolini,10,REPUBLICANOS,PAZ PRA VIVER UM NOVO TEMPO,Aguardando julgamento,Concorrendo,es-gov-lorenzo-pazolini,https://divulgacandcontas.tse.jus.br/divulga/#/candidato/2026/20322002026/ES/80002552682,"TSE DivulgaCandContas, consulta de 2/9/2026"
GO,Goiás,Centro-Oeste,governador,90002540993,Daniel Vilela,Daniel Elias Carvalho Vilela,15,MDB,PRA GOIÁS SEGUIR EM FRENTE,Deferido,Concorrendo,go-gov-daniel-vilela,https://divulgacandcontas.tse.jus.br/divulga/#/candidato/2026/20322002026/GO/90002540993,"TSE DivulgaCandContas, consulta de 2/9/2026"
GO,Goiás,Centro-Oeste,governador,90002543463,Marconi Perillo,Marconi Ferreira Perillo Junior,45,PSDB,GOIÁS PODE MUITO MAIS,Aguardando julgamento,Concorrendo,go-gov-marconi-perillo,https://divulgacandcontas.tse.jus.br/divulga/#/candidato/2026/20322002026/GO/90002543463,"TSE DivulgaCandContas, consulta de 2/9/2026"
GO,Goiás,Centro-Oeste,governador,90002545476,Luis Cesar Bueno,Luis Cesar Bueno e Freitas,13,PT,GOIÁS PODE MAIS,Deferido,Concorrendo,go-gov-luis-cesar-bueno,https://divulgacandcontas.tse.jus.br/divulga/#/candidato/2026/20322002026/GO/90002545476,"TSE DivulgaCandContas, consulta de 2/9/2026"
GO,Goiás,Centro-Oeste,governador,90002550707,Luciana Amorim,Luciana de Deus Amorim,80,UP,,Deferido,Concorrendo,go-gov-luciana-amorim,https://divulgacandcontas.tse.jus.br/divulga/#/candidato/2026/20322002026/GO/90002550707,"TSE DivulgaCandContas, consulta de 2/9/2026"
GO,Goiás,Centro-Oeste,governador,90002551791,Wilder Morais,Wilder Pedro de Morais,22,PL,GOIÁS QUE CRESCE,Deferido,Concorrendo,go-gov-wilder-morais,https://divulgacandcontas.tse.jus.br/divulga/#/candidato/2026/20322002026/GO/90002551791,"TSE DivulgaCandContas, consulta de 2/9/2026"
GO,Goiás,Centro-Oeste,governador,90002553733,Danilo Pinheiro,Danilo Pinheiro Evangelista da Silva,29,PCO,,Aguardando julgamento,Concorrendo,go-gov-danilo-pinheiro,https://divulgacandcontas.tse.jus.br/divulga/#/candidato/2026/20322002026/GO/90002553733,"TSE DivulgaCandContas, consulta de 2/9/2026"
MA,Maranhão,Nordeste,governador,100002534190,Saulo Arcangeli,Saulo Costa Arcangeli,16,PSTU,,Aguardando julgamento,Concorrendo,ma-gov-saulo-arcangeli,https://divulgacandcontas.tse.jus.br/divulga/#/candidato/2026/20322002026/MA/100002534190,"TSE DivulgaCandContas, consulta de 2/9/2026"
MA,Maranhão,Nordeste,governador,100002542556,Felipe Camarão,Felipe Costa Camarao,13,PT,"BRASIL JUSTO, MARANHÃO GRANDE",Deferido,Concorrendo,ma-gov-felipe-camarao,https://divulgacandcontas.tse.jus.br/divulga/#/candidato/2026/20322002026/MA/100002542556,"TSE DivulgaCandContas, consulta de 2/9/2026"
MA,Maranhão,Nordeste,governador,100002543869,Orleans Brandão,Carlos Orleans Braide Brandão,15,MDB,AVANÇO POR TODO MARANHÃO,Aguardando julgamento,Concorrendo,ma-gov-orleans-brandao,https://divulgacandcontas.tse.jus.br/divulga/#/candidato/2026/20322002026/MA/100002543869,"TSE DivulgaCandContas, consulta de 2/9/2026"
MA,Maranhão,Nordeste,governador,100002544073,Reginaldo Lima,Reginaldo Lima Brauno,21,PCB,,Aguardando julgamento,Concorrendo,ma-gov-reginaldo-lima,https://divulgacandcontas.tse.jus.br/divulga/#/candidato/2026/20322002026/MA/100002544073,"TSE DivulgaCandContas, consulta de 2/9/2026"
MA,Maranhão,Nordeste,governador,100002544076,André Luis,André Luís Caetano dos Santos,14,MISSÃO,,Deferido,Concorrendo,ma-gov-andre-luis,https://divulgacandcontas.tse.jus.br/divulga/#/candidato/2026/20322002026/MA/100002544076,"TSE DivulgaCandContas, consulta de 2/9/2026"
MA,Maranhão,Nordeste,governador,100002545679,Eduardo Braide,Eduardo Salim Braide,55,PSD,PRA TRANSFORMAR O MARANHÃO,Deferido,Concorrendo,ma-gov-eduardo-braide,https://divulgacandcontas.tse.jus.br/divulga/#/candidato/2026/20322002026/MA/100002545679,"TSE DivulgaCandContas, consulta de 2/9/2026"
MA,Maranhão,Nordeste,governador,100002551399,Roberto Rocha,Roberto Coelho Rocha,28,PRTB,,Aguardando julgamento,Concorrendo,ma-gov-roberto-rocha,https://divulgacandcontas.tse.jus.br/divulga/#/candidato/2026/20322002026/MA/100002551399,"TSE DivulgaCandContas, consulta de 2/9/2026"
MA,Maranhão,Nordeste,governador,100002552700,Dimas Cassimiro,Dimas Cassimiro do Nascimento,29,PCO,,Aguardando julgamento,Concorrendo,ma-gov-dimas-cassimiro,https://divulgacandcontas.tse.jus.br/divulga/#/candidato/2026/20322002026/MA/100002552700,"TSE DivulgaCandContas, consulta de 2/9/2026"
MG,Minas Gerais,Sudeste,governador,130002539775,Alexandre Kalil,Alexandre Kalil,12,PDT,CUIDAR DE MINAS,Aguardando julgamento,Concorrendo,mg-gov-alexandre-kalil,https://divulgacandcontas.tse.jus.br/divulga/#/candidato/2026/20322002026/MG/130002539775,"TSE DivulgaCandContas, consulta de 2/9/2026"
MG,Minas Gerais,Sudeste,governador,130002541911,Mateus Simões,Mateus Simões de Almeida,55,PSD,MINAS NO CAMINHO CERTO,Deferido,Concorrendo,mg-gov-mateus-simoes,https://divulgacandcontas.tse.jus.br/divulga/#/candidato/2026/20322002026/MG/130002541911,"TSE DivulgaCandContas, consulta de 2/9/2026"
MG,Minas Gerais,Sudeste,governador,130002544122,Professor Túlio Lopes,Tulio Cesar Dias Lopes,21,PCB,,Deferido,Concorrendo,mg-gov-professor-tulio-lopes,https://divulgacandcontas.tse.jus.br/divulga/#/candidato/2026/20322002026/MG/130002544122,"TSE DivulgaCandContas, consulta de 2/9/2026"
MG,Minas Gerais,Sudeste,governador,130002544411,Ben Mendes,Benoni Benjamin Cardoso Mendes,14,MISSÃO,,Aguardando julgamento,Concorrendo,mg-gov-ben-mendes,https://divulgacandcontas.tse.jus.br/divulga/#/candidato/2026/20322002026/MG/130002544411,"TSE DivulgaCandContas, consulta de 2/9/2026"
MG,Minas Gerais,Sudeste,governador,130002546802,Rafael Duda,Rafael Ribeiro de Ávila,16,PSTU,,Aguardando julgamento,Concorrendo,mg-gov-rafael-duda,https://divulgacandcontas.tse.jus.br/divulga/#/candidato/2026/20322002026/MG/130002546802,"TSE DivulgaCandContas, consulta de 2/9/2026"
MG,Minas Gerais,Sudeste,governador,130002547874,Indira Xavier,Indira Ivanise Xavier,80,UP,,Deferido,Concorrendo,mg-gov-indira-xavier,https://divulgacandcontas.tse.jus.br/divulga/#/candidato/2026/20322002026/MG/130002547874,"TSE DivulgaCandContas, consulta de 2/9/2026"
MG,Minas Gerais,Sudeste,governador,130002549557,Gabriel,Gabriel Sousa Marques de Azevedo,15,MDB,,Aguardando julgamento,Concorrendo,mg-gov-gabriel,https://divulgacandcontas.tse.jus.br/divulga/#/candidato/2026/20322002026/MG/130002549557,"TSE DivulgaCandContas, consulta de 2/9/2026"
MG,Minas Gerais,Sudeste,governador,130002550464,Patrus Ananias,Patrus Ananias de Sousa,13,PT,PRA MINAS GERAIS VOLTAR A SONHAR,Deferido,Concorrendo,mg-gov-patrus-ananias,https://divulgacandcontas.tse.jus.br/divulga/#/candidato/2026/20322002026/MG/130002550464,"TSE DivulgaCandContas, consulta de 2/9/2026"
MG,Minas Gerais,Sudeste,governador,130002550834,Flávio Roscoe,Flavio Roscoe Nogueira,22,PL,,Aguardando julgamento,Concorrendo,mg-gov-flavio-roscoe,https://divulgacandcontas.tse.jus.br/divulga/#/candidato/2026/20322002026/MG/130002550834,"TSE DivulgaCandContas, consulta de 2/9/2026"
MG,Minas Gerais,Sudeste,governador,130002552296,Cleitinho Azevedo,Cleiton Gontijo de Azevedo,10,REPUBLICANOS,MINAS É DO POVO,Aguardando julgamento,Concorrendo,mg-gov-cleitinho-azevedo,https://divulgacandcontas.tse.jus.br/divulga/#/candidato/2026/20322002026/MG/130002552296,"TSE DivulgaCandContas, consulta de 2/9/2026"
MG,Minas Gerais,Sudeste,governador,130002552308,Henrique Áreas,Henrique Areas de Araujo,29,PCO,,Aguardando julgamento,Concorrendo,mg-gov-henrique-areas,https://divulgacandcontas.tse.jus.br/divulga/#/candidato/2026/20322002026/MG/130002552308,"TSE DivulgaCandContas, consulta de 2/9/2026"
MS,Mato Grosso do Sul,Centro-Oeste,governador,120002532257,Lucien Rezende,Lucien Roberto Garcia de Rezende,50,PSOL,FEDERAÇÃO PSOL REDE(PSOL/REDE),Deferido,Concorrendo,ms-gov-lucien-rezende,https://divulgacandcontas.tse.jus.br/divulga/#/candidato/2026/20322002026/MS/120002532257,"TSE DivulgaCandContas, consulta de 2/9/2026"
MS,Mato Grosso do Sul,Centro-Oeste,governador,120002536582,Eduardo Riedel,Eduardo Correa Riedel,11,PP,FAZENDO O FUTURO ACONTECER,Deferido,Concorrendo,ms-gov-eduardo-riedel,https://divulgacandcontas.tse.jus.br/divulga/#/candidato/2026/20322002026/MS/120002536582,"TSE DivulgaCandContas, consulta de 2/9/2026"
MS,Mato Grosso do Sul,Centro-Oeste,governador,120002539834,Fábio Trad,Fabio Ricardo Trad,13,PT,POR UM MS DO POVO,Aguardando julgamento,Concorrendo,ms-gov-fabio-trad,https://divulgacandcontas.tse.jus.br/divulga/#/candidato/2026/20322002026/MS/120002539834,"TSE DivulgaCandContas, consulta de 2/9/2026"
MS,Mato Grosso do Sul,Centro-Oeste,governador,120002549681,Economista Renato Gomes,Renato Wanderley Gomes,27,DC,,Deferido,Concorrendo,ms-gov-economista-renato-gomes,https://divulgacandcontas.tse.jus.br/divulga/#/candidato/2026/20322002026/MS/120002549681,"TSE DivulgaCandContas, consulta de 2/9/2026"
MS,Mato Grosso do Sul,Centro-Oeste,governador,120002550198,Jeferson Bezerra,Jeferson Jose Bezerra,36,AGIR,,Aguardando julgamento,Concorrendo,ms-gov-jeferson-bezerra,https://divulgacandcontas.tse.jus.br/divulga/#/candidato/2026/20322002026/MS/120002550198,"TSE DivulgaCandContas, consulta de 2/9/2026"
MS,Mato Grosso do Sul,Centro-Oeste,governador,120002552155,Delcidio Amaral,Delcidio do Amaral Gomez,25,PRD,FEDERAÇÃO RENOVAÇÃO SOLIDÁRIA(PRD/SOLIDARIEDADE),Deferido,Concorrendo,ms-gov-delcidio-amaral,https://divulgacandcontas.tse.jus.br/divulga/#/candidato/2026/20322002026/MS/120002552155,"TSE DivulgaCandContas, consulta de 2/9/2026"
MS,Mato Grosso do Sul,Centro-Oeste,governador,120002552191,João Henrique Catan,João Henrique Miranda Soares Catan,30,NOVO,,Aguardando julgamento,Concorrendo,ms-gov-joao-henrique-catan,https://divulgacandcontas.tse.jus.br/divulga/#/candidato/2026/20322002026/MS/120002552191,"TSE DivulgaCandContas, consulta de 2/9/2026"
MS,Mato Grosso do Sul,Centro-Oeste,governador,120002552201,Daniel Lemes,Daniel Lemes Vasques,29,PCO,,Aguardando julgamento,Concorrendo,ms-gov-daniel-lemes,https://divulgacandcontas.tse.jus.br/divulga/#/candidato/2026/20322002026/MS/120002552201,"TSE DivulgaCandContas, consulta de 2/9/2026"
MT,Mato Grosso,Centro-Oeste,governador,110002543953,Rafaell Milas,Rafaell Milas de Oliveira,14,MISSÃO,,Aguardando julgamento,Concorrendo,mt-gov-rafaell-milas,https://divulgacandcontas.tse.jus.br/divulga/#/candidato/2026/20322002026/MT/110002543953,"TSE DivulgaCandContas, consulta de 2/9/2026"
MT,Mato Grosso,Centro-Oeste,governador,110002544985,Doutora Natasha,Natasha Slhessarenko Fraife Barreto,55,PSD,MATO GROSSO PARA TODOS,Aguardando julgamento,Concorrendo,mt-gov-doutora-natasha,https://divulgacandcontas.tse.jus.br/divulga/#/candidato/2026/20322002026/MT/110002544985,"TSE DivulgaCandContas, consulta de 2/9/2026"
MT,Mato Grosso,Centro-Oeste,governador,110002551480,Otaviano Pivetta,Otaviano Olavo Pivetta,10,REPUBLICANOS,MATO GROSSO NÃO PODE PARAR,Aguardando julgamento,Concorrendo,mt-gov-otaviano-pivetta,https://divulgacandcontas.tse.jus.br/divulga/#/candidato/2026/20322002026/MT/110002551480,"TSE DivulgaCandContas, consulta de 2/9/2026"
MT,Mato Grosso,Centro-Oeste,governador,110002551737,Wellington Fagundes,Wellington Antonio Fagundes,22,PL,CORAÇÃO DA GENTE,Aguardando julgamento,Concorrendo,mt-gov-wellington-fagundes,https://divulgacandcontas.tse.jus.br/divulga/#/candidato/2026/20322002026/MT/110002551737,"TSE DivulgaCandContas, consulta de 2/9/2026"
MT,Mato Grosso,Centro-Oeste,governador,110002553058,Mauricio Coelho,Mauricio Coelho de Souza Junior,33,MOBILIZA,,Deferido,Concorrendo,mt-gov-mauricio-coelho,https://divulgacandcontas.tse.jus.br/divulga/#/candidato/2026/20322002026/MT/110002553058,"TSE DivulgaCandContas, consulta de 2/9/2026"
MT,Mato Grosso,Centro-Oeste,governador,110002553937,Sargento Laudicério,Laudicerio Aguiar Machado,36,AGIR,,Aguardando julgamento,Concorrendo,mt-gov-sargento-laudicerio,https://divulgacandcontas.tse.jus.br/divulga/#/candidato/2026/20322002026/MT/110002553937,"TSE DivulgaCandContas, consulta de 2/9/2026"
PA,Pará,Norte,governador,140002538631,Cleber Rabelo,Jose Cleber Barros Rabelo,16,PSTU,,Renúncia,Concorrendo,pa-gov-cleber-rabelo,https://divulgacandcontas.tse.jus.br/divulga/#/candidato/2026/20322002026/PA/140002538631,"TSE DivulgaCandContas, consulta de 2/9/2026"
PA,Pará,Norte,governador,140002542386,Araceli,Araceli Maria Pereira Lemos,50,PSOL,FEDERAÇÃO PSOL REDE(PSOL/REDE),Deferido,Concorrendo,pa-gov-araceli,https://divulgacandcontas.tse.jus.br/divulga/#/candidato/2026/20322002026/PA/140002542386,"TSE DivulgaCandContas, consulta de 2/9/2026"
PA,Pará,Norte,governador,140002549930,Dr. Daniel,Daniel Barbosa Santos,20,PODE,O PARÁ É DO POVO!,Aguardando julgamento,Concorrendo,pa-gov-dr-daniel,https://divulgacandcontas.tse.jus.br/divulga/#/candidato/2026/20322002026/PA/140002549930,"TSE DivulgaCandContas, consulta de 2/9/2026"
PA,Pará,Norte,governador,140002551357,José Moita,José Lucivaldo Moita,35,DEMOCRATA,,Aguardando julgamento,Concorrendo,pa-gov-jose-moita,https://divulgacandcontas.tse.jus.br/divulga/#/candidato/2026/20322002026/PA/140002551357,"TSE DivulgaCandContas, consulta de 2/9/2026"
PA,Pará,Norte,governador,140002551598,Hana Ghassan,Hana Ghassan Tuma,15,MDB,O PARÁ TÁ JUNTO,Deferido,Concorrendo,pa-gov-hana-ghassan,https://divulgacandcontas.tse.jus.br/divulga/#/candidato/2026/20322002026/PA/140002551598,"TSE DivulgaCandContas, consulta de 2/9/2026"
PA,Pará,Norte,governador,140002551943,Gal Leite,Gualdina Maria Menezes Leite,80,UP,,Aguardando julgamento,Concorrendo,pa-gov-gal-leite,https://divulgacandcontas.tse.jus.br/divulga/#/candidato/2026/20322002026/PA/140002551943,"TSE DivulgaCandContas, consulta de 2/9/2026"
PA,Pará,Norte,governador,140002554108,Well Macedo,Wellingta Josyane Siqueira Macedo,16,PSTU,,Aguardando julgamento,Concorrendo,pa-gov-well-macedo,https://divulgacandcontas.tse.jus.br/divulga/#/candidato/2026/20322002026/PA/140002554108,"TSE DivulgaCandContas, consulta de 2/9/2026"
PB,Paraíba,Nordeste,governador,150002538692,Efraim Filho,Efraim de Araujo Morais Filho,22,PL,,Aguardando julgamento,Concorrendo,pb-gov-efraim-filho,https://divulgacandcontas.tse.jus.br/divulga/#/candidato/2026/20322002026/PB/150002538692,"TSE DivulgaCandContas, consulta de 2/9/2026"
PB,Paraíba,Nordeste,governador,150002540204,Yuri Ezequiel,Yuri Ezequiel de Lima Silva,80,UP,,Aguardando julgamento,Concorrendo,pb-gov-yuri-ezequiel,https://divulgacandcontas.tse.jus.br/divulga/#/candidato/2026/20322002026/PB/150002540204,"TSE DivulgaCandContas, consulta de 2/9/2026"
PB,Paraíba,Nordeste,governador,150002544133,Cícero Lucena,Cicero de Lucena Filho,15,MDB,JUNTOS PARA A PARAÍBA DAR O PRÓXIMO PASSO,Aguardando julgamento,Concorrendo,pb-gov-cicero-lucena,https://divulgacandcontas.tse.jus.br/divulga/#/candidato/2026/20322002026/PB/150002544133,"TSE DivulgaCandContas, consulta de 2/9/2026"
PB,Paraíba,Nordeste,governador,150002551789,Lucas Ribeiro,Lucas Ribeiro Novais de Araujo,11,PP,DAQUI PRA MELHOR,Aguardando julgamento,Concorrendo,pb-gov-lucas-ribeiro,https://divulgacandcontas.tse.jus.br/divulga/#/candidato/2026/20322002026/PB/150002551789,"TSE DivulgaCandContas, consulta de 2/9/2026"
PB,Paraíba,Nordeste,governador,150002551911,Pedro Coutinho,Pedro Jorge Coutinho Guerra,27,DC,,Aguardando julgamento,Concorrendo,pb-gov-pedro-coutinho,https://divulgacandcontas.tse.jus.br/divulga/#/candidato/2026/20322002026/PB/150002551911,"TSE DivulgaCandContas, consulta de 2/9/2026"
PB,Paraíba,Nordeste,governador,150002552603,Camilo Duarte,Camilo Sobreira Duarte Filho,29,PCO,,Aguardando julgamento,Concorrendo,pb-gov-camilo-duarte,https://divulgacandcontas.tse.jus.br/divulga/#/candidato/2026/20322002026/PB/150002552603,"TSE DivulgaCandContas, consulta de 2/9/2026"
PE,Pernambuco,Nordeste,governador,170002536575,Guilherme Fonseca,Guilherme Fonseca,16,PSTU,,Deferido,Concorrendo,pe-gov-guilherme-fonseca,https://divulgacandcontas.tse.jus.br/divulga/#/candidato/2026/20322002026/PE/170002536575,"TSE DivulgaCandContas, consulta de 2/9/2026"
PE,Pernambuco,Nordeste,governador,170002537227,Raquel Lyra,Raquel Teixeira Lyra Lucena,55,PSD,PERNAMBUCO DE CORAÇÃO,Deferido,Concorrendo,pe-gov-raquel-lyra,https://divulgacandcontas.tse.jus.br/divulga/#/candidato/2026/20322002026/PE/170002537227,"TSE DivulgaCandContas, consulta de 2/9/2026"
PE,Pernambuco,Nordeste,governador,170002537230,João Campos,João Henrique de Andrade Lima Campos,40,PSB,FRENTE POPULAR DE PERNAMBUCO,Deferido,Concorrendo,pe-gov-joao-campos,https://divulgacandcontas.tse.jus.br/divulga/#/candidato/2026/20322002026/PE/170002537230,"TSE DivulgaCandContas, consulta de 2/9/2026"
PE,Pernambuco,Nordeste,governador,170002537320,Professora Camila,Maria Camila da Silva Falcão,80,UP,,Deferido,Concorrendo,pe-gov-professora-camila,https://divulgacandcontas.tse.jus.br/divulga/#/candidato/2026/20322002026/PE/170002537320,"TSE DivulgaCandContas, consulta de 2/9/2026"
PE,Pernambuco,Nordeste,governador,170002538097,Ivan Moraes,Ivan Vasconcellos de Moraes Filho,50,PSOL,FRENTE PERNAMBUCO DE LUTA,Deferido,Concorrendo,pe-gov-ivan-moraes,https://divulgacandcontas.tse.jus.br/divulga/#/candidato/2026/20322002026/PE/170002538097,"TSE DivulgaCandContas, consulta de 2/9/2026"
PE,Pernambuco,Nordeste,governador,170002540337,Renan,Renan Lucio Sant Anna Hallais,14,MISSÃO,,Deferido,Concorrendo,pe-gov-renan,https://divulgacandcontas.tse.jus.br/divulga/#/candidato/2026/20322002026/PE/170002540337,"TSE DivulgaCandContas, consulta de 2/9/2026"
PE,Pernambuco,Nordeste,governador,170002541258,Professor Jeremias do Banco,Jeremias Cosmo Silva dos Santos,35,DEMOCRATA,,Aguardando julgamento,Concorrendo,pe-gov-professor-jeremias-do-banco,https://divulgacandcontas.tse.jus.br/divulga/#/candidato/2026/20322002026/PE/170002541258,"TSE DivulgaCandContas, consulta de 2/9/2026"
PE,Pernambuco,Nordeste,governador,170002552776,Victor Assis,Victor Assis da Silva,29,PCO,,Aguardando julgamento,Concorrendo,pe-gov-victor-assis,https://divulgacandcontas.tse.jus.br/divulga/#/candidato/2026/20322002026/PE/170002552776,"TSE DivulgaCandContas, consulta de 2/9/2026"
PI,Piauí,Nordeste,governador,180002532987,Rafael Fonteles,Rafael Tajra Fonteles,13,PT,A FORÇA DO POVO,Deferido,Concorrendo,pi-gov-rafael-fonteles,https://divulgacandcontas.tse.jus.br/divulga/#/candidato/2026/20322002026/PI/180002532987,"TSE DivulgaCandContas, consulta de 2/9/2026"
PI,Piauí,Nordeste,governador,180002537422,Geraldo Carvalho,Geraldo do Nascimento Carvalho,16,PSTU,,Aguardando julgamento,Concorrendo,pi-gov-geraldo-carvalho,https://divulgacandcontas.tse.jus.br/divulga/#/candidato/2026/20322002026/PI/180002537422,"TSE DivulgaCandContas, consulta de 2/9/2026"
PI,Piauí,Nordeste,governador,180002538530,Joel Rodrigues,Joel Rodrigues da Silva,11,PP,JUNTOS PELO PIAUÍ,Aguardando julgamento,Concorrendo,pi-gov-joel-rodrigues,https://divulgacandcontas.tse.jus.br/divulga/#/candidato/2026/20322002026/PI/180002538530,"TSE DivulgaCandContas, consulta de 2/9/2026"
PI,Piauí,Nordeste,governador,180002544216,Dra. Lúcia Santos,Lúcia Maria de Sousa Aguiar dos Santos,45,PSDB,FEDERAÇÃO PSDB CIDADANIA(PSDB/CIDADANIA),Aguardando julgamento,Concorrendo,pi-gov-dra-lucia-santos,https://divulgacandcontas.tse.jus.br/divulga/#/candidato/2026/20322002026/PI/180002544216,"TSE DivulgaCandContas, consulta de 2/9/2026"
PI,Piauí,Nordeste,governador,180002548388,Ravenna da Inclusão,Ravenna de Castro Lima Azevedo,35,DEMOCRATA,,Aguardando julgamento,Concorrendo,pi-gov-ravenna-da-inclusao,https://divulgacandcontas.tse.jus.br/divulga/#/candidato/2026/20322002026/PI/180002548388,"TSE DivulgaCandContas, consulta de 2/9/2026"
PI,Piauí,Nordeste,governador,180002548565,Professor Jurity,Francisco José Martins Jurity,27,DC,,Aguardando julgamento,Concorrendo,pi-gov-professor-jurity,https://divulgacandcontas.tse.jus.br/divulga/#/candidato/2026/20322002026/PI/180002548565,"TSE DivulgaCandContas, consulta de 2/9/2026"
PI,Piauí,Nordeste,governador,180002549920,Elizeu Aguiar,Elizeu Morais de Aguiar,30,NOVO,A FORÇA DA FÉ,Aguardando julgamento,Concorrendo,pi-gov-elizeu-aguiar,https://divulgacandcontas.tse.jus.br/divulga/#/candidato/2026/20322002026/PI/180002549920,"TSE DivulgaCandContas, consulta de 2/9/2026"
PI,Piauí,Nordeste,governador,180002549970,Professor Gisvaldo,Gisvaldo Oliveira da Silva,50,PSOL,FEDERAÇÃO PSOL REDE(PSOL/REDE),Aguardando julgamento,Concorrendo,pi-gov-professor-gisvaldo,https://divulgacandcontas.tse.jus.br/divulga/#/candidato/2026/20322002026/PI/180002549970,"TSE DivulgaCandContas, consulta de 2/9/2026"
PI,Piauí,Nordeste,governador,180002549995,Santiago Belizário,José Santiago Belizário,80,UP,,Aguardando julgamento,Concorrendo,pi-gov-santiago-belizario,https://divulgacandcontas.tse.jus.br/divulga/#/candidato/2026/20322002026/PI/180002549995,"TSE DivulgaCandContas, consulta de 2/9/2026"
PI,Piauí,Nordeste,governador,180002550421,Gustavo Pelo Piauí,Gustavo Henrique Leite Feijó,70,AVANTE,,Aguardando julgamento,Concorrendo,pi-gov-gustavo-pelo-piaui,https://divulgacandcontas.tse.jus.br/divulga/#/candidato/2026/20322002026/PI/180002550421,"TSE DivulgaCandContas, consulta de 2/9/2026"
PI,Piauí,Nordeste,governador,180002553722,Lourdes Melo,Maria de Lourdes Soares Melo,29,PCO,,Aguardando julgamento,Concorrendo,pi-gov-lourdes-melo,https://divulgacandcontas.tse.jus.br/divulga/#/candidato/2026/20322002026/PI/180002553722,"TSE DivulgaCandContas, consulta de 2/9/2026"
PR,Paraná,Sul,governador,160002540833,Sergio Moro,Sergio Fernando Moro,22,PL,FORTALEZA PARANÁ,Aguardando julgamento,Concorrendo,pr-gov-sergio-moro,https://divulgacandcontas.tse.jus.br/divulga/#/candidato/2026/20322002026/PR/160002540833,"TSE DivulgaCandContas, consulta de 2/9/2026"
PR,Paraná,Sul,governador,160002547594,Doutor Alexandre Salomão,Alexandre Salomao,33,MOBILIZA,,Aguardando julgamento,Concorrendo,pr-gov-doutor-alexandre-salomao,https://divulgacandcontas.tse.jus.br/divulga/#/candidato/2026/20322002026/PR/160002547594,"TSE DivulgaCandContas, consulta de 2/9/2026"
PR,Paraná,Sul,governador,160002547666,Requião Filho,Mauricio Thadeu de Mello e Silva,12,PDT,PARANÁ PARA TODOS,Aguardando julgamento,Concorrendo,pr-gov-requiao-filho,https://divulgacandcontas.tse.jus.br/divulga/#/candidato/2026/20322002026/PR/160002547666,"TSE DivulgaCandContas, consulta de 2/9/2026"
PR,Paraná,Sul,governador,160002548010,Samuel de Mattos,Samuel de Mattos Figueiredo,16,PSTU,,Aguardando julgamento,Concorrendo,pr-gov-samuel-de-mattos,https://divulgacandcontas.tse.jus.br/divulga/#/candidato/2026/20322002026/PR/160002548010,"TSE DivulgaCandContas, consulta de 2/9/2026"
PR,Paraná,Sul,governador,160002549553,Sandro Alex,Sandro Alex Cruz de Oliveira,55,PSD,A MUDANÇA CONTINUA,Aguardando julgamento,Concorrendo,pr-gov-sandro-alex,https://divulgacandcontas.tse.jus.br/divulga/#/candidato/2026/20322002026/PR/160002549553,"TSE DivulgaCandContas, consulta de 2/9/2026"
PR,Paraná,Sul,governador,160002550997,Tayná Miessa,Tayna Miessa Tsushida,80,UP,,Deferido,Concorrendo,pr-gov-tayna-miessa,https://divulgacandcontas.tse.jus.br/divulga/#/candidato/2026/20322002026/PR/160002550997,"TSE DivulgaCandContas, consulta de 2/9/2026"
PR,Paraná,Sul,governador,160002551353,Luiz França,Luiz Felipe Martins Franca,14,MISSÃO,,Aguardando julgamento,Concorrendo,pr-gov-luiz-franca,https://divulgacandcontas.tse.jus.br/divulga/#/candidato/2026/20322002026/PR/160002551353,"TSE DivulgaCandContas, consulta de 2/9/2026"
PR,Paraná,Sul,governador,160002552560,Adriano Funileiro,Adriano Teixeira,29,PCO,,Aguardando julgamento,Concorrendo,pr-gov-adriano-funileiro,https://divulgacandcontas.tse.jus.br/divulga/#/candidato/2026/20322002026/PR/160002552560,"TSE DivulgaCandContas, consulta de 2/9/2026"
RJ,Rio de Janeiro,Sudeste,governador,190002536162,William Siri,William Carlos Brum Bispo,50,PSOL,FEDERAÇÃO PSOL REDE(PSOL/REDE),Deferido,Concorrendo,rj-gov-william-siri,https://divulgacandcontas.tse.jus.br/divulga/#/candidato/2026/20322002026/RJ/190002536162,"TSE DivulgaCandContas, consulta de 2/9/2026"
RJ,Rio de Janeiro,Sudeste,governador,190002537524,André Marinho,André Bourguignon Marinho,30,NOVO,,Deferido,Concorrendo,rj-gov-andre-marinho,https://divulgacandcontas.tse.jus.br/divulga/#/candidato/2026/20322002026/RJ/190002537524,"TSE DivulgaCandContas, consulta de 2/9/2026"
RJ,Rio de Janeiro,Sudeste,governador,190002540198,Cyro Garcia,Cyro Garcia,16,PSTU,,Deferido,Concorrendo,rj-gov-cyro-garcia,https://divulgacandcontas.tse.jus.br/divulga/#/candidato/2026/20322002026/RJ/190002540198,"TSE DivulgaCandContas, consulta de 2/9/2026"
RJ,Rio de Janeiro,Sudeste,governador,190002542887,Douglas Ruas,Douglas Ruas dos Santos,22,PL,RIO REAL,Aguardando julgamento,Concorrendo,rj-gov-douglas-ruas,https://divulgacandcontas.tse.jus.br/divulga/#/candidato/2026/20322002026/RJ/190002542887,"TSE DivulgaCandContas, consulta de 2/9/2026"
RJ,Rio de Janeiro,Sudeste,governador,190002543380,Eduardo Paes,Eduardo da Costa Paes,55,PSD,JUNTOS PARA MUDAR CORAGEM PARA RECONSTRUIR,Aguardando julgamento,Concorrendo,rj-gov-eduardo-paes,https://divulgacandcontas.tse.jus.br/divulga/#/candidato/2026/20322002026/RJ/190002543380,"TSE DivulgaCandContas, consulta de 2/9/2026"
RJ,Rio de Janeiro,Sudeste,governador,190002544120,Coronel Busnello,João Jacques Soares Busnello,14,MISSÃO,,Aguardando julgamento,Concorrendo,rj-gov-coronel-busnello,https://divulgacandcontas.tse.jus.br/divulga/#/candidato/2026/20322002026/RJ/190002544120,"TSE DivulgaCandContas, consulta de 2/9/2026"
RJ,Rio de Janeiro,Sudeste,governador,190002547272,Juliete,Juliete Pantoja Alves,80,UP,,Aguardando julgamento,Concorrendo,rj-gov-juliete,https://divulgacandcontas.tse.jus.br/divulga/#/candidato/2026/20322002026/RJ/190002547272,"TSE DivulgaCandContas, consulta de 2/9/2026"
RJ,Rio de Janeiro,Sudeste,governador,190002550196,Garotinho,Anthony William Garotinho Matheus de Oliveira,10,REPUBLICANOS,CORAGEM PARA MUDAR,Aguardando julgamento,Concorrendo,rj-gov-garotinho,https://divulgacandcontas.tse.jus.br/divulga/#/candidato/2026/20322002026/RJ/190002550196,"TSE DivulgaCandContas, consulta de 2/9/2026"
RJ,Rio de Janeiro,Sudeste,governador,190002552513,Luan Monteiro,Luan Monteiro Paschoal Pires,29,PCO,,Aguardando julgamento,Concorrendo,rj-gov-luan-monteiro,https://divulgacandcontas.tse.jus.br/divulga/#/candidato/2026/20322002026/RJ/190002552513,"TSE DivulgaCandContas, consulta de 2/9/2026"
RN,Rio Grande do Norte,Nordeste,governador,200002534001,Cadu de Lula,Carlos Eduardo Xavier,13,PT,TIME QUE CUIDA,Aguardando julgamento,Concorrendo,rn-gov-cadu-de-lula,https://divulgacandcontas.tse.jus.br/divulga/#/candidato/2026/20322002026/RN/200002534001,"TSE DivulgaCandContas, consulta de 2/9/2026"
RN,Rio Grande do Norte,Nordeste,governador,200002534442,Álvaro Dias,Álvaro Costa Dias,22,PL,ENDIREITA RN,Aguardando julgamento,Concorrendo,rn-gov-alvaro-dias,https://divulgacandcontas.tse.jus.br/divulga/#/candidato/2026/20322002026/RN/200002534442,"TSE DivulgaCandContas, consulta de 2/9/2026"
RN,Rio Grande do Norte,Nordeste,governador,200002535255,Allyson,Allyson Leandro Bezerra Silva,44,UNIÃO,ESPERANÇA E TRABALHO,Aguardando julgamento,Concorrendo,rn-gov-allyson,https://divulgacandcontas.tse.jus.br/divulga/#/candidato/2026/20322002026/RN/200002535255,"TSE DivulgaCandContas, consulta de 2/9/2026"
RN,Rio Grande do Norte,Nordeste,governador,200002542481,Dário Barbosa,Dario Barbosa de Melo,16,PSTU,,Aguardando julgamento,Concorrendo,rn-gov-dario-barbosa,https://divulgacandcontas.tse.jus.br/divulga/#/candidato/2026/20322002026/RN/200002542481,"TSE DivulgaCandContas, consulta de 2/9/2026"
RN,Rio Grande do Norte,Nordeste,governador,200002546756,Rodrigo Bolsonaro,Karlo Rodrigo Lucio Vieira,36,AGIR,,Aguardando julgamento,Concorrendo,rn-gov-rodrigo-bolsonaro,https://divulgacandcontas.tse.jus.br/divulga/#/candidato/2026/20322002026/RN/200002546756,"TSE DivulgaCandContas, consulta de 2/9/2026"
RN,Rio Grande do Norte,Nordeste,governador,200002546757,Professor Roberio Paulino,Roberio Paulino Rodrigues,50,PSOL,FEDERAÇÃO PSOL REDE(PSOL/REDE),Aguardando julgamento,Concorrendo,rn-gov-professor-roberio-paulino,https://divulgacandcontas.tse.jus.br/divulga/#/candidato/2026/20322002026/RN/200002546757,"TSE DivulgaCandContas, consulta de 2/9/2026"
RN,Rio Grande do Norte,Nordeste,governador,200002547826,Arinalda do MLB,Arinalda Vasconcelos de Medeiros,80,UP,,Aguardando julgamento,Concorrendo,rn-gov-arinalda-do-mlb,https://divulgacandcontas.tse.jus.br/divulga/#/candidato/2026/20322002026/RN/200002547826,"TSE DivulgaCandContas, consulta de 2/9/2026"
RN,Rio Grande do Norte,Nordeste,governador,200002550223,Carlos Jararaca,Carlos Alberto de Almeida Cavalcante,27,DC,,Aguardando julgamento,Concorrendo,rn-gov-carlos-jararaca,https://divulgacandcontas.tse.jus.br/divulga/#/candidato/2026/20322002026/RN/200002550223,"TSE DivulgaCandContas, consulta de 2/9/2026"
RN,Rio Grande do Norte,Nordeste,governador,200002553301,Henrique Lyra,Henrique Othon Costa de Lyra,29,PCO,,Aguardando julgamento,Concorrendo,rn-gov-henrique-lyra,https://divulgacandcontas.tse.jus.br/divulga/#/candidato/2026/20322002026/RN/200002553301,"TSE DivulgaCandContas, consulta de 2/9/2026"
RO,Rondônia,Norte,governador,220002536806,Adailton Furia,Adailton Antunes Ferreira,55,PSD,GENTE QUE GOSTA DE GENTE,Deferido,Concorrendo,ro-gov-adailton-furia,https://divulgacandcontas.tse.jus.br/divulga/#/candidato/2026/20322002026/RO/220002536806,"TSE DivulgaCandContas, consulta de 2/9/2026"
RO,Rondônia,Norte,governador,220002541939,Marcos Rogério,Marcos Rogerio da Silva Brito,22,PL,JUNTOS POR RONDONIA,Aguardando julgamento,Concorrendo,ro-gov-marcos-rogerio,https://divulgacandcontas.tse.jus.br/divulga/#/candidato/2026/20322002026/RO/220002541939,"TSE DivulgaCandContas, consulta de 2/9/2026"
RO,Rondônia,Norte,governador,220002542185,Expedito Netto,Expedito Goncalves Ferreira Netto,13,PT,FÉ RONDÔNIA,Aguardando julgamento,Concorrendo,ro-gov-expedito-netto,https://divulgacandcontas.tse.jus.br/divulga/#/candidato/2026/20322002026/RO/220002542185,"TSE DivulgaCandContas, consulta de 2/9/2026"
RO,Rondônia,Norte,governador,220002542916,Hildon Chaves,Hildon de Lima Chaves,44,UNIÃO,RONDONIA COM A FORÇA DO TRABALHO E DA UNIÃO,Aguardando julgamento,Concorrendo,ro-gov-hildon-chaves,https://divulgacandcontas.tse.jus.br/divulga/#/candidato/2026/20322002026/RO/220002542916,"TSE DivulgaCandContas, consulta de 2/9/2026"
RO,Rondônia,Norte,governador,220002550927,Samuel Costa,Samuel Costa Menezes,40,PSB,,Aguardando julgamento,Concorrendo,ro-gov-samuel-costa,https://divulgacandcontas.tse.jus.br/divulga/#/candidato/2026/20322002026/RO/220002550927,"TSE DivulgaCandContas, consulta de 2/9/2026"
RO,Rondônia,Norte,governador,220002551251,Pedro Abib,Pedro Abib Hecktheuer,15,MDB,EXPERIÊNCIA FÉ E AUTORIDADE,Aguardando julgamento,Concorrendo,ro-gov-pedro-abib,https://divulgacandcontas.tse.jus.br/divulga/#/candidato/2026/20322002026/RO/220002551251,"TSE DivulgaCandContas, consulta de 2/9/2026"
RR,Roraima,Norte,governador,230002549223,Arthur Henrique,Arthur Henrique Brandao Machado,22,PL,UNIDOS POR RORAIMA,Deferido,Concorrendo,rr-gov-arthur-henrique,https://divulgacandcontas.tse.jus.br/divulga/#/candidato/2026/20322002026/RR/230002549223,"TSE DivulgaCandContas, consulta de 2/9/2026"
RR,Roraima,Norte,governador,230002549294,Farah Mesquita,Farah Mesquita,77,SOLIDARIEDADE,FEDERAÇÃO RENOVAÇÃO SOLIDÁRIA(PRD/SOLIDARIEDADE),Deferido,Concorrendo,rr-gov-farah-mesquita,https://divulgacandcontas.tse.jus.br/divulga/#/candidato/2026/20322002026/RR/230002549294,"TSE DivulgaCandContas, consulta de 2/9/2026"
RR,Roraima,Norte,governador,230002551571,Soldado Sampaio,Francisco dos Santos Sampaio,10,REPUBLICANOS,RORAIMA SEGUE EM FRENTE,Deferido,Concorrendo,rr-gov-soldado-sampaio,https://divulgacandcontas.tse.jus.br/divulga/#/candidato/2026/20322002026/RR/230002551571,"TSE DivulgaCandContas, consulta de 2/9/2026"
RR,Roraima,Norte,governador,230002552060,Rosi Aires,Rosimayre Patricia Aires da Silva,50,PSOL,RORAIMA DA ESPERANÇA,Deferido,Concorrendo,rr-gov-rosi-aires,https://divulgacandcontas.tse.jus.br/divulga/#/candidato/2026/20322002026/RR/230002552060,"TSE DivulgaCandContas, consulta de 2/9/2026"
RR,Roraima,Norte,governador,230002553857,Clébio Genuíno,Jose Clebio Genuino do Nascimento,29,PCO,,Aguardando julgamento,Concorrendo,rr-gov-clebio-genuino,https://divulgacandcontas.tse.jus.br/divulga/#/candidato/2026/20322002026/RR/230002553857,"TSE DivulgaCandContas, consulta de 2/9/2026"
RS,Rio Grande do Sul,Sul,governador,210002533355,Priscila Voigt,Priscila Voigt Severiano,80,UP,,Deferido,Concorrendo,rs-gov-priscila-voigt,https://divulgacandcontas.tse.jus.br/divulga/#/candidato/2026/20322002026/RS/210002533355,"TSE DivulgaCandContas, consulta de 2/9/2026"
RS,Rio Grande do Sul,Sul,governador,210002535802,Marcelo Maranata,Marcelo Maranata Soares Reinaldo,45,PSDB,FEDERAÇÃO PSDB CIDADANIA(PSDB/CIDADANIA),Deferido,Concorrendo,rs-gov-marcelo-maranata,https://divulgacandcontas.tse.jus.br/divulga/#/candidato/2026/20322002026/RS/210002535802,"TSE DivulgaCandContas, consulta de 2/9/2026"
RS,Rio Grande do Sul,Sul,governador,210002541367,Rejane de Oliveira,Rejane Silva de Oliveira,16,PSTU,,Deferido,Concorrendo,rs-gov-rejane-de-oliveira,https://divulgacandcontas.tse.jus.br/divulga/#/candidato/2026/20322002026/RS/210002541367,"TSE DivulgaCandContas, consulta de 2/9/2026"
RS,Rio Grande do Sul,Sul,governador,210002542892,Gabriel Souza,Gabriel Vieira de Souza,15,MDB,NOSSO RIO GRANDE NÃO PARA,Aguardando julgamento,Concorrendo,rs-gov-gabriel-souza,https://divulgacandcontas.tse.jus.br/divulga/#/candidato/2026/20322002026/RS/210002542892,"TSE DivulgaCandContas, consulta de 2/9/2026"
RS,Rio Grande do Sul,Sul,governador,210002547857,Zucco,Luciano Lorenzini Zucco,22,PL,O RIO GRANDE PODE MAIS,Aguardando julgamento,Concorrendo,rs-gov-zucco,https://divulgacandcontas.tse.jus.br/divulga/#/candidato/2026/20322002026/RS/210002547857,"TSE DivulgaCandContas, consulta de 2/9/2026"
RS,Rio Grande do Sul,Sul,governador,210002551508,Juliana Brizola,Juliana Brizola,12,PDT,COLIGAÇÃO COM O POVO,Aguardando julgamento,Concorrendo,rs-gov-juliana-brizola,https://divulgacandcontas.tse.jus.br/divulga/#/candidato/2026/20322002026/RS/210002551508,"TSE DivulgaCandContas, consulta de 2/9/2026"
RS,Rio Grande do Sul,Sul,governador,210002552592,Cesar Pontes,Cesar Augusto Pontes Ferreira,29,PCO,,Aguardando julgamento,Concorrendo,rs-gov-cesar-pontes,https://divulgacandcontas.tse.jus.br/divulga/#/candidato/2026/20322002026/RS/210002552592,"TSE DivulgaCandContas, consulta de 2/9/2026"
SC,Santa Catarina,Sul,governador,240002537073,Jorginho Mello,Jorginho dos Santos Mello,22,PL,FÉ NO TRABALHO E PÉ NA TÁBUA,Deferido,Concorrendo,sc-gov-jorginho-mello,https://divulgacandcontas.tse.jus.br/divulga/#/candidato/2026/20322002026/SC/240002537073,"TSE DivulgaCandContas, consulta de 2/9/2026"
SC,Santa Catarina,Sul,governador,240002541913,Professor Marcus Sodré,Marcus Alexandre Sodre,16,PSTU,,Aguardando julgamento,Concorrendo,sc-gov-professor-marcus-sodre,https://divulgacandcontas.tse.jus.br/divulga/#/candidato/2026/20322002026/SC/240002541913,"TSE DivulgaCandContas, consulta de 2/9/2026"
SC,Santa Catarina,Sul,governador,240002544118,Marcelo Brigadeiro,Marcelo Marcel Franco Jose da Silva,14,MISSÃO,,Aguardando julgamento,Concorrendo,sc-gov-marcelo-brigadeiro,https://divulgacandcontas.tse.jus.br/divulga/#/candidato/2026/20322002026/SC/240002544118,"TSE DivulgaCandContas, consulta de 2/9/2026"
SC,Santa Catarina,Sul,governador,240002548628,Gelson Merísio,Gelson Luiz Merisio,40,PSB,CORAGEM PARA MUDAR,Aguardando julgamento,Concorrendo,sc-gov-gelson-merisio,https://divulgacandcontas.tse.jus.br/divulga/#/candidato/2026/20322002026/SC/240002548628,"TSE DivulgaCandContas, consulta de 2/9/2026"
SC,Santa Catarina,Sul,governador,240002550544,Laís Chaud,Laís Paganelli Chaud,80,UP,,Aguardando julgamento,Concorrendo,sc-gov-lais-chaud,https://divulgacandcontas.tse.jus.br/divulga/#/candidato/2026/20322002026/SC/240002550544,"TSE DivulgaCandContas, consulta de 2/9/2026"
SC,Santa Catarina,Sul,governador,240002551001,João Rodrigues,Joao Rodrigues,55,PSD,SANTA CATARINA ACIMA DE TUDO,Aguardando julgamento,Concorrendo,sc-gov-joao-rodrigues,https://divulgacandcontas.tse.jus.br/divulga/#/candidato/2026/20322002026/SC/240002551001,"TSE DivulgaCandContas, consulta de 2/9/2026"
SC,Santa Catarina,Sul,governador,240002552157,Ralf Zimmer,Ralf Guimaraes Zimmer Junior,25,PRD,FEDERAÇÃO RENOVAÇÃO SOLIDÁRIA(PRD/SOLIDARIEDADE),Aguardando julgamento,Concorrendo,sc-gov-ralf-zimmer,https://divulgacandcontas.tse.jus.br/divulga/#/candidato/2026/20322002026/SC/240002552157,"TSE DivulgaCandContas, consulta de 2/9/2026"
SC,Santa Catarina,Sul,governador,240002553718,Bruno Pedreiro do PCO,Brunno Andrade Dias,29,PCO,,Aguardando julgamento,Concorrendo,sc-gov-bruno-pedreiro-do-pco,https://divulgacandcontas.tse.jus.br/divulga/#/candidato/2026/20322002026/SC/240002553718,"TSE DivulgaCandContas, consulta de 2/9/2026"
SE,Sergipe,Nordeste,governador,260002532010,Valmir de Francisquinho,Valmir dos Santos Costa,10,REPUBLICANOS,MUDA SERGIPE COM A FORÇA DO POVO,Aguardando julgamento,Concorrendo,se-gov-valmir-de-francisquinho,https://divulgacandcontas.tse.jus.br/divulga/#/candidato/2026/20322002026/SE/260002532010,"TSE DivulgaCandContas, consulta de 2/9/2026"
SE,Sergipe,Nordeste,governador,260002542491,Fábio,Fabio Cruz Mitidieri,55,PSD,SERGIPE CRESCE COM VOCÊ,Aguardando julgamento,Concorrendo,se-gov-fabio,https://divulgacandcontas.tse.jus.br/divulga/#/candidato/2026/20322002026/SE/260002542491,"TSE DivulgaCandContas, consulta de 2/9/2026"
SE,Sergipe,Nordeste,governador,260002547415,Dr. Helton,Jose Helton Silva Monteiro,50,PSOL,FEDERAÇÃO PSOL REDE(PSOL/REDE),Aguardando julgamento,Concorrendo,se-gov-dr-helton,https://divulgacandcontas.tse.jus.br/divulga/#/candidato/2026/20322002026/SE/260002547415,"TSE DivulgaCandContas, consulta de 2/9/2026"
SE,Sergipe,Nordeste,governador,260002549466,Ricardo Marques,Jose Ricardo Marques dos Santos,22,PL,FÉ E CORAGEM PRA MUDAR,Aguardando julgamento,Concorrendo,se-gov-ricardo-marques,https://divulgacandcontas.tse.jus.br/divulga/#/candidato/2026/20322002026/SE/260002549466,"TSE DivulgaCandContas, consulta de 2/9/2026"
SE,Sergipe,Nordeste,governador,260002550683,Taty Cristina de Jesus,Tatiana Cristina Santos de Jesus,27,DC,,Aguardando julgamento,Concorrendo,se-gov-taty-cristina-de-jesus,https://divulgacandcontas.tse.jus.br/divulga/#/candidato/2026/20322002026/SE/260002550683,"TSE DivulgaCandContas, consulta de 2/9/2026"
SE,Sergipe,Nordeste,governador,260002551712,Emanuel Cacho,Emanuel Messias Oliveira Cacho,45,PSDB,FEDERAÇÃO PSDB CIDADANIA(PSDB/CIDADANIA),Aguardando julgamento,Concorrendo,se-gov-emanuel-cacho,https://divulgacandcontas.tse.jus.br/divulga/#/candidato/2026/20322002026/SE/260002551712,"TSE DivulgaCandContas, consulta de 2/9/2026"
SP,São Paulo,Sudeste,governador,250002536915,Vera Lúcia,Vera Lúcia Pereira da Silva Salgado,16,PSTU,,Aguardando julgamento,Concorrendo,sp-gov-vera-lucia,https://divulgacandcontas.tse.jus.br/divulga/#/candidato/2026/20322002026/SP/250002536915,"TSE DivulgaCandContas, consulta de 2/9/2026"
SP,São Paulo,Sudeste,governador,250002541303,Tarcísio,Tarcisio Gomes de Freitas,10,REPUBLICANOS,CORAGEM PARA SEGUIR AVANÇANDO,Aguardando julgamento,Concorrendo,sp-gov-tarcisio,https://divulgacandcontas.tse.jus.br/divulga/#/candidato/2026/20322002026/SP/250002541303,"TSE DivulgaCandContas, consulta de 2/9/2026"
SP,São Paulo,Sudeste,governador,250002544912,Vivian Mendes,Vivian Mendes da Silva,80,UP,,Aguardando julgamento,Concorrendo,sp-gov-vivian-mendes,https://divulgacandcontas.tse.jus.br/divulga/#/candidato/2026/20322002026/SP/250002544912,"TSE DivulgaCandContas, consulta de 2/9/2026"
SP,São Paulo,Sudeste,governador,250002548080,Policial Edjane,Edjane Lima de Sousa,36,AGIR,,Aguardando julgamento,Concorrendo,sp-gov-policial-edjane,https://divulgacandcontas.tse.jus.br/divulga/#/candidato/2026/20322002026/SP/250002548080,"TSE DivulgaCandContas, consulta de 2/9/2026"
SP,São Paulo,Sudeste,governador,250002549705,Fernando Haddad,Fernando Haddad,13,PT,DESPERTA SÃO PAULO,Aguardando julgamento,Concorrendo,sp-gov-fernando-haddad,https://divulgacandcontas.tse.jus.br/divulga/#/candidato/2026/20322002026/SP/250002549705,"TSE DivulgaCandContas, consulta de 2/9/2026"
SP,São Paulo,Sudeste,governador,250002550913,Carlos Machado,Carlos Alberto Machado,21,PCB,,Aguardando julgamento,Concorrendo,sp-gov-carlos-machado,https://divulgacandcontas.tse.jus.br/divulga/#/candidato/2026/20322002026/SP/250002550913,"TSE DivulgaCandContas, consulta de 2/9/2026"
SP,São Paulo,Sudeste,governador,250002553062,Izadora Dias,Izadora Cristina Dias da Silva,29,PCO,,Aguardando julgamento,Concorrendo,sp-gov-izadora-dias,https://divulgacandcontas.tse.jus.br/divulga/#/candidato/2026/20322002026/SP/250002553062,"TSE DivulgaCandContas, consulta de 2/9/2026"
TO,Tocantins,Norte,governador,270002539187,Prof Witer Naves,Witer Fonseca Naves,50,PSOL,FEDERAÇÃO PSOL REDE(PSOL/REDE),Deferido,Concorrendo,to-gov-prof-witer-naves,https://divulgacandcontas.tse.jus.br/divulga/#/candidato/2026/20322002026/TO/270002539187,"TSE DivulgaCandContas, consulta de 2/9/2026"
TO,Tocantins,Norte,governador,270002544494,Laurez Moreira,Laurez da Rocha Moreira,55,PSD,PRA FRENTE TOCANTINS,Aguardando julgamento,Concorrendo,to-gov-laurez-moreira,https://divulgacandcontas.tse.jus.br/divulga/#/candidato/2026/20322002026/TO/270002544494,"TSE DivulgaCandContas, consulta de 2/9/2026"
TO,Tocantins,Norte,governador,270002544544,Vicentinho Júnior,Vicente Alves de Oliveira Júnior,45,PSDB,PRA CIMA TOCANTINS,Aguardando julgamento,Concorrendo,to-gov-vicentinho-junior,https://divulgacandcontas.tse.jus.br/divulga/#/candidato/2026/20322002026/TO/270002544544,"TSE DivulgaCandContas, consulta de 2/9/2026"
TO,Tocantins,Norte,governador,270002544599,Professora Dorinha,Maria Auxiliadora Seabra Rezende,44,UNIÃO,UNIÃO PELO TOCANTINS,Aguardando julgamento,Concorrendo,to-gov-professora-dorinha,https://divulgacandcontas.tse.jus.br/divulga/#/candidato/2026/20322002026/TO/270002544599,"TSE DivulgaCandContas, consulta de 2/9/2026"
TO,Tocantins,Norte,governador,270002546368,Subtenente Luiz Carlos,Luiz Carlos Ferreira da Silva,35,DEMOCRATA,,Aguardando julgamento,Concorrendo,to-gov-subtenente-luiz-carlos,https://divulgacandcontas.tse.jus.br/divulga/#/candidato/2026/20322002026/TO/270002546368,"TSE DivulgaCandContas, consulta de 2/9/2026"
TO,Tocantins,Norte,governador,270002548412,Ataides de Oliveira,Ataides de Oliveira,30,NOVO,,Aguardando julgamento,Concorrendo,to-gov-ataides-de-oliveira,https://divulgacandcontas.tse.jus.br/divulga/#/candidato/2026/20322002026/TO/270002548412,"TSE DivulgaCandContas, consulta de 2/9/2026"
TO,Tocantins,Norte,governador,270002550458,Du Pereira,Ivaildo Pereira da Cruz,27,DC,,Aguardando julgamento,Concorrendo,to-gov-du-pereira,https://divulgacandcontas.tse.jus.br/divulga/#/candidato/2026/20322002026/TO/270002550458,"TSE DivulgaCandContas, consulta de 2/9/2026"
AC,Acre,Norte,senador,10002536710,Dr. Junior Feitosa,Ribamar de Sousa Feitoza Júnior,277,DC,,Deferido,Concorrendo,ac-sen-dr-junior-feitosa,https://divulgacandcontas.tse.jus.br/divulga/#/candidato/2026/20322002026/AC/10002536710,"TSE DivulgaCandContas, consulta de 2/9/2026"
AC,Acre,Norte,senador,10002544274,Eduardo Velloso,Eduardo Ovidio Borges de Velloso Vianna,777,SOLIDARIEDADE,PRODUZIR PARA EMPREGAR,Aguardando julgamento,Concorrendo,ac-sen-eduardo-velloso,https://divulgacandcontas.tse.jus.br/divulga/#/candidato/2026/20322002026/AC/10002544274,"TSE DivulgaCandContas, consulta de 2/9/2026"
AC,Acre,Norte,senador,10002548046,Gladson Camelí,Gladson de Lima Camelí,111,PP,AVANÇA ACRE,Aguardando julgamento,Concorrendo,ac-sen-gladson-cameli,https://divulgacandcontas.tse.jus.br/divulga/#/candidato/2026/20322002026/AC/10002548046,"TSE DivulgaCandContas, consulta de 2/9/2026"
AC,Acre,Norte,senador,10002536441,Jorge Viana,Jorge Ney Viana Macedo Neves,131,PT,FRENTE AMPLA PELO ACRE,Deferido,Concorrendo,ac-sen-jorge-viana,https://divulgacandcontas.tse.jus.br/divulga/#/candidato/2026/20322002026/AC/10002536441,"TSE DivulgaCandContas, consulta de 2/9/2026"
AC,Acre,Norte,senador,10002533895,Mara Rocha,Cylmara Fernandes da Rocha Gripp,100,REPUBLICANOS,TRABALHO DA ESPERANÇA,Deferido,Concorrendo,ac-sen-mara-rocha,https://divulgacandcontas.tse.jus.br/divulga/#/candidato/2026/20322002026/AC/10002533895,"TSE DivulgaCandContas, consulta de 2/9/2026"
AC,Acre,Norte,senador,10002548050,Marcio Bittar,Marcio Miguel Bittar,222,PL,AVANÇA ACRE,Deferido,Concorrendo,ac-sen-marcio-bittar,https://divulgacandcontas.tse.jus.br/divulga/#/candidato/2026/20322002026/AC/10002548050,"TSE DivulgaCandContas, consulta de 2/9/2026"
AC,Acre,Norte,senador,10002535804,Petecão,Sergio de Oliveira Cunha,555,PSD,TRABALHO DA ESPERANÇA,Deferido com recurso,Concorrendo,ac-sen-petecao,https://divulgacandcontas.tse.jus.br/divulga/#/candidato/2026/20322002026/AC/10002535804,"TSE DivulgaCandContas, consulta de 2/9/2026"
AC,Acre,Norte,senador,10002544110,Professor Inacio Moreira,Inacio Alves Moreira Netto,500,PSOL,FEDERAÇÃO PSOL REDE(PSOL/REDE),Deferido,Concorrendo,ac-sen-professor-inacio-moreira,https://divulgacandcontas.tse.jus.br/divulga/#/candidato/2026/20322002026/AC/10002544110,"TSE DivulgaCandContas, consulta de 2/9/2026"
AL,Alagoas,Nordeste,senador,20002540197,Alexandre Fleming,Alexandre Fleming Vasques Bastos,800,UP,,Aguardando julgamento,Concorrendo,al-sen-alexandre-fleming,https://divulgacandcontas.tse.jus.br/divulga/#/candidato/2026/20322002026/AL/20002540197,"TSE DivulgaCandContas, consulta de 2/9/2026"
AL,Alagoas,Nordeste,senador,20002553272,Arthur Lira,Arthur Cesar Pereira de Lira,111,PP,ALAGOAS GIGANTE II,Aguardando julgamento,Concorrendo,al-sen-arthur-lira,https://divulgacandcontas.tse.jus.br/divulga/#/candidato/2026/20322002026/AL/20002553272,"TSE DivulgaCandContas, consulta de 2/9/2026"
AL,Alagoas,Nordeste,senador,20002548147,Davi Davino Filho,David Cabral Davino Filho,100,REPUBLICANOS,,Aguardando julgamento,Concorrendo,al-sen-davi-davino-filho,https://divulgacandcontas.tse.jus.br/divulga/#/candidato/2026/20322002026/AL/20002548147,"TSE DivulgaCandContas, consulta de 2/9/2026"
AL,Alagoas,Nordeste,senador,20002553726,Dr. Wanderley,Jose Wanderley Neto,156,MDB,PRA ALAGOAS FAZER HISTÓRIA DE NOVO,Aguardando julgamento,Concorrendo,al-sen-dr-wanderley,https://divulgacandcontas.tse.jus.br/divulga/#/candidato/2026/20322002026/AL/20002553726,"TSE DivulgaCandContas, consulta de 2/9/2026"
AL,Alagoas,Nordeste,senador,20002552524,Mariedson,Jose Mariedson da Silva,355,DEMOCRATA,,Aguardando julgamento,Concorrendo,al-sen-mariedson,https://divulgacandcontas.tse.jus.br/divulga/#/candidato/2026/20322002026/AL/20002552524,"TSE DivulgaCandContas, consulta de 2/9/2026"
AL,Alagoas,Nordeste,senador,20002553711,Marina JHC,Marina Antunes Candia e Figueiredo,456,PSDB,ALAGOAS GIGANTE II,Aguardando julgamento,Concorrendo,al-sen-marina-jhc,https://divulgacandcontas.tse.jus.br/divulga/#/candidato/2026/20322002026/AL/20002553711,"TSE DivulgaCandContas, consulta de 2/9/2026"
AL,Alagoas,Nordeste,senador,20002553727,Renan,Jose Renan Vasconcelos Calheiros,151,MDB,PRA ALAGOAS FAZER HISTÓRIA DE NOVO,Aguardando julgamento,Concorrendo,al-sen-renan,https://divulgacandcontas.tse.jus.br/divulga/#/candidato/2026/20322002026/AL/20002553727,"TSE DivulgaCandContas, consulta de 2/9/2026"
AP,Amapá,Norte,senador,30002549911,Acácio Favacho,Acacio da Silva Favacho Neto,151,MDB,,Deferido,Concorrendo,ap-sen-acacio-favacho,https://divulgacandcontas.tse.jus.br/divulga/#/candidato/2026/20322002026/AP/30002549911,"TSE DivulgaCandContas, consulta de 2/9/2026"
AP,Amapá,Norte,senador,30002551576,Alliny Serrão,Alliny Sousa da Rocha Serrao,444,UNIÃO,JUNTOS POR TODO O AMAPÁ,Aguardando julgamento,Concorrendo,ap-sen-alliny-serrao,https://divulgacandcontas.tse.jus.br/divulga/#/candidato/2026/20322002026/AP/30002551576,"TSE DivulgaCandContas, consulta de 2/9/2026"
AP,Amapá,Norte,senador,30002550229,Capi,Joao Alberto Rodrigues Capiberibe,401,PSB,,Aguardando julgamento,Concorrendo,ap-sen-capi,https://divulgacandcontas.tse.jus.br/divulga/#/candidato/2026/20322002026/AP/30002550229,"TSE DivulgaCandContas, consulta de 2/9/2026"
AP,Amapá,Norte,senador,30002553708,Helio Silva,Helio Palheta Silva,290,PCO,,Aguardando julgamento,Concorrendo,ap-sen-helio-silva,https://divulgacandcontas.tse.jus.br/divulga/#/candidato/2026/20322002026/AP/30002553708,"TSE DivulgaCandContas, consulta de 2/9/2026"
AP,Amapá,Norte,senador,30002551382,Juíza Jô,Joenilda Lobato Silva Lenzi,277,DC,,Deferido,Concorrendo,ap-sen-juiza-jo,https://divulgacandcontas.tse.jus.br/divulga/#/candidato/2026/20322002026/AP/30002551382,"TSE DivulgaCandContas, consulta de 2/9/2026"
AP,Amapá,Norte,senador,30002530069,Lucas Barreto,Luiz Cantuaria Barreto,555,PSD,TRABALHAR PARA TRANSFORMAR O AMAPÁ,Deferido,Concorrendo,ap-sen-lucas-barreto,https://divulgacandcontas.tse.jus.br/divulga/#/candidato/2026/20322002026/AP/30002530069,"TSE DivulgaCandContas, consulta de 2/9/2026"
AP,Amapá,Norte,senador,30002551381,Professor Uzian Pinto,Uzian Pinto Machado,272,DC,,Aguardando julgamento,Concorrendo,ap-sen-professor-uzian-pinto,https://divulgacandcontas.tse.jus.br/divulga/#/candidato/2026/20322002026/AP/30002551381,"TSE DivulgaCandContas, consulta de 2/9/2026"
AP,Amapá,Norte,senador,30002549909,Randolfe,Randolph Frederich Rodrigues Alves,130,PT,JUNTOS POR TODO O AMAPÁ,Aguardando julgamento,Concorrendo,ap-sen-randolfe,https://divulgacandcontas.tse.jus.br/divulga/#/candidato/2026/20322002026/AP/30002549909,"TSE DivulgaCandContas, consulta de 2/9/2026"
AP,Amapá,Norte,senador,30002530071,Rayssa Furlan,Rayssa Cadena Furlan,200,PODE,TRABALHAR PARA TRANSFORMAR O AMAPÁ,Deferido,Concorrendo,ap-sen-rayssa-furlan,https://divulgacandcontas.tse.jus.br/divulga/#/candidato/2026/20322002026/AP/30002530071,"TSE DivulgaCandContas, consulta de 2/9/2026"
AM,Amazonas,Norte,senador,40002542686,Capitão Alberto Neto,Alberto Barros Cavalcante Neto,222,PL,MUDAR É URGENTE,Aguardando julgamento,Concorrendo,am-sen-capitao-alberto-neto,https://divulgacandcontas.tse.jus.br/divulga/#/candidato/2026/20322002026/AM/40002542686,"TSE DivulgaCandContas, consulta de 2/9/2026"
AM,Amazonas,Norte,senador,40002535391,Dailson Corrêa,Dailson de Queiroz Corrêa,277,DC,,Deferido,Concorrendo,am-sen-dailson-correa,https://divulgacandcontas.tse.jus.br/divulga/#/candidato/2026/20322002026/AM/40002535391,"TSE DivulgaCandContas, consulta de 2/9/2026"
AM,Amazonas,Norte,senador,40002531447,Eduardo Braga,Carlos Eduardo de Souza Braga,155,MDB,FORÇA AMAZONAS,Deferido,Concorrendo,am-sen-eduardo-braga,https://divulgacandcontas.tse.jus.br/divulga/#/candidato/2026/20322002026/AM/40002531447,"TSE DivulgaCandContas, consulta de 2/9/2026"
AM,Amazonas,Norte,senador,40002535270,Evandro de Oliveira,José Evandro de Oliveira,161,PSTU,,Aguardando julgamento,Concorrendo,am-sen-evandro-de-oliveira,https://divulgacandcontas.tse.jus.br/divulga/#/candidato/2026/20322002026/AM/40002535270,"TSE DivulgaCandContas, consulta de 2/9/2026"
AM,Amazonas,Norte,senador,40002551283,Ismael Munduruku,Ismael Franklin Goncalves,181,REDE,FEDERAÇÃO PSOL REDE(PSOL/REDE),Aguardando julgamento,Concorrendo,am-sen-ismael-munduruku,https://divulgacandcontas.tse.jus.br/divulga/#/candidato/2026/20322002026/AM/40002551283,"TSE DivulgaCandContas, consulta de 2/9/2026"
AM,Amazonas,Norte,senador,40002537344,Plinio Valério,Francisco Plinio Valerio Tomaz,455,PSDB,FEDERAÇÃO PSDB CIDADANIA(PSDB/CIDADANIA),Aguardando julgamento,Concorrendo,am-sen-plinio-valerio,https://divulgacandcontas.tse.jus.br/divulga/#/candidato/2026/20322002026/AM/40002537344,"TSE DivulgaCandContas, consulta de 2/9/2026"
AM,Amazonas,Norte,senador,40002551281,Professora Evany,Maria Evany do Nascimento,500,PSOL,FEDERAÇÃO PSOL REDE(PSOL/REDE),Aguardando julgamento,Concorrendo,am-sen-professora-evany,https://divulgacandcontas.tse.jus.br/divulga/#/candidato/2026/20322002026/AM/40002551281,"TSE DivulgaCandContas, consulta de 2/9/2026"
AM,Amazonas,Norte,senador,40002541744,Wilson Lima,Wilson Miranda Lima,444,UNIÃO,UNIÃO PELO AMAZONAS,Aguardando julgamento,Concorrendo,am-sen-wilson-lima,https://divulgacandcontas.tse.jus.br/divulga/#/candidato/2026/20322002026/AM/40002541744,"TSE DivulgaCandContas, consulta de 2/9/2026"
AM,Amazonas,Norte,senador,40002550806,Xuxa do Amazonas,Milton Rogério Moreira Pinto,333,MOBILIZA,,Aguardando julgamento,Concorrendo,am-sen-xuxa-do-amazonas,https://divulgacandcontas.tse.jus.br/divulga/#/candidato/2026/20322002026/AM/40002550806,"TSE DivulgaCandContas, consulta de 2/9/2026"
BA,Bahia,Nordeste,senador,50002533124,Angelo Coronel,Angelo Mario Coronel de Azevedo Martins,100,REPUBLICANOS,UNIDOS PARA MUDAR A BAHIA,Deferido,Concorrendo,ba-sen-angelo-coronel,https://divulgacandcontas.tse.jus.br/divulga/#/candidato/2026/20322002026/BA/50002533124,"TSE DivulgaCandContas, consulta de 2/9/2026"
BA,Bahia,Nordeste,senador,50002536625,Carlos Sodré,Carlos Eduardo Sodré,333,MOBILIZA,,Deferido,Concorrendo,ba-sen-carlos-sodre,https://divulgacandcontas.tse.jus.br/divulga/#/candidato/2026/20322002026/BA/50002536625,"TSE DivulgaCandContas, consulta de 2/9/2026"
BA,Bahia,Nordeste,senador,50002550314,Gregorio Gould,Gregorio Motta Gould,800,UP,,Deferido,Concorrendo,ba-sen-gregorio-gould,https://divulgacandcontas.tse.jus.br/divulga/#/candidato/2026/20322002026/BA/50002550314,"TSE DivulgaCandContas, consulta de 2/9/2026"
BA,Bahia,Nordeste,senador,50002536317,Jaques Wagner,Jaques Wagner,130,PT,MAIS BAHIA MAIS BRASIL,Deferido,Concorrendo,ba-sen-jaques-wagner,https://divulgacandcontas.tse.jus.br/divulga/#/candidato/2026/20322002026/BA/50002536317,"TSE DivulgaCandContas, consulta de 2/9/2026"
BA,Bahia,Nordeste,senador,50002533123,João Roma,João Inácio Ribeiro Roma Neto,222,PL,UNIDOS PARA MUDAR A BAHIA,Deferido,Concorrendo,ba-sen-joao-roma,https://divulgacandcontas.tse.jus.br/divulga/#/candidato/2026/20322002026/BA/50002533123,"TSE DivulgaCandContas, consulta de 2/9/2026"
BA,Bahia,Nordeste,senador,50002534774,Marcelo Carvalho,Marcelo Carvalho Lavigne,180,REDE,FEDERAÇÃO PSOL REDE(PSOL/REDE),Deferido,Concorrendo,ba-sen-marcelo-carvalho,https://divulgacandcontas.tse.jus.br/divulga/#/candidato/2026/20322002026/BA/50002534774,"TSE DivulgaCandContas, consulta de 2/9/2026"
BA,Bahia,Nordeste,senador,50002553643,Marcelo Millet,Marcelo Millet Oliveira,290,PCO,,Deferido,Concorrendo,ba-sen-marcelo-millet,https://divulgacandcontas.tse.jus.br/divulga/#/candidato/2026/20322002026/BA/50002553643,"TSE DivulgaCandContas, consulta de 2/9/2026"
BA,Bahia,Nordeste,senador,50002536577,Marcelo Santtana,Marcelino Jose Guimaraes Santana,277,DC,,Deferido,Concorrendo,ba-sen-marcelo-santtana,https://divulgacandcontas.tse.jus.br/divulga/#/candidato/2026/20322002026/BA/50002536577,"TSE DivulgaCandContas, consulta de 2/9/2026"
BA,Bahia,Nordeste,senador,50002534769,Professora Delliana,Delliana Ricelli Ribeiro da Silva,500,PSOL,FEDERAÇÃO PSOL REDE(PSOL/REDE),Deferido,Concorrendo,ba-sen-professora-delliana,https://divulgacandcontas.tse.jus.br/divulga/#/candidato/2026/20322002026/BA/50002534769,"TSE DivulgaCandContas, consulta de 2/9/2026"
BA,Bahia,Nordeste,senador,50002536321,Rui Costa,Rui Costa dos Santos,133,PT,MAIS BAHIA MAIS BRASIL,Deferido,Concorrendo,ba-sen-rui-costa,https://divulgacandcontas.tse.jus.br/divulga/#/candidato/2026/20322002026/BA/50002536321,"TSE DivulgaCandContas, consulta de 2/9/2026"
CE,Ceará,Nordeste,senador,60002540754,Alcides Fernandes,Alcides Fernandes da Silva,222,PL,UNIR PARA MUDAR,Aguardando julgamento,Concorrendo,ce-sen-alcides-fernandes,https://divulgacandcontas.tse.jus.br/divulga/#/candidato/2026/20322002026/CE/60002540754,"TSE DivulgaCandContas, consulta de 2/9/2026"
CE,Ceará,Nordeste,senador,60002540753,Capitão Wagner,Wagner Sousa Gomes,445,UNIÃO,UNIR PARA MUDAR,Aguardando julgamento,Concorrendo,ce-sen-capitao-wagner,https://divulgacandcontas.tse.jus.br/divulga/#/candidato/2026/20322002026/CE/60002540753,"TSE DivulgaCandContas, consulta de 2/9/2026"
CE,Ceará,Nordeste,senador,60002533959,Catarina Matos,Catarina da Graca Almeida Matos,800,UP,,Deferido,Concorrendo,ce-sen-catarina-matos,https://divulgacandcontas.tse.jus.br/divulga/#/candidato/2026/20322002026/CE/60002533959,"TSE DivulgaCandContas, consulta de 2/9/2026"
CE,Ceará,Nordeste,senador,60002542479,Cid Gomes,Cid Ferreira Gomes,400,PSB,CEARÁ FORTE DO LADO CERTO,Aguardando julgamento,Concorrendo,ce-sen-cid-gomes,https://divulgacandcontas.tse.jus.br/divulga/#/candidato/2026/20322002026/CE/60002542479,"TSE DivulgaCandContas, consulta de 2/9/2026"
CE,Ceará,Nordeste,senador,60002539687,Guilherme Theophilo,Guilherme Cals Theophilo Gaspar de Oliveira,300,NOVO,,Aguardando julgamento,Concorrendo,ce-sen-guilherme-theophilo,https://divulgacandcontas.tse.jus.br/divulga/#/candidato/2026/20322002026/CE/60002539687,"TSE DivulgaCandContas, consulta de 2/9/2026"
CE,Ceará,Nordeste,senador,60002551397,Lino Alves,Lino Alves de Almeida,290,PCO,,Aguardando julgamento,Concorrendo,ce-sen-lino-alves,https://divulgacandcontas.tse.jus.br/divulga/#/candidato/2026/20322002026/CE/60002551397,"TSE DivulgaCandContas, consulta de 2/9/2026"
CE,Ceará,Nordeste,senador,60002542476,Luizianne,Luizianne de Oliveira Lins,180,REDE,CEARÁ FORTE DO LADO CERTO,Aguardando julgamento,Concorrendo,ce-sen-luizianne,https://divulgacandcontas.tse.jus.br/divulga/#/candidato/2026/20322002026/CE/60002542476,"TSE DivulgaCandContas, consulta de 2/9/2026"
CE,Ceará,Nordeste,senador,60002550748,Reginaldo,Reginaldo Ferreira de Araujo,162,PSTU,,Aguardando julgamento,Concorrendo,ce-sen-reginaldo,https://divulgacandcontas.tse.jus.br/divulga/#/candidato/2026/20322002026/CE/60002550748,"TSE DivulgaCandContas, consulta de 2/9/2026"
DF,Distrito Federal,Centro-Oeste,senador,70002553859,Avenir Rosa,Avenir Angelo Rosa Filho,355,DEMOCRATA,,Aguardando julgamento,Concorrendo,df-sen-avenir-rosa,https://divulgacandcontas.tse.jus.br/divulga/#/candidato/2026/20322002026/DF/70002553859,"TSE DivulgaCandContas, consulta de 2/9/2026"
DF,Distrito Federal,Centro-Oeste,senador,70002552934,Bia Kicis,Beatriz Kicis Torrents de Sordi,223,PL,PROPÓSITO E AÇÃO,Deferido,Concorrendo,df-sen-bia-kicis,https://divulgacandcontas.tse.jus.br/divulga/#/candidato/2026/20322002026/DF/70002552934,"TSE DivulgaCandContas, consulta de 2/9/2026"
DF,Distrito Federal,Centro-Oeste,senador,70002551426,David Horn,David Horn Pureza,290,PCO,,Deferido,Concorrendo,df-sen-david-horn,https://divulgacandcontas.tse.jus.br/divulga/#/candidato/2026/20322002026/DF/70002551426,"TSE DivulgaCandContas, consulta de 2/9/2026"
DF,Distrito Federal,Centro-Oeste,senador,70002552490,Erika Kokay,Erika Jucá Kokay,131,PT,DF DO POVO,Deferido,Concorrendo,df-sen-erika-kokay,https://divulgacandcontas.tse.jus.br/divulga/#/candidato/2026/20322002026/DF/70002552490,"TSE DivulgaCandContas, consulta de 2/9/2026"
DF,Distrito Federal,Centro-Oeste,senador,70002553296,Guto Felício dos Santos,Paulo Augusto Pimenta Felicio dos Santos,456,PSDB,FEDERAÇÃO PSDB CIDADANIA(PSDB/CIDADANIA),Deferido,Concorrendo,df-sen-guto-felicio-dos-santos,https://divulgacandcontas.tse.jus.br/divulga/#/candidato/2026/20322002026/DF/70002553296,"TSE DivulgaCandContas, consulta de 2/9/2026"
DF,Distrito Federal,Centro-Oeste,senador,70002552492,Leila do Vôlei,Leila Gomes de Barros Rêgo,123,PDT,DF DO POVO,Deferido,Concorrendo,df-sen-leila-do-volei,https://divulgacandcontas.tse.jus.br/divulga/#/candidato/2026/20322002026/DF/70002552492,"TSE DivulgaCandContas, consulta de 2/9/2026"
DF,Distrito Federal,Centro-Oeste,senador,70002552582,Marley,Marley Mendonca Alves,700,AVANTE,,Aguardando julgamento,Concorrendo,df-sen-marley,https://divulgacandcontas.tse.jus.br/divulga/#/candidato/2026/20322002026/DF/70002552582,"TSE DivulgaCandContas, consulta de 2/9/2026"
DF,Distrito Federal,Centro-Oeste,senador,70002552936,Michelle Bolsonaro,Michelle de Paula Firmo Reinaldo Bolsonaro,222,PL,PROPÓSITO E AÇÃO,Deferido,Concorrendo,df-sen-michelle-bolsonaro,https://divulgacandcontas.tse.jus.br/divulga/#/candidato/2026/20322002026/DF/70002552936,"TSE DivulgaCandContas, consulta de 2/9/2026"
DF,Distrito Federal,Centro-Oeste,senador,70002537112,Professor Guilherme Amorim,Guilherme de Amorim Lino,800,UP,,Deferido,Concorrendo,df-sen-professor-guilherme-amorim,https://divulgacandcontas.tse.jus.br/divulga/#/candidato/2026/20322002026/DF/70002537112,"TSE DivulgaCandContas, consulta de 2/9/2026"
DF,Distrito Federal,Centro-Oeste,senador,70002553751,Ronaldo Fonseca,Ronaldo Fonseca de Souza,555,PSD,,Aguardando julgamento,Concorrendo,df-sen-ronaldo-fonseca,https://divulgacandcontas.tse.jus.br/divulga/#/candidato/2026/20322002026/DF/70002553751,"TSE DivulgaCandContas, consulta de 2/9/2026"
DF,Distrito Federal,Centro-Oeste,senador,70002548624,Sebastião Coelho,Sebastiao Coelho da Silva,300,NOVO,,Deferido,Concorrendo,df-sen-sebastiao-coelho,https://divulgacandcontas.tse.jus.br/divulga/#/candidato/2026/20322002026/DF/70002548624,"TSE DivulgaCandContas, consulta de 2/9/2026"
DF,Distrito Federal,Centro-Oeste,senador,70002551323,Tiago,Tiago Társis Adaldo,360,AGIR,,Aguardando julgamento,Concorrendo,df-sen-tiago,https://divulgacandcontas.tse.jus.br/divulga/#/candidato/2026/20322002026/DF/70002551323,"TSE DivulgaCandContas, consulta de 2/9/2026"
DF,Distrito Federal,Centro-Oeste,senador,70002536445,Zanata,Eduardo Rennó Zanata,161,PSTU,,Deferido,Concorrendo,df-sen-zanata,https://divulgacandcontas.tse.jus.br/divulga/#/candidato/2026/20322002026/DF/70002536445,"TSE DivulgaCandContas, consulta de 2/9/2026"
ES,Espírito Santo,Sudeste,senador,80002542401,Callegari,Wellington Callegari,277,DC,SENADO FORTE,Aguardando julgamento,Concorrendo,es-sen-callegari,https://divulgacandcontas.tse.jus.br/divulga/#/candidato/2026/20322002026/ES/80002542401,"TSE DivulgaCandContas, consulta de 2/9/2026"
ES,Espírito Santo,Sudeste,senador,80002553265,Evair de Melo,Evair Vieira de Melo,100,REPUBLICANOS,PAZ PRA VIVER UM NOVO TEMPO,Aguardando julgamento,Concorrendo,es-sen-evair-de-melo,https://divulgacandcontas.tse.jus.br/divulga/#/candidato/2026/20322002026/ES/80002553265,"TSE DivulgaCandContas, consulta de 2/9/2026"
ES,Espírito Santo,Sudeste,senador,80002550187,Fabiano Contarato,Fabiano Contarato,133,PT,FEDERAÇÃO BRASIL DA ESPERANÇA - FE BRASIL(PT/PC do B/PV),Deferido,Concorrendo,es-sen-fabiano-contarato,https://divulgacandcontas.tse.jus.br/divulga/#/candidato/2026/20322002026/ES/80002550187,"TSE DivulgaCandContas, consulta de 2/9/2026"
ES,Espírito Santo,Sudeste,senador,80002530022,Leonardo Monjardim,Leonardo Passos Monjardim,300,NOVO,,Deferido,Concorrendo,es-sen-leonardo-monjardim,https://divulgacandcontas.tse.jus.br/divulga/#/candidato/2026/20322002026/ES/80002530022,"TSE DivulgaCandContas, consulta de 2/9/2026"
ES,Espírito Santo,Sudeste,senador,80002553269,Maguinha Malta,Magda Santos Malta,222,PL,PAZ PRA VIVER UM NOVO TEMPO,Aguardando julgamento,Concorrendo,es-sen-maguinha-malta,https://divulgacandcontas.tse.jus.br/divulga/#/candidato/2026/20322002026/ES/80002553269,"TSE DivulgaCandContas, consulta de 2/9/2026"
ES,Espírito Santo,Sudeste,senador,80002538202,Marcos do Val,Marcos Ribeiro do Val,700,AVANTE,,Deferido,Concorrendo,es-sen-marcos-do-val,https://divulgacandcontas.tse.jus.br/divulga/#/candidato/2026/20322002026/ES/80002538202,"TSE DivulgaCandContas, consulta de 2/9/2026"
ES,Espírito Santo,Sudeste,senador,80002549404,Professor Fabian,Carlos Fabian de Carvalho,500,PSOL,FEDERAÇÃO PSOL REDE(PSOL/REDE),Deferido,Concorrendo,es-sen-professor-fabian,https://divulgacandcontas.tse.jus.br/divulga/#/candidato/2026/20322002026/ES/80002549404,"TSE DivulgaCandContas, consulta de 2/9/2026"
ES,Espírito Santo,Sudeste,senador,80002551370,Renato Casagrande,José Renato Casagrande,400,PSB,AGORA É O FUTURO,Aguardando julgamento,Concorrendo,es-sen-renato-casagrande,https://divulgacandcontas.tse.jus.br/divulga/#/candidato/2026/20322002026/ES/80002551370,"TSE DivulgaCandContas, consulta de 2/9/2026"
ES,Espírito Santo,Sudeste,senador,80002552373,Rodney Miranda,Rodney Rocha Miranda,280,PRTB,,Aguardando julgamento,Concorrendo,es-sen-rodney-miranda,https://divulgacandcontas.tse.jus.br/divulga/#/candidato/2026/20322002026/ES/80002552373,"TSE DivulgaCandContas, consulta de 2/9/2026"
ES,Espírito Santo,Sudeste,senador,80002551368,Rose de Freitas,Rosilda de Freitas,156,MDB,AGORA É O FUTURO,Aguardando julgamento,Concorrendo,es-sen-rose-de-freitas,https://divulgacandcontas.tse.jus.br/divulga/#/candidato/2026/20322002026/ES/80002551368,"TSE DivulgaCandContas, consulta de 2/9/2026"
ES,Espírito Santo,Sudeste,senador,80002552692,Sergio Meneguelli,Sergio Meneguelli,556,PSD,,Aguardando julgamento,Concorrendo,es-sen-sergio-meneguelli,https://divulgacandcontas.tse.jus.br/divulga/#/candidato/2026/20322002026/ES/80002552692,"TSE DivulgaCandContas, consulta de 2/9/2026"
GO,Goiás,Centro-Oeste,senador,90002541454,Cintia Dias,Cintia Aparecida Dias,500,PSOL,GOIÁS PODE MAIS,Aguardando julgamento,Concorrendo,go-sen-cintia-dias,https://divulgacandcontas.tse.jus.br/divulga/#/candidato/2026/20322002026/GO/90002541454,"TSE DivulgaCandContas, consulta de 2/9/2026"
GO,Goiás,Centro-Oeste,senador,90002546974,Dr. Zacharias Calil,Zacarias Calil Hamu,155,MDB,,Aguardando julgamento,Concorrendo,go-sen-dr-zacharias-calil,https://divulgacandcontas.tse.jus.br/divulga/#/candidato/2026/20322002026/GO/90002546974,"TSE DivulgaCandContas, consulta de 2/9/2026"
GO,Goiás,Centro-Oeste,senador,90002545243,Ernesto Roller,Ernesto Guimarães Roller,456,PSDB,GOIÁS DE VERDADE,Aguardando julgamento,Concorrendo,go-sen-ernesto-roller,https://divulgacandcontas.tse.jus.br/divulga/#/candidato/2026/20322002026/GO/90002545243,"TSE DivulgaCandContas, consulta de 2/9/2026"
GO,Goiás,Centro-Oeste,senador,90002540997,Gracinha Caiado,Maria das Graças Landim de Carvalho Caiado,444,UNIÃO,FEDERAÇÃO UNIÃO PROGRESSISTA(UNIÃO/PP),Deferido,Concorrendo,go-sen-gracinha-caiado,https://divulgacandcontas.tse.jus.br/divulga/#/candidato/2026/20322002026/GO/90002540997,"TSE DivulgaCandContas, consulta de 2/9/2026"
GO,Goiás,Centro-Oeste,senador,90002551198,Guilherme Darques,Guilherme Darques Alves de Paula,800,UP,,Aguardando julgamento,Concorrendo,go-sen-guilherme-darques,https://divulgacandcontas.tse.jus.br/divulga/#/candidato/2026/20322002026/GO/90002551198,"TSE DivulgaCandContas, consulta de 2/9/2026"
GO,Goiás,Centro-Oeste,senador,90002543556,Gustavo Gayer,Gustavo Gayer Machado de Araujo,222,PL,GOIÁS QUE CRESCE,Aguardando julgamento,Concorrendo,go-sen-gustavo-gayer,https://divulgacandcontas.tse.jus.br/divulga/#/candidato/2026/20322002026/GO/90002543556,"TSE DivulgaCandContas, consulta de 2/9/2026"
GO,Goiás,Centro-Oeste,senador,90002540998,Gustavo Mendanha,Gustavo Mendanha Melo,251,PRD,FEDERAÇÃO RENOVAÇÃO SOLIDÁRIA(PRD/SOLIDARIEDADE),Aguardando julgamento,Concorrendo,go-sen-gustavo-mendanha,https://divulgacandcontas.tse.jus.br/divulga/#/candidato/2026/20322002026/GO/90002540998,"TSE DivulgaCandContas, consulta de 2/9/2026"
GO,Goiás,Centro-Oeste,senador,90002541455,Isaura Lemos,Maria Isaura Lemos,400,PSB,GOIÁS PODE MAIS,Deferido,Concorrendo,go-sen-isaura-lemos,https://divulgacandcontas.tse.jus.br/divulga/#/candidato/2026/20322002026/GO/90002541455,"TSE DivulgaCandContas, consulta de 2/9/2026"
GO,Goiás,Centro-Oeste,senador,90002545244,Iure Castro,Iure de Castro Silva,234,CIDADANIA,GOIÁS DE VERDADE,Aguardando julgamento,Concorrendo,go-sen-iure-castro,https://divulgacandcontas.tse.jus.br/divulga/#/candidato/2026/20322002026/GO/90002545244,"TSE DivulgaCandContas, consulta de 2/9/2026"
GO,Goiás,Centro-Oeste,senador,90002543560,Oséias Varão,Oseias Mendes Pereira Varão,227,PL,GOIÁS QUE CRESCE,Aguardando julgamento,Concorrendo,go-sen-oseias-varao,https://divulgacandcontas.tse.jus.br/divulga/#/candidato/2026/20322002026/GO/90002543560,"TSE DivulgaCandContas, consulta de 2/9/2026"
GO,Goiás,Centro-Oeste,senador,90002543215,Vanderlan Cardoso,Vanderlan Vieira Cardoso,555,PSD,,Aguardando julgamento,Concorrendo,go-sen-vanderlan-cardoso,https://divulgacandcontas.tse.jus.br/divulga/#/candidato/2026/20322002026/GO/90002543215,"TSE DivulgaCandContas, consulta de 2/9/2026"
MA,Maranhão,Nordeste,senador,100002537364,Cidônio Gonçalves,Cidonio Goncalves dos Santos,222,PL,,Aguardando julgamento,Concorrendo,ma-sen-cidonio-goncalves,https://divulgacandcontas.tse.jus.br/divulga/#/candidato/2026/20322002026/MA/100002537364,"TSE DivulgaCandContas, consulta de 2/9/2026"
MA,Maranhão,Nordeste,senador,100002550418,Dr.hilton Gonçalo,Hilton Goncalo de Sousa,333,MOBILIZA,TEMPO DE RENOVAÇÃO,Aguardando julgamento,Concorrendo,ma-sen-dr-hilton-goncalo,https://divulgacandcontas.tse.jus.br/divulga/#/candidato/2026/20322002026/MA/100002550418,"TSE DivulgaCandContas, consulta de 2/9/2026"
MA,Maranhão,Nordeste,senador,100002541459,Eliziane Gama,Eliziane Pereira Gama Melo,133,PT,"BRASIL JUSTO, MARANHÃO GRANDE",Aguardando julgamento,Concorrendo,ma-sen-eliziane-gama,https://divulgacandcontas.tse.jus.br/divulga/#/candidato/2026/20322002026/MA/100002541459,"TSE DivulgaCandContas, consulta de 2/9/2026"
MA,Maranhão,Nordeste,senador,100002548853,Enilton Rodrigues,Enilton Silva Rodrigues,500,PSOL,"BRASIL JUSTO, MARANHÃO GRANDE",Aguardando julgamento,Concorrendo,ma-sen-enilton-rodrigues,https://divulgacandcontas.tse.jus.br/divulga/#/candidato/2026/20322002026/MA/100002548853,"TSE DivulgaCandContas, consulta de 2/9/2026"
MA,Maranhão,Nordeste,senador,100002542867,Fufuca,Andre Luiz Carvalho Ribeiro,111,PP,MARANHÃO DE CARA NOVA,Aguardando julgamento,Concorrendo,ma-sen-fufuca,https://divulgacandcontas.tse.jus.br/divulga/#/candidato/2026/20322002026/MA/100002542867,"TSE DivulgaCandContas, consulta de 2/9/2026"
MA,Maranhão,Nordeste,senador,100002548011,Lahesio Bonfim,Lahesio Rodrigues do Bonfim,300,NOVO,PRA TRANSFORMAR O MARANHÃO,Aguardando julgamento,Concorrendo,ma-sen-lahesio-bonfim,https://divulgacandcontas.tse.jus.br/divulga/#/candidato/2026/20322002026/MA/100002548011,"TSE DivulgaCandContas, consulta de 2/9/2026"
MA,Maranhão,Nordeste,senador,100002549014,Raimundo Moreira,Raimundo Moreira Correa,212,PCB,,Aguardando julgamento,Concorrendo,ma-sen-raimundo-moreira,https://divulgacandcontas.tse.jus.br/divulga/#/candidato/2026/20322002026/MA/100002549014,"TSE DivulgaCandContas, consulta de 2/9/2026"
MA,Maranhão,Nordeste,senador,100002549583,Roseana Sarney,Roseana Sarney Murad,151,MDB,POR TODO MARANHÃO,Aguardando julgamento,Concorrendo,ma-sen-roseana-sarney,https://divulgacandcontas.tse.jus.br/divulga/#/candidato/2026/20322002026/MA/100002549583,"TSE DivulgaCandContas, consulta de 2/9/2026"
MA,Maranhão,Nordeste,senador,100002553336,Simplício Araújo,José Simplício Alves de Araújo,277,DC,,Aguardando julgamento,Concorrendo,ma-sen-simplicio-araujo,https://divulgacandcontas.tse.jus.br/divulga/#/candidato/2026/20322002026/MA/100002553336,"TSE DivulgaCandContas, consulta de 2/9/2026"
MA,Maranhão,Nordeste,senador,100002537338,Weverton Rocha,Weverton Rocha Marques de Sousa,123,PDT,POR TODO MARANHÃO,Aguardando julgamento,Concorrendo,ma-sen-weverton-rocha,https://divulgacandcontas.tse.jus.br/divulga/#/candidato/2026/20322002026/MA/100002537338,"TSE DivulgaCandContas, consulta de 2/9/2026"
MA,Maranhão,Nordeste,senador,100002536212,Wilson Leite,Francisco Wilson Leite da Silva,160,PSTU,,Aguardando julgamento,Concorrendo,ma-sen-wilson-leite,https://divulgacandcontas.tse.jus.br/divulga/#/candidato/2026/20322002026/MA/100002536212,"TSE DivulgaCandContas, consulta de 2/9/2026"
MT,Mato Grosso,Centro-Oeste,senador,110002553706,Beny Godoy,Benival Alves da Silva,365,AGIR,,Aguardando julgamento,Concorrendo,mt-sen-beny-godoy,https://divulgacandcontas.tse.jus.br/divulga/#/candidato/2026/20322002026/MT/110002553706,"TSE DivulgaCandContas, consulta de 2/9/2026"
MT,Mato Grosso,Centro-Oeste,senador,110002548042,Coronel Darwin,Darwin Salgado Germano,351,DEMOCRATA,,Aguardando julgamento,Concorrendo,mt-sen-coronel-darwin,https://divulgacandcontas.tse.jus.br/divulga/#/candidato/2026/20322002026/MT/110002548042,"TSE DivulgaCandContas, consulta de 2/9/2026"
MT,Mato Grosso,Centro-Oeste,senador,110002544986,Fávaro,Carlos Henrique Baqueta Favaro,555,PSD,MATO GROSSO PARA TODOS,Aguardando julgamento,Concorrendo,mt-sen-favaro,https://divulgacandcontas.tse.jus.br/divulga/#/candidato/2026/20322002026/MT/110002544986,"TSE DivulgaCandContas, consulta de 2/9/2026"
MT,Mato Grosso,Centro-Oeste,senador,110002540403,Galvan,Antonio Galvan,700,AVANTE,,Aguardando julgamento,Concorrendo,mt-sen-galvan,https://divulgacandcontas.tse.jus.br/divulga/#/candidato/2026/20322002026/MT/110002540403,"TSE DivulgaCandContas, consulta de 2/9/2026"
MT,Mato Grosso,Centro-Oeste,senador,110002552698,Janaina Riva,Janaina Greyce Riva Fagundes,150,MDB,CORAÇÃO DA GENTE,Aguardando julgamento,Concorrendo,mt-sen-janaina-riva,https://divulgacandcontas.tse.jus.br/divulga/#/candidato/2026/20322002026/MT/110002552698,"TSE DivulgaCandContas, consulta de 2/9/2026"
MT,Mato Grosso,Centro-Oeste,senador,110002551967,Margareth Buzetti,Margareth Gettert Busetti,111,PP,MATO GROSSO NÃO PODE PARAR,Aguardando julgamento,Concorrendo,mt-sen-margareth-buzetti,https://divulgacandcontas.tse.jus.br/divulga/#/candidato/2026/20322002026/MT/110002551967,"TSE DivulgaCandContas, consulta de 2/9/2026"
MT,Mato Grosso,Centro-Oeste,senador,110002551966,Mauro Mendes,Mauro Mendes Ferreira,444,UNIÃO,MATO GROSSO NÃO PODE PARAR,Aguardando julgamento,Concorrendo,mt-sen-mauro-mendes,https://divulgacandcontas.tse.jus.br/divulga/#/candidato/2026/20322002026/MT/110002551966,"TSE DivulgaCandContas, consulta de 2/9/2026"
MT,Mato Grosso,Centro-Oeste,senador,110002544988,Pedro Taques,Jose Pedro Goncalves Taques,400,PSB,MATO GROSSO PARA TODOS,Aguardando julgamento,Concorrendo,mt-sen-pedro-taques,https://divulgacandcontas.tse.jus.br/divulga/#/candidato/2026/20322002026/MT/110002544988,"TSE DivulgaCandContas, consulta de 2/9/2026"
MT,Mato Grosso,Centro-Oeste,senador,110002553701,Professor Nelson Ferreira,Nelson Carlos Ferreira Junior,360,AGIR,,Aguardando julgamento,Concorrendo,mt-sen-professor-nelson-ferreira,https://divulgacandcontas.tse.jus.br/divulga/#/candidato/2026/20322002026/MT/110002553701,"TSE DivulgaCandContas, consulta de 2/9/2026"
MT,Mato Grosso,Centro-Oeste,senador,110002552693,Zé Medeiros,Jose Antonio dos Santos Medeiros,222,PL,CORAÇÃO DA GENTE,Aguardando julgamento,Concorrendo,mt-sen-ze-medeiros,https://divulgacandcontas.tse.jus.br/divulga/#/candidato/2026/20322002026/MT/110002552693,"TSE DivulgaCandContas, consulta de 2/9/2026"
MS,Mato Grosso do Sul,Centro-Oeste,senador,120002532721,Beto do Movimento,Jonas Carlos da Conceicao,500,PSOL,FEDERAÇÃO PSOL REDE(PSOL/REDE),Deferido,Concorrendo,ms-sen-beto-do-movimento,https://divulgacandcontas.tse.jus.br/divulga/#/candidato/2026/20322002026/MS/120002532721,"TSE DivulgaCandContas, consulta de 2/9/2026"
MS,Mato Grosso do Sul,Centro-Oeste,senador,120002535769,Capitão Contar,Renan Barbosa Contar,221,PL,FAZENDO O FUTURO ACONTECER,Deferido,Concorrendo,ms-sen-capitao-contar,https://divulgacandcontas.tse.jus.br/divulga/#/candidato/2026/20322002026/MS/120002535769,"TSE DivulgaCandContas, consulta de 2/9/2026"
MS,Mato Grosso do Sul,Centro-Oeste,senador,120002534952,Daniel Junior,Daniel Rodrigues Junior,365,AGIR,,Indeferido em prazo recursal ou com recurso,Concorrendo,ms-sen-daniel-junior,https://divulgacandcontas.tse.jus.br/divulga/#/candidato/2026/20322002026/MS/120002534952,"TSE DivulgaCandContas, consulta de 2/9/2026"
MS,Mato Grosso do Sul,Centro-Oeste,senador,120002551909,Luiz Lemes,Luiz Antonio Lemes de Oliveira,277,DC,,Deferido,Concorrendo,ms-sen-luiz-lemes,https://divulgacandcontas.tse.jus.br/divulga/#/candidato/2026/20322002026/MS/120002551909,"TSE DivulgaCandContas, consulta de 2/9/2026"
MS,Mato Grosso do Sul,Centro-Oeste,senador,120002535764,Reinaldo Azambuja,Reinaldo Azambuja Silva,222,PL,FAZENDO O FUTURO ACONTECER,Deferido,Concorrendo,ms-sen-reinaldo-azambuja,https://divulgacandcontas.tse.jus.br/divulga/#/candidato/2026/20322002026/MS/120002535764,"TSE DivulgaCandContas, consulta de 2/9/2026"
MS,Mato Grosso do Sul,Centro-Oeste,senador,120002552115,Roberto Oshiro,Roberto Tarashigue Oshiro Junior,300,NOVO,,Deferido,Concorrendo,ms-sen-roberto-oshiro,https://divulgacandcontas.tse.jus.br/divulga/#/candidato/2026/20322002026/MS/120002552115,"TSE DivulgaCandContas, consulta de 2/9/2026"
MS,Mato Grosso do Sul,Centro-Oeste,senador,120002547434,Soraya,Soraya Vieira Thronicke,400,PSB,POR UM MS DO POVO,Deferido,Concorrendo,ms-sen-soraya,https://divulgacandcontas.tse.jus.br/divulga/#/candidato/2026/20322002026/MS/120002547434,"TSE DivulgaCandContas, consulta de 2/9/2026"
MS,Mato Grosso do Sul,Centro-Oeste,senador,120002552196,Valderi Garcia,Valderi Garcia,290,PCO,,Deferido,Concorrendo,ms-sen-valderi-garcia,https://divulgacandcontas.tse.jus.br/divulga/#/candidato/2026/20322002026/MS/120002552196,"TSE DivulgaCandContas, consulta de 2/9/2026"
MS,Mato Grosso do Sul,Centro-Oeste,senador,120002552183,Valter da Comagran,Valter Juvenal de Oliveira,258,PRD,FEDERAÇÃO RENOVAÇÃO SOLIDÁRIA(PRD/SOLIDARIEDADE),Deferido,Concorrendo,ms-sen-valter-da-comagran,https://divulgacandcontas.tse.jus.br/divulga/#/candidato/2026/20322002026/MS/120002552183,"TSE DivulgaCandContas, consulta de 2/9/2026"
MS,Mato Grosso do Sul,Centro-Oeste,senador,120002547435,Vander Loubet,Vander Luiz dos Santos Loubet,133,PT,POR UM MS DO POVO,Deferido,Concorrendo,ms-sen-vander-loubet,https://divulgacandcontas.tse.jus.br/divulga/#/candidato/2026/20322002026/MS/120002547435,"TSE DivulgaCandContas, consulta de 2/9/2026"
MG,Minas Gerais,Sudeste,senador,130002554332,Aécio Neves,Aécio Neves da Cunha,456,PSDB,CUIDAR DE MINAS,Aguardando julgamento,Concorrendo,mg-sen-aecio-neves,https://divulgacandcontas.tse.jus.br/divulga/#/candidato/2026/20322002026/MG/130002554332,"TSE DivulgaCandContas, consulta de 2/9/2026"
MG,Minas Gerais,Sudeste,senador,130002547884,Ana Luiza do MLB,Ana Luiza Cardoso de Macedo,808,UP,,Deferido,Concorrendo,mg-sen-ana-luiza-do-mlb,https://divulgacandcontas.tse.jus.br/divulga/#/candidato/2026/20322002026/MG/130002547884,"TSE DivulgaCandContas, consulta de 2/9/2026"
MG,Minas Gerais,Sudeste,senador,130002552302,Arcanjo Pimenta,Arcanjo Carlos Pimenta,155,MDB,,Aguardando julgamento,Concorrendo,mg-sen-arcanjo-pimenta,https://divulgacandcontas.tse.jus.br/divulga/#/candidato/2026/20322002026/MG/130002552302,"TSE DivulgaCandContas, consulta de 2/9/2026"
MG,Minas Gerais,Sudeste,senador,130002550557,Áurea Carolina,Aurea Carolina de Freitas e Silva,500,PSOL,PRA MINAS GERAIS VOLTAR A SONHAR,Deferido,Concorrendo,mg-sen-aurea-carolina,https://divulgacandcontas.tse.jus.br/divulga/#/candidato/2026/20322002026/MG/130002550557,"TSE DivulgaCandContas, consulta de 2/9/2026"
MG,Minas Gerais,Sudeste,senador,130002552186,Carlin Moura,Carlos Magno de Moura Soares,700,AVANTE,,Aguardando julgamento,Concorrendo,mg-sen-carlin-moura,https://divulgacandcontas.tse.jus.br/divulga/#/candidato/2026/20322002026/MG/130002552186,"TSE DivulgaCandContas, consulta de 2/9/2026"
MG,Minas Gerais,Sudeste,senador,130002545590,Carlos Viana,Carlos Alberto Dias Viana,555,PSD,,Aguardando julgamento,Concorrendo,mg-sen-carlos-viana,https://divulgacandcontas.tse.jus.br/divulga/#/candidato/2026/20322002026/MG/130002545590,"TSE DivulgaCandContas, consulta de 2/9/2026"
MG,Minas Gerais,Sudeste,senador,130002551786,Domingos Sávio,Domingos Savio Campos Resende,222,PL,,Aguardando julgamento,Concorrendo,mg-sen-domingos-savio,https://divulgacandcontas.tse.jus.br/divulga/#/candidato/2026/20322002026/MG/130002551786,"TSE DivulgaCandContas, consulta de 2/9/2026"
MG,Minas Gerais,Sudeste,senador,130002547882,Fidélis Alcântara,Fidelis Oliveira Alcantara,800,UP,,Aguardando julgamento,Concorrendo,mg-sen-fidelis-alcantara,https://divulgacandcontas.tse.jus.br/divulga/#/candidato/2026/20322002026/MG/130002547882,"TSE DivulgaCandContas, consulta de 2/9/2026"
MG,Minas Gerais,Sudeste,senador,130002551929,Jordano Metalúrgico,Jordano Carvalho dos Santos,160,PSTU,,Aguardando julgamento,Concorrendo,mg-sen-jordano-metalurgico,https://divulgacandcontas.tse.jus.br/divulga/#/candidato/2026/20322002026/MG/130002551929,"TSE DivulgaCandContas, consulta de 2/9/2026"
MG,Minas Gerais,Sudeste,senador,130002551265,Juíz Ramon Moreira,Ramon Moreira,277,DC,,Aguardando julgamento,Concorrendo,mg-sen-juiz-ramon-moreira,https://divulgacandcontas.tse.jus.br/divulga/#/candidato/2026/20322002026/MG/130002551265,"TSE DivulgaCandContas, consulta de 2/9/2026"
MG,Minas Gerais,Sudeste,senador,130002552299,Manoel Carvalho,Manoel Teodoro Pereira de Carvalho Filho,150,MDB,,Deferido,Concorrendo,mg-sen-manoel-carvalho,https://divulgacandcontas.tse.jus.br/divulga/#/candidato/2026/20322002026/MG/130002552299,"TSE DivulgaCandContas, consulta de 2/9/2026"
MG,Minas Gerais,Sudeste,senador,130002548381,Marcelo Aro,Marcelo Guilherme de Aro Ferreira,111,PP,FEDERAÇÃO UNIÃO PROGRESSISTA(UNIÃO/PP),Deferido,Concorrendo,mg-sen-marcelo-aro,https://divulgacandcontas.tse.jus.br/divulga/#/candidato/2026/20322002026/MG/130002548381,"TSE DivulgaCandContas, consulta de 2/9/2026"
MG,Minas Gerais,Sudeste,senador,130002551284,Marco Antônio Superman,Marco Antônio Moreira da Costa,300,NOVO,,Deferido,Concorrendo,mg-sen-marco-antonio-superman,https://divulgacandcontas.tse.jus.br/divulga/#/candidato/2026/20322002026/MG/130002551284,"TSE DivulgaCandContas, consulta de 2/9/2026"
MG,Minas Gerais,Sudeste,senador,130002550560,Marília Campos,Marilia Aparecida Campos,131,PT,PRA MINAS GERAIS VOLTAR A SONHAR,Aguardando julgamento,Concorrendo,mg-sen-marilia-campos,https://divulgacandcontas.tse.jus.br/divulga/#/candidato/2026/20322002026/MG/130002550560,"TSE DivulgaCandContas, consulta de 2/9/2026"
MG,Minas Gerais,Sudeste,senador,130002552311,Tião Pessoa,Sebastiao de Oliveira Pessoa,290,PCO,,Aguardando julgamento,Concorrendo,mg-sen-tiao-pessoa,https://divulgacandcontas.tse.jus.br/divulga/#/candidato/2026/20322002026/MG/130002552311,"TSE DivulgaCandContas, consulta de 2/9/2026"
MG,Minas Gerais,Sudeste,senador,130002551930,Victória Mello Vic,Victoria de Fatima de Mello,161,PSTU,,Aguardando julgamento,Concorrendo,mg-sen-victoria-mello-vic,https://divulgacandcontas.tse.jus.br/divulga/#/candidato/2026/20322002026/MG/130002551930,"TSE DivulgaCandContas, consulta de 2/9/2026"
PA,Pará,Norte,senador,140002553852,Breno Guimarães,Breno Ramos Guimaraes Martins,333,MOBILIZA,,Aguardando julgamento,Concorrendo,pa-sen-breno-guimaraes,https://divulgacandcontas.tse.jus.br/divulga/#/candidato/2026/20322002026/PA/140002553852,"TSE DivulgaCandContas, consulta de 2/9/2026"
PA,Pará,Norte,senador,140002538404,Celso Sabino,Celso Sabino de Oliveira,123,PDT,,Deferido,Concorrendo,pa-sen-celso-sabino,https://divulgacandcontas.tse.jus.br/divulga/#/candidato/2026/20322002026/PA/140002538404,"TSE DivulgaCandContas, consulta de 2/9/2026"
PA,Pará,Norte,senador,140002550780,Chicão,Francisco das Chagas Silva Melo Filho,444,UNIÃO,O PARÁ TÁ JUNTO,Aguardando julgamento,Concorrendo,pa-sen-chicao,https://divulgacandcontas.tse.jus.br/divulga/#/candidato/2026/20322002026/PA/140002550780,"TSE DivulgaCandContas, consulta de 2/9/2026"
PA,Pará,Norte,senador,140002545674,Conti,Marcelino Conti de Souza,500,PSOL,FEDERAÇÃO PSOL REDE(PSOL/REDE),Deferido,Concorrendo,pa-sen-conti,https://divulgacandcontas.tse.jus.br/divulga/#/candidato/2026/20322002026/PA/140002545674,"TSE DivulgaCandContas, consulta de 2/9/2026"
PA,Pará,Norte,senador,140002554209,Coronel Jonildo,Jonildo de Castro Teixeira,277,DC,,Aguardando julgamento,Concorrendo,pa-sen-coronel-jonildo,https://divulgacandcontas.tse.jus.br/divulga/#/candidato/2026/20322002026/PA/140002554209,"TSE DivulgaCandContas, consulta de 2/9/2026"
PA,Pará,Norte,senador,140002544855,Delegado Éder Mauro,Eder Mauro Cardoso Barra,222,PL,,Deferido,Concorrendo,pa-sen-delegado-eder-mauro,https://divulgacandcontas.tse.jus.br/divulga/#/candidato/2026/20322002026/PA/140002544855,"TSE DivulgaCandContas, consulta de 2/9/2026"
PA,Pará,Norte,senador,140002548150,Edlaine Rodrigues,Edlaine Guimarães Santos Rodrigues,355,DEMOCRATA,,Aguardando julgamento,Concorrendo,pa-sen-edlaine-rodrigues,https://divulgacandcontas.tse.jus.br/divulga/#/candidato/2026/20322002026/PA/140002548150,"TSE DivulgaCandContas, consulta de 2/9/2026"
PA,Pará,Norte,senador,140002548387,Fernanda Lopes,Fernanda Maristane Lopes Araujo,800,UP,,Deferido,Concorrendo,pa-sen-fernanda-lopes,https://divulgacandcontas.tse.jus.br/divulga/#/candidato/2026/20322002026/PA/140002548387,"TSE DivulgaCandContas, consulta de 2/9/2026"
PA,Pará,Norte,senador,140002545671,Gizelle Freitas,Gizelle Soares de Freitas,505,PSOL,FEDERAÇÃO PSOL REDE(PSOL/REDE),Deferido,Concorrendo,pa-sen-gizelle-freitas,https://divulgacandcontas.tse.jus.br/divulga/#/candidato/2026/20322002026/PA/140002545671,"TSE DivulgaCandContas, consulta de 2/9/2026"
PA,Pará,Norte,senador,140002550779,Helder,Helder Zahluth Barbalho,151,MDB,O PARÁ TÁ JUNTO,Aguardando julgamento,Concorrendo,pa-sen-helder,https://divulgacandcontas.tse.jus.br/divulga/#/candidato/2026/20322002026/PA/140002550779,"TSE DivulgaCandContas, consulta de 2/9/2026"
PA,Pará,Norte,senador,140002553952,Livia Noronha,Lívia Maria Araújo Noronha de Oliveira,777,SOLIDARIEDADE,FEDERAÇÃO RENOVAÇÃO SOLIDÁRIA(PRD/SOLIDARIEDADE),Aguardando julgamento,Concorrendo,pa-sen-livia-noronha,https://divulgacandcontas.tse.jus.br/divulga/#/candidato/2026/20322002026/PA/140002553952,"TSE DivulgaCandContas, consulta de 2/9/2026"
PA,Pará,Norte,senador,140002542691,Zequinha Marinho,José da Cruz Marinho,200,PODE,,Aguardando julgamento,Concorrendo,pa-sen-zequinha-marinho,https://divulgacandcontas.tse.jus.br/divulga/#/candidato/2026/20322002026/PA/140002542691,"TSE DivulgaCandContas, consulta de 2/9/2026"
PB,Paraíba,Nordeste,senador,150002544909,André Gadelha,Andre Avelino de Paiva Gadelha Neto,151,MDB,JUNTOS PARA A PARAÍBA DAR O PRÓXIMO PASSO,Aguardando julgamento,Concorrendo,pb-sen-andre-gadelha,https://divulgacandcontas.tse.jus.br/divulga/#/candidato/2026/20322002026/PB/150002544909,"TSE DivulgaCandContas, consulta de 2/9/2026"
PB,Paraíba,Nordeste,senador,150002538459,Dr. Marcelo Queiroga,Marcelo Antônio Cartaxo Queiroga Lopes,222,PL,,Aguardando julgamento,Concorrendo,pb-sen-dr-marcelo-queiroga,https://divulgacandcontas.tse.jus.br/divulga/#/candidato/2026/20322002026/PB/150002538459,"TSE DivulgaCandContas, consulta de 2/9/2026"
PB,Paraíba,Nordeste,senador,150002549793,Joao Azevêdo,João Azevêdo Lins Filho,400,PSB,DAQUI PRA MELHOR,Aguardando julgamento,Concorrendo,pb-sen-joao-azevedo,https://divulgacandcontas.tse.jus.br/divulga/#/candidato/2026/20322002026/PB/150002549793,"TSE DivulgaCandContas, consulta de 2/9/2026"
PB,Paraíba,Nordeste,senador,150002544140,João Batista,João Batista Domingos,801,UP,,Aguardando julgamento,Concorrendo,pb-sen-joao-batista,https://divulgacandcontas.tse.jus.br/divulga/#/candidato/2026/20322002026/PB/150002544140,"TSE DivulgaCandContas, consulta de 2/9/2026"
PB,Paraíba,Nordeste,senador,150002548968,Major Fábio,Fábio Rodrigues de Oliveira,300,NOVO,,Aguardando julgamento,Concorrendo,pb-sen-major-fabio,https://divulgacandcontas.tse.jus.br/divulga/#/candidato/2026/20322002026/PB/150002548968,"TSE DivulgaCandContas, consulta de 2/9/2026"
PB,Paraíba,Nordeste,senador,150002549791,Nabor,Nabor Wanderley da Nobrega Filho,100,REPUBLICANOS,DAQUI PRA MELHOR,Aguardando julgamento,Concorrendo,pb-sen-nabor,https://divulgacandcontas.tse.jus.br/divulga/#/candidato/2026/20322002026/PB/150002549791,"TSE DivulgaCandContas, consulta de 2/9/2026"
PB,Paraíba,Nordeste,senador,150002548971,Rinaldo Júnior,Rinaldo Elias Pereira Junior,272,DC,,Aguardando julgamento,Concorrendo,pb-sen-rinaldo-junior,https://divulgacandcontas.tse.jus.br/divulga/#/candidato/2026/20322002026/PB/150002548971,"TSE DivulgaCandContas, consulta de 2/9/2026"
PB,Paraíba,Nordeste,senador,150002544135,Rosilene Santana,Rosilene da Silva Santana,800,UP,,Aguardando julgamento,Concorrendo,pb-sen-rosilene-santana,https://divulgacandcontas.tse.jus.br/divulga/#/candidato/2026/20322002026/PB/150002544135,"TSE DivulgaCandContas, consulta de 2/9/2026"
PB,Paraíba,Nordeste,senador,150002544905,Veneziano,Veneziano Vital do Rêgo Segundo Neto,155,MDB,JUNTOS PARA A PARAÍBA DAR O PRÓXIMO PASSO,Aguardando julgamento,Concorrendo,pb-sen-veneziano,https://divulgacandcontas.tse.jus.br/divulga/#/candidato/2026/20322002026/PB/150002544905,"TSE DivulgaCandContas, consulta de 2/9/2026"
PR,Paraná,Sul,senador,160002547963,Alexandre Curi,Alexandre Maranhao Khury,100,REPUBLICANOS,A MUDANÇA CONTINUA,Aguardando julgamento,Concorrendo,pr-sen-alexandre-curi,https://divulgacandcontas.tse.jus.br/divulga/#/candidato/2026/20322002026/PR/160002547963,"TSE DivulgaCandContas, consulta de 2/9/2026"
PR,Paraná,Sul,senador,160002549555,Cristina Graeml,Cristina Reis Graeml,555,PSD,A MUDANÇA CONTINUA,Aguardando julgamento,Concorrendo,pr-sen-cristina-graeml,https://divulgacandcontas.tse.jus.br/divulga/#/candidato/2026/20322002026/PR/160002549555,"TSE DivulgaCandContas, consulta de 2/9/2026"
PR,Paraná,Sul,senador,160002547661,Deltan Dallagnol,Deltan Martinazzo Dallagnol,300,NOVO,FORTALEZA PARANÁ,Aguardando julgamento,Concorrendo,pr-sen-deltan-dallagnol,https://divulgacandcontas.tse.jus.br/divulga/#/candidato/2026/20322002026/PR/160002547661,"TSE DivulgaCandContas, consulta de 2/9/2026"
PR,Paraná,Sul,senador,160002547658,Dr Rosinha,Florisvaldo Fier,132,PT,PARANÁ PARA TODOS,Aguardando julgamento,Concorrendo,pr-sen-dr-rosinha,https://divulgacandcontas.tse.jus.br/divulga/#/candidato/2026/20322002026/PR/160002547658,"TSE DivulgaCandContas, consulta de 2/9/2026"
PR,Paraná,Sul,senador,160002547660,Filipe Barros,Filipe Barros Baptista de Toledo Ribeiro,222,PL,FORTALEZA PARANÁ,Aguardando julgamento,Concorrendo,pr-sen-filipe-barros,https://divulgacandcontas.tse.jus.br/divulga/#/candidato/2026/20322002026/PR/160002547660,"TSE DivulgaCandContas, consulta de 2/9/2026"
PR,Paraná,Sul,senador,160002547656,Gleisi,Gleisi Helena Hoffmann,131,PT,PARANÁ PARA TODOS,Aguardando julgamento,Concorrendo,pr-sen-gleisi,https://divulgacandcontas.tse.jus.br/divulga/#/candidato/2026/20322002026/PR/160002547656,"TSE DivulgaCandContas, consulta de 2/9/2026"
PR,Paraná,Sul,senador,160002551043,Joaquim do MLB,Joaquim Silva Maciel,800,UP,,Deferido,Concorrendo,pr-sen-joaquim-do-mlb,https://divulgacandcontas.tse.jus.br/divulga/#/candidato/2026/20322002026/PR/160002551043,"TSE DivulgaCandContas, consulta de 2/9/2026"
PR,Paraná,Sul,senador,160002551121,Karen Guerreiro,Karen Correia Guerreiro,144,MISSÃO,,Aguardando julgamento,Concorrendo,pr-sen-karen-guerreiro,https://divulgacandcontas.tse.jus.br/divulga/#/candidato/2026/20322002026/PR/160002551121,"TSE DivulgaCandContas, consulta de 2/9/2026"
PR,Paraná,Sul,senador,160002552563,Marcelo Marcelino,Marcelo Goncalves Marcelino,290,PCO,,Aguardando julgamento,Concorrendo,pr-sen-marcelo-marcelino,https://divulgacandcontas.tse.jus.br/divulga/#/candidato/2026/20322002026/PR/160002552563,"TSE DivulgaCandContas, consulta de 2/9/2026"
PE,Pernambuco,Nordeste,senador,170002530097,Carlos Sant'anna,Carlos Soares Sant'anna,300,NOVO,,Deferido,Concorrendo,pe-sen-carlos-sant-anna,https://divulgacandcontas.tse.jus.br/divulga/#/candidato/2026/20322002026/PE/170002530097,"TSE DivulgaCandContas, consulta de 2/9/2026"
PE,Pernambuco,Nordeste,senador,170002552102,Eduardo da Fonte,Eduardo Henrique da Fonte de Albuquerque Silva,111,PP,PERNAMBUCO DE CORAÇÃO,Aguardando julgamento,Concorrendo,pe-sen-eduardo-da-fonte,https://divulgacandcontas.tse.jus.br/divulga/#/candidato/2026/20322002026/PE/170002552102,"TSE DivulgaCandContas, consulta de 2/9/2026"
PE,Pernambuco,Nordeste,senador,170002537335,Gorett Bitu,Maria Gorett Bitu,801,UP,,Deferido,Concorrendo,pe-sen-gorett-bitu,https://divulgacandcontas.tse.jus.br/divulga/#/candidato/2026/20322002026/PE/170002537335,"TSE DivulgaCandContas, consulta de 2/9/2026"
PE,Pernambuco,Nordeste,senador,170002547773,Humberto Costa,Humberto Sergio Costa Lima,130,PT,FRENTE POPULAR DE PERNAMBUCO,Aguardando julgamento,Concorrendo,pe-sen-humberto-costa,https://divulgacandcontas.tse.jus.br/divulga/#/candidato/2026/20322002026/PE/170002547773,"TSE DivulgaCandContas, consulta de 2/9/2026"
PE,Pernambuco,Nordeste,senador,170002552943,Mailson da Silva Neto,Mailson da Silva Neto,290,PCO,,Aguardando julgamento,Concorrendo,pe-sen-mailson-da-silva-neto,https://divulgacandcontas.tse.jus.br/divulga/#/candidato/2026/20322002026/PE/170002552943,"TSE DivulgaCandContas, consulta de 2/9/2026"
PE,Pernambuco,Nordeste,senador,170002537418,Mariano Macedo,José Mariano de Macedo,161,PSTU,,Aguardando julgamento,Concorrendo,pe-sen-mariano-macedo,https://divulgacandcontas.tse.jus.br/divulga/#/candidato/2026/20322002026/PE/170002537418,"TSE DivulgaCandContas, consulta de 2/9/2026"
PE,Pernambuco,Nordeste,senador,170002547771,Marília Arraes,Marília Valença Rocha Arraes de Alencar,123,PDT,FRENTE POPULAR DE PERNAMBUCO,Aguardando julgamento,Concorrendo,pe-sen-marilia-arraes,https://divulgacandcontas.tse.jus.br/divulga/#/candidato/2026/20322002026/PE/170002547771,"TSE DivulgaCandContas, consulta de 2/9/2026"
PE,Pernambuco,Nordeste,senador,170002539456,Mendonça Filho,José Mendonça Bezerra Filho,222,PL,,Aguardando julgamento,Concorrendo,pe-sen-mendonca-filho,https://divulgacandcontas.tse.jus.br/divulga/#/candidato/2026/20322002026/PE/170002539456,"TSE DivulgaCandContas, consulta de 2/9/2026"
PE,Pernambuco,Nordeste,senador,170002540420,Pastor Gilvan Costa,Gilvan Oliveira Costa,355,DEMOCRATA,,Aguardando julgamento,Concorrendo,pe-sen-pastor-gilvan-costa,https://divulgacandcontas.tse.jus.br/divulga/#/candidato/2026/20322002026/PE/170002540420,"TSE DivulgaCandContas, consulta de 2/9/2026"
PE,Pernambuco,Nordeste,senador,170002549655,Paulo Rubem Santiago,Paulo Rubem Santiago Ferreira,180,REDE,FRENTE PERNAMBUCO DE LUTA,Deferido,Concorrendo,pe-sen-paulo-rubem-santiago,https://divulgacandcontas.tse.jus.br/divulga/#/candidato/2026/20322002026/PE/170002549655,"TSE DivulgaCandContas, consulta de 2/9/2026"
PE,Pernambuco,Nordeste,senador,170002537334,Samuel Timoteo,Samuel Timoteo da Silva,800,UP,,Deferido,Concorrendo,pe-sen-samuel-timoteo,https://divulgacandcontas.tse.jus.br/divulga/#/candidato/2026/20322002026/PE/170002537334,"TSE DivulgaCandContas, consulta de 2/9/2026"
PE,Pernambuco,Nordeste,senador,170002552097,Túlio Gadêlha,Tulio Gadelha Sales de Melo,555,PSD,PERNAMBUCO DE CORAÇÃO,Aguardando julgamento,Concorrendo,pe-sen-tulio-gadelha,https://divulgacandcontas.tse.jus.br/divulga/#/candidato/2026/20322002026/PE/170002552097,"TSE DivulgaCandContas, consulta de 2/9/2026"
PI,Piauí,Nordeste,senador,180002552962,Alexandre Mariano,Alexandre Mariano Lustosa,700,AVANTE,,Aguardando julgamento,Concorrendo,pi-sen-alexandre-mariano,https://divulgacandcontas.tse.jus.br/divulga/#/candidato/2026/20322002026/PI/180002552962,"TSE DivulgaCandContas, consulta de 2/9/2026"
PI,Piauí,Nordeste,senador,180002549933,Antônio Barros,Antonio de Barros Araujo Filho,300,NOVO,A FORÇA DA FÉ,Aguardando julgamento,Concorrendo,pi-sen-antonio-barros,https://divulgacandcontas.tse.jus.br/divulga/#/candidato/2026/20322002026/PI/180002549933,"TSE DivulgaCandContas, consulta de 2/9/2026"
PI,Piauí,Nordeste,senador,180002549936,Antônio José Lira,Antônio José de Freitas Lira,700,AVANTE,A FORÇA DA FÉ,Aguardando julgamento,Concorrendo,pi-sen-antonio-jose-lira,https://divulgacandcontas.tse.jus.br/divulga/#/candidato/2026/20322002026/PI/180002549936,"TSE DivulgaCandContas, consulta de 2/9/2026"
PI,Piauí,Nordeste,senador,180002540446,Ciro Nogueira,Ciro Nogueira Lima Filho,111,PP,JUNTOS PELO PIAUÍ,Aguardando julgamento,Concorrendo,pi-sen-ciro-nogueira,https://divulgacandcontas.tse.jus.br/divulga/#/candidato/2026/20322002026/PI/180002540446,"TSE DivulgaCandContas, consulta de 2/9/2026"
PI,Piauí,Nordeste,senador,180002553753,Cloves José,Cloves José dos Santos,291,PCO,,Aguardando julgamento,Concorrendo,pi-sen-cloves-jose,https://divulgacandcontas.tse.jus.br/divulga/#/candidato/2026/20322002026/PI/180002553753,"TSE DivulgaCandContas, consulta de 2/9/2026"
PI,Piauí,Nordeste,senador,180002537340,Danniel Rocha,Danniel Rocha do Nascimento,166,PSTU,,Aguardando julgamento,Concorrendo,pi-sen-danniel-rocha,https://divulgacandcontas.tse.jus.br/divulga/#/candidato/2026/20322002026/PI/180002537340,"TSE DivulgaCandContas, consulta de 2/9/2026"
PI,Piauí,Nordeste,senador,180002547863,Dionisio Carvalho,Dionisio Carvalho Neto,277,DC,,Aguardando julgamento,Concorrendo,pi-sen-dionisio-carvalho,https://divulgacandcontas.tse.jus.br/divulga/#/candidato/2026/20322002026/PI/180002547863,"TSE DivulgaCandContas, consulta de 2/9/2026"
PI,Piauí,Nordeste,senador,180002550979,Francinaldo Leão,Francinaldo Silva Leão,500,PSOL,FEDERAÇÃO PSOL REDE(PSOL/REDE),Deferido,Concorrendo,pi-sen-francinaldo-leao,https://divulgacandcontas.tse.jus.br/divulga/#/candidato/2026/20322002026/PI/180002550979,"TSE DivulgaCandContas, consulta de 2/9/2026"
PI,Piauí,Nordeste,senador,180002547860,Irmão Evandro Marques,Evandro Marques Cunha,278,DC,,Aguardando julgamento,Concorrendo,pi-sen-irmao-evandro-marques,https://divulgacandcontas.tse.jus.br/divulga/#/candidato/2026/20322002026/PI/180002547860,"TSE DivulgaCandContas, consulta de 2/9/2026"
PI,Piauí,Nordeste,senador,180002548155,Jardenya Bezerra,Jardenya Eylane Bezerra Teles,355,DEMOCRATA,,Aguardando julgamento,Concorrendo,pi-sen-jardenya-bezerra,https://divulgacandcontas.tse.jus.br/divulga/#/candidato/2026/20322002026/PI/180002548155,"TSE DivulgaCandContas, consulta de 2/9/2026"
PI,Piauí,Nordeste,senador,180002548568,Jorge Lopes,Francisco Jorge Lopes Sousa,456,PSDB,FEDERAÇÃO PSDB CIDADANIA(PSDB/CIDADANIA),Aguardando julgamento,Concorrendo,pi-sen-jorge-lopes,https://divulgacandcontas.tse.jus.br/divulga/#/candidato/2026/20322002026/PI/180002548568,"TSE DivulgaCandContas, consulta de 2/9/2026"
PI,Piauí,Nordeste,senador,180002533964,Julio Cesar,Julio Cesar de Carvalho Lima,555,PSD,A FORÇA DO POVO,Deferido,Concorrendo,pi-sen-julio-cesar,https://divulgacandcontas.tse.jus.br/divulga/#/candidato/2026/20322002026/PI/180002533964,"TSE DivulgaCandContas, consulta de 2/9/2026"
PI,Piauí,Nordeste,senador,180002544457,Major Paulo Roberto,Paulo Roberto Bezerra de Oliveira,333,MOBILIZA,,Aguardando julgamento,Concorrendo,pi-sen-major-paulo-roberto,https://divulgacandcontas.tse.jus.br/divulga/#/candidato/2026/20322002026/PI/180002544457,"TSE DivulgaCandContas, consulta de 2/9/2026"
PI,Piauí,Nordeste,senador,180002533967,Marcelo Castro,Marcelo Costa e Castro,151,MDB,A FORÇA DO POVO,Deferido,Concorrendo,pi-sen-marcelo-castro,https://divulgacandcontas.tse.jus.br/divulga/#/candidato/2026/20322002026/PI/180002533967,"TSE DivulgaCandContas, consulta de 2/9/2026"
PI,Piauí,Nordeste,senador,180002550977,Maria Madalena Nunes,Maria Madalena Nunes,505,PSOL,FEDERAÇÃO PSOL REDE(PSOL/REDE),Aguardando julgamento,Concorrendo,pi-sen-maria-madalena-nunes,https://divulgacandcontas.tse.jus.br/divulga/#/candidato/2026/20322002026/PI/180002550977,"TSE DivulgaCandContas, consulta de 2/9/2026"
PI,Piauí,Nordeste,senador,180002548157,Missionário Evandro Craveiro,Evandro Craveiro da Rocha,350,DEMOCRATA,,Aguardando julgamento,Concorrendo,pi-sen-missionario-evandro-craveiro,https://divulgacandcontas.tse.jus.br/divulga/#/candidato/2026/20322002026/PI/180002548157,"TSE DivulgaCandContas, consulta de 2/9/2026"
PI,Piauí,Nordeste,senador,180002552964,Pastor Sena,Francisco de Sena Santos,707,AVANTE,,Aguardando julgamento,Concorrendo,pi-sen-pastor-sena,https://divulgacandcontas.tse.jus.br/divulga/#/candidato/2026/20322002026/PI/180002552964,"TSE DivulgaCandContas, consulta de 2/9/2026"
PI,Piauí,Nordeste,senador,180002541938,Pedro Laurentino,Pedro Laurentino Reis Pereira,800,UP,,Deferido,Concorrendo,pi-sen-pedro-laurentino,https://divulgacandcontas.tse.jus.br/divulga/#/candidato/2026/20322002026/PI/180002541938,"TSE DivulgaCandContas, consulta de 2/9/2026"
PI,Piauí,Nordeste,senador,180002540449,Tiago Junqueira,Tiago Maximiano Junqueira,222,PL,JUNTOS PELO PIAUÍ,Deferido,Concorrendo,pi-sen-tiago-junqueira,https://divulgacandcontas.tse.jus.br/divulga/#/candidato/2026/20322002026/PI/180002540449,"TSE DivulgaCandContas, consulta de 2/9/2026"
PI,Piauí,Nordeste,senador,180002544459,Toinho Dufrango,Antonio Almeida de Sousa,338,MOBILIZA,,Aguardando julgamento,Concorrendo,pi-sen-toinho-dufrango,https://divulgacandcontas.tse.jus.br/divulga/#/candidato/2026/20322002026/PI/180002544459,"TSE DivulgaCandContas, consulta de 2/9/2026"
RJ,Rio de Janeiro,Sudeste,senador,190002550192,André Monteiro,Luiz Andre de Moura Monteiro,350,DEMOCRATA,,Aguardando julgamento,Concorrendo,rj-sen-andre-monteiro,https://divulgacandcontas.tse.jus.br/divulga/#/candidato/2026/20322002026/RJ/190002550192,"TSE DivulgaCandContas, consulta de 2/9/2026"
RJ,Rio de Janeiro,Sudeste,senador,190002548141,Benedita da Silva,Benedita Souza da Silva Sampaio,131,PT,JUNTOS PARA MUDAR CORAGEM PARA RECONSTRUIR,Aguardando julgamento,Concorrendo,rj-sen-benedita-da-silva,https://divulgacandcontas.tse.jus.br/divulga/#/candidato/2026/20322002026/RJ/190002548141,"TSE DivulgaCandContas, consulta de 2/9/2026"
RJ,Rio de Janeiro,Sudeste,senador,190002542888,Carlos Jordy,Carlos Roberto Coelho de Mattos Júnior,221,PL,,Aguardando julgamento,Concorrendo,rj-sen-carlos-jordy,https://divulgacandcontas.tse.jus.br/divulga/#/candidato/2026/20322002026/RJ/190002542888,"TSE DivulgaCandContas, consulta de 2/9/2026"
RJ,Rio de Janeiro,Sudeste,senador,190002535142,Carlos Portinho,Carlos Francisco Portinho,222,PL,,Aguardando julgamento,Concorrendo,rj-sen-carlos-portinho,https://divulgacandcontas.tse.jus.br/divulga/#/candidato/2026/20322002026/RJ/190002535142,"TSE DivulgaCandContas, consulta de 2/9/2026"
RJ,Rio de Janeiro,Sudeste,senador,190002543961,Helio Secco,Helio Kinast Cruz Secco,144,MISSÃO,,Aguardando julgamento,Concorrendo,rj-sen-helio-secco,https://divulgacandcontas.tse.jus.br/divulga/#/candidato/2026/20322002026/RJ/190002543961,"TSE DivulgaCandContas, consulta de 2/9/2026"
RJ,Rio de Janeiro,Sudeste,senador,190002552083,Luciano Mattos,Luciano Oliveira Mattos de Souza,280,PRTB,,Aguardando julgamento,Concorrendo,rj-sen-luciano-mattos,https://divulgacandcontas.tse.jus.br/divulga/#/candidato/2026/20322002026/RJ/190002552083,"TSE DivulgaCandContas, consulta de 2/9/2026"
RJ,Rio de Janeiro,Sudeste,senador,190002552521,Luiz Eugenio,Luiz Eugenio Honorato,290,PCO,,Aguardando julgamento,Concorrendo,rj-sen-luiz-eugenio,https://divulgacandcontas.tse.jus.br/divulga/#/candidato/2026/20322002026/RJ/190002552521,"TSE DivulgaCandContas, consulta de 2/9/2026"
RJ,Rio de Janeiro,Sudeste,senador,190002550184,Marcelo Crivella,Marcelo Bezerra Crivella,100,REPUBLICANOS,,Aguardando julgamento,Concorrendo,rj-sen-marcelo-crivella,https://divulgacandcontas.tse.jus.br/divulga/#/candidato/2026/20322002026/RJ/190002550184,"TSE DivulgaCandContas, consulta de 2/9/2026"
RJ,Rio de Janeiro,Sudeste,senador,190002545553,Marcos Dias,Marcos Dias Pereira,200,PODE,,Aguardando julgamento,Concorrendo,rj-sen-marcos-dias,https://divulgacandcontas.tse.jus.br/divulga/#/candidato/2026/20322002026/RJ/190002545553,"TSE DivulgaCandContas, consulta de 2/9/2026"
RJ,Rio de Janeiro,Sudeste,senador,190002548589,Michelly Xavier,Michelly Xavier de Souza,800,UP,,Aguardando julgamento,Concorrendo,rj-sen-michelly-xavier,https://divulgacandcontas.tse.jus.br/divulga/#/candidato/2026/20322002026/RJ/190002548589,"TSE DivulgaCandContas, consulta de 2/9/2026"
RJ,Rio de Janeiro,Sudeste,senador,190002536164,Monica Benicio,Monica Tereza Azeredo Benicio,500,PSOL,FEDERAÇÃO PSOL REDE(PSOL/REDE),Aguardando julgamento,Concorrendo,rj-sen-monica-benicio,https://divulgacandcontas.tse.jus.br/divulga/#/candidato/2026/20322002026/RJ/190002536164,"TSE DivulgaCandContas, consulta de 2/9/2026"
RJ,Rio de Janeiro,Sudeste,senador,190002550190,Ó Clemente,Clemente Sebastião de Almeida Campos,355,DEMOCRATA,,Aguardando julgamento,Concorrendo,rj-sen-o-clemente,https://divulgacandcontas.tse.jus.br/divulga/#/candidato/2026/20322002026/RJ/190002550190,"TSE DivulgaCandContas, consulta de 2/9/2026"
RJ,Rio de Janeiro,Sudeste,senador,190002539827,Paula Falcão,Paula Andreia Almeida Falcao,160,PSTU,,Aguardando julgamento,Concorrendo,rj-sen-paula-falcao,https://divulgacandcontas.tse.jus.br/divulga/#/candidato/2026/20322002026/RJ/190002539827,"TSE DivulgaCandContas, consulta de 2/9/2026"
RJ,Rio de Janeiro,Sudeste,senador,190002548145,Pedro Paulo,Pedro Paulo Carvalho Teixeira,555,PSD,JUNTOS PARA MUDAR CORAGEM PARA RECONSTRUIR,Aguardando julgamento,Concorrendo,rj-sen-pedro-paulo,https://divulgacandcontas.tse.jus.br/divulga/#/candidato/2026/20322002026/RJ/190002548145,"TSE DivulgaCandContas, consulta de 2/9/2026"
RJ,Rio de Janeiro,Sudeste,senador,190002548590,Vinicius Benevides,Vinicius Benevides dos Santos Conceicao,808,UP,,Aguardando julgamento,Concorrendo,rj-sen-vinicius-benevides,https://divulgacandcontas.tse.jus.br/divulga/#/candidato/2026/20322002026/RJ/190002548590,"TSE DivulgaCandContas, consulta de 2/9/2026"
RJ,Rio de Janeiro,Sudeste,senador,190002550182,Waguinho,Wagner dos Santos Carneiro,101,REPUBLICANOS,,Aguardando julgamento,Concorrendo,rj-sen-waguinho,https://divulgacandcontas.tse.jus.br/divulga/#/candidato/2026/20322002026/RJ/190002550182,"TSE DivulgaCandContas, consulta de 2/9/2026"
RN,Rio Grande do Norte,Nordeste,senador,200002548115,Clóvis Costa do Coletivo Nós,Clovis Ferreira da Costa,369,AGIR,,Aguardando julgamento,Concorrendo,rn-sen-clovis-costa-do-coletivo-nos,https://divulgacandcontas.tse.jus.br/divulga/#/candidato/2026/20322002026/RN/200002548115,"TSE DivulgaCandContas, consulta de 2/9/2026"
RN,Rio Grande do Norte,Nordeste,senador,200002534447,Coronel Hélio,Helio Imbrosio Oliveira,222,PL,ENDIREITA RN,Deferido,Concorrendo,rn-sen-coronel-helio,https://divulgacandcontas.tse.jus.br/divulga/#/candidato/2026/20322002026/RN/200002534447,"TSE DivulgaCandContas, consulta de 2/9/2026"
RN,Rio Grande do Norte,Nordeste,senador,200002549133,Gari Wendell Batista,Wendell Batista dos Santos,360,AGIR,,Deferido,Concorrendo,rn-sen-gari-wendell-batista,https://divulgacandcontas.tse.jus.br/divulga/#/candidato/2026/20322002026/RN/200002549133,"TSE DivulgaCandContas, consulta de 2/9/2026"
RN,Rio Grande do Norte,Nordeste,senador,200002550225,Linhares Jiboia,Gladyer Linhares Godeiro,277,DC,,Deferido,Concorrendo,rn-sen-linhares-jiboia,https://divulgacandcontas.tse.jus.br/divulga/#/candidato/2026/20322002026/RN/200002550225,"TSE DivulgaCandContas, consulta de 2/9/2026"
RN,Rio Grande do Norte,Nordeste,senador,200002542484,Luciana Mandu,Luciana Lima da Silva,161,PSTU,,Deferido,Concorrendo,rn-sen-luciana-mandu,https://divulgacandcontas.tse.jus.br/divulga/#/candidato/2026/20322002026/RN/200002542484,"TSE DivulgaCandContas, consulta de 2/9/2026"
RN,Rio Grande do Norte,Nordeste,senador,200002550541,Professor Guilherme,Guilherme Oliveira Mosca,800,UP,,Deferido,Concorrendo,rn-sen-professor-guilherme,https://divulgacandcontas.tse.jus.br/divulga/#/candidato/2026/20322002026/RN/200002550541,"TSE DivulgaCandContas, consulta de 2/9/2026"
RN,Rio Grande do Norte,Nordeste,senador,200002533843,Rafael Motta,Rafael Huete da Motta,123,PDT,TIME QUE CUIDA,Deferido,Concorrendo,rn-sen-rafael-motta,https://divulgacandcontas.tse.jus.br/divulga/#/candidato/2026/20322002026/RN/200002533843,"TSE DivulgaCandContas, consulta de 2/9/2026"
RN,Rio Grande do Norte,Nordeste,senador,200002542483,Rosália Fernandes,Rosalia Maria Fernandes,166,PSTU,,Deferido,Concorrendo,rn-sen-rosalia-fernandes,https://divulgacandcontas.tse.jus.br/divulga/#/candidato/2026/20322002026/RN/200002542483,"TSE DivulgaCandContas, consulta de 2/9/2026"
RN,Rio Grande do Norte,Nordeste,senador,200002533841,Samanda de Lula,Samanda Alves de Freitas,131,PT,TIME QUE CUIDA,Deferido,Concorrendo,rn-sen-samanda-de-lula,https://divulgacandcontas.tse.jus.br/divulga/#/candidato/2026/20322002026/RN/200002533841,"TSE DivulgaCandContas, consulta de 2/9/2026"
RN,Rio Grande do Norte,Nordeste,senador,200002546792,Sandro Pimentel,Sandro de Oliveira Pimentel,500,PSOL,FEDERAÇÃO PSOL REDE(PSOL/REDE),Aguardando julgamento,Concorrendo,rn-sen-sandro-pimentel,https://divulgacandcontas.tse.jus.br/divulga/#/candidato/2026/20322002026/RN/200002546792,"TSE DivulgaCandContas, consulta de 2/9/2026"
RN,Rio Grande do Norte,Nordeste,senador,200002546795,Sonia Godeiro,Sonia Maria Godeiro,501,PSOL,FEDERAÇÃO PSOL REDE(PSOL/REDE),Aguardando julgamento,Concorrendo,rn-sen-sonia-godeiro,https://divulgacandcontas.tse.jus.br/divulga/#/candidato/2026/20322002026/RN/200002546795,"TSE DivulgaCandContas, consulta de 2/9/2026"
RN,Rio Grande do Norte,Nordeste,senador,200002534448,Styvenson Valentim,Eann Styvenson Valentim Mendes,200,PODE,ENDIREITA RN,Deferido,Concorrendo,rn-sen-styvenson-valentim,https://divulgacandcontas.tse.jus.br/divulga/#/candidato/2026/20322002026/RN/200002534448,"TSE DivulgaCandContas, consulta de 2/9/2026"
RN,Rio Grande do Norte,Nordeste,senador,200002535511,Tércio Tinôco,Tercio Barreto Ramos Tinoco,444,UNIÃO,ESPERANÇA E TRABALHO,Deferido,Concorrendo,rn-sen-tercio-tinoco,https://divulgacandcontas.tse.jus.br/divulga/#/candidato/2026/20322002026/RN/200002535511,"TSE DivulgaCandContas, consulta de 2/9/2026"
RN,Rio Grande do Norte,Nordeste,senador,200002535507,Zenaide Maia,Zenaide Maia Calado Pereira dos Santos,555,PSD,ESPERANÇA E TRABALHO,Deferido,Concorrendo,rn-sen-zenaide-maia,https://divulgacandcontas.tse.jus.br/divulga/#/candidato/2026/20322002026/RN/200002535507,"TSE DivulgaCandContas, consulta de 2/9/2026"
RS,Rio Grande do Sul,Sul,senador,210002544698,Daniela Mulheres Socialistas,Daniela Maidana da Silva,160,PSTU,,Aguardando julgamento,Concorrendo,rs-sen-daniela-mulheres-socialistas,https://divulgacandcontas.tse.jus.br/divulga/#/candidato/2026/20322002026/RS/210002544698,"TSE DivulgaCandContas, consulta de 2/9/2026"
RS,Rio Grande do Sul,Sul,senador,210002543865,Frederico Antunes,Frederico Cantori Antunes,555,PSD,NOSSO RIO GRANDE NÃO PARA,Aguardando julgamento,Concorrendo,rs-sen-frederico-antunes,https://divulgacandcontas.tse.jus.br/divulga/#/candidato/2026/20322002026/RS/210002543865,"TSE DivulgaCandContas, consulta de 2/9/2026"
RS,Rio Grande do Sul,Sul,senador,210002533435,Luciano do MLB,Luciano Schafer,800,UP,,Aguardando julgamento,Concorrendo,rs-sen-luciano-do-mlb,https://divulgacandcontas.tse.jus.br/divulga/#/candidato/2026/20322002026/RS/210002533435,"TSE DivulgaCandContas, consulta de 2/9/2026"
RS,Rio Grande do Sul,Sul,senador,210002533581,Manuela D'ávila,Manuela Pinto Vieira D'ávila,500,PSOL,COLIGAÇÃO COM O POVO,Aguardando julgamento,Concorrendo,rs-sen-manuela-d-avila,https://divulgacandcontas.tse.jus.br/divulga/#/candidato/2026/20322002026/RS/210002533581,"TSE DivulgaCandContas, consulta de 2/9/2026"
RS,Rio Grande do Sul,Sul,senador,210002547819,Marcel Van Hattem,Marcel Van Hattem,300,NOVO,O RIO GRANDE PODE MAIS,Aguardando julgamento,Concorrendo,rs-sen-marcel-van-hattem,https://divulgacandcontas.tse.jus.br/divulga/#/candidato/2026/20322002026/RS/210002547819,"TSE DivulgaCandContas, consulta de 2/9/2026"
RS,Rio Grande do Sul,Sul,senador,210002538467,Milton Cardoso,Milton Batista Cardoso,455,PSDB,FEDERAÇÃO PSDB CIDADANIA(PSDB/CIDADANIA),Aguardando julgamento,Concorrendo,rs-sen-milton-cardoso,https://divulgacandcontas.tse.jus.br/divulga/#/candidato/2026/20322002026/RS/210002538467,"TSE DivulgaCandContas, consulta de 2/9/2026"
RS,Rio Grande do Sul,Sul,senador,210002533584,Pimenta,Paulo Roberto Severo Pimenta,131,PT,COLIGAÇÃO COM O POVO,Aguardando julgamento,Concorrendo,rs-sen-pimenta,https://divulgacandcontas.tse.jus.br/divulga/#/candidato/2026/20322002026/RS/210002533584,"TSE DivulgaCandContas, consulta de 2/9/2026"
RS,Rio Grande do Sul,Sul,senador,210002544699,Regis Ethur,Regis Batista Ethur,161,PSTU,,Aguardando julgamento,Concorrendo,rs-sen-regis-ethur,https://divulgacandcontas.tse.jus.br/divulga/#/candidato/2026/20322002026/RS/210002544699,"TSE DivulgaCandContas, consulta de 2/9/2026"
RS,Rio Grande do Sul,Sul,senador,210002538465,Renato Jaguarão,Paulo Renato Jaguarão Silva da Rosa,234,CIDADANIA,FEDERAÇÃO PSDB CIDADANIA(PSDB/CIDADANIA),Aguardando julgamento,Concorrendo,rs-sen-renato-jaguarao,https://divulgacandcontas.tse.jus.br/divulga/#/candidato/2026/20322002026/RS/210002538465,"TSE DivulgaCandContas, consulta de 2/9/2026"
RS,Rio Grande do Sul,Sul,senador,210002552599,Ric Jones,Ricardo Herbert Jones,290,PCO,,Aguardando julgamento,Concorrendo,rs-sen-ric-jones,https://divulgacandcontas.tse.jus.br/divulga/#/candidato/2026/20322002026/RS/210002552599,"TSE DivulgaCandContas, consulta de 2/9/2026"
RS,Rio Grande do Sul,Sul,senador,210002543863,Rigotto,Germano Antonio Rigotto,151,MDB,NOSSO RIO GRANDE NÃO PARA,Aguardando julgamento,Concorrendo,rs-sen-rigotto,https://divulgacandcontas.tse.jus.br/divulga/#/candidato/2026/20322002026/RS/210002543863,"TSE DivulgaCandContas, consulta de 2/9/2026"
RS,Rio Grande do Sul,Sul,senador,210002547816,Sanderson,Ubiratan Antunes Sanderson,222,PL,O RIO GRANDE PODE MAIS,Aguardando julgamento,Concorrendo,rs-sen-sanderson,https://divulgacandcontas.tse.jus.br/divulga/#/candidato/2026/20322002026/RS/210002547816,"TSE DivulgaCandContas, consulta de 2/9/2026"
RS,Rio Grande do Sul,Sul,senador,210002533434,Tania Peres,Tania Mara Santoro Peres,808,UP,,Aguardando julgamento,Concorrendo,rs-sen-tania-peres,https://divulgacandcontas.tse.jus.br/divulga/#/candidato/2026/20322002026/RS/210002533434,"TSE DivulgaCandContas, consulta de 2/9/2026"
RO,Rondônia,Norte,senador,220002541490,Acir Gurgacz,Acir Marcos Gurgacz,123,PDT,EXPERIÊNCIA FÉ E AUTORIDADE,Deferido,Concorrendo,ro-sen-acir-gurgacz,https://divulgacandcontas.tse.jus.br/divulga/#/candidato/2026/20322002026/RO/220002541490,"TSE DivulgaCandContas, consulta de 2/9/2026"
RO,Rondônia,Norte,senador,220002551946,Aires Mota,Aires Mota de Almeida,432,PV,FEDERAÇÃO BRASIL DA ESPERANÇA - FE BRASIL(PT/PC do B/PV),Deferido,Concorrendo,ro-sen-aires-mota,https://divulgacandcontas.tse.jus.br/divulga/#/candidato/2026/20322002026/RO/220002551946,"TSE DivulgaCandContas, consulta de 2/9/2026"
RO,Rondônia,Norte,senador,220002539995,Bruno Bolsonaro Scheid,Bruno Scheid,222,PL,JUNTOS POR RONDONIA,Aguardando julgamento,Concorrendo,ro-sen-bruno-bolsonaro-scheid,https://divulgacandcontas.tse.jus.br/divulga/#/candidato/2026/20322002026/RO/220002539995,"TSE DivulgaCandContas, consulta de 2/9/2026"
RO,Rondônia,Norte,senador,220002539996,Dr. Fernando Máximo,Fernando Rodrigues Máximo,221,PL,JUNTOS POR RONDONIA,Aguardando julgamento,Concorrendo,ro-sen-dr-fernando-maximo,https://divulgacandcontas.tse.jus.br/divulga/#/candidato/2026/20322002026/RO/220002539996,"TSE DivulgaCandContas, consulta de 2/9/2026"
RO,Rondônia,Norte,senador,220002541944,Engenheiro Thulio,Thulio Santiago Castro,144,MISSÃO,,Deferido,Concorrendo,ro-sen-engenheiro-thulio,https://divulgacandcontas.tse.jus.br/divulga/#/candidato/2026/20322002026/RO/220002541944,"TSE DivulgaCandContas, consulta de 2/9/2026"
RO,Rondônia,Norte,senador,220002551948,Luciana Oliveira,Luciana de Oliveira e Silva,133,PT,FEDERAÇÃO BRASIL DA ESPERANÇA - FE BRASIL(PT/PC do B/PV),Deferido,Concorrendo,ro-sen-luciana-oliveira,https://divulgacandcontas.tse.jus.br/divulga/#/candidato/2026/20322002026/RO/220002551948,"TSE DivulgaCandContas, consulta de 2/9/2026"
RO,Rondônia,Norte,senador,220002539771,Luis Fernando,Luis Fernando Pereira da Silva,555,PSD,GENTE QUE GOSTA DE GENTE,Deferido,Concorrendo,ro-sen-luis-fernando,https://divulgacandcontas.tse.jus.br/divulga/#/candidato/2026/20322002026/RO/220002539771,"TSE DivulgaCandContas, consulta de 2/9/2026"
RO,Rondônia,Norte,senador,220002547310,Mariana Carvalho,Mariana Fonseca Ribeiro Carvalho de Moraes,100,REPUBLICANOS,RONDONIA COM A FORÇA DO TRABALHO E DA UNIÃO,Aguardando julgamento,Concorrendo,ro-sen-mariana-carvalho,https://divulgacandcontas.tse.jus.br/divulga/#/candidato/2026/20322002026/RO/220002547310,"TSE DivulgaCandContas, consulta de 2/9/2026"
RO,Rondônia,Norte,senador,220002550928,Neidinha,Ivaneide Bandeira Cardozo,400,PSB,,Aguardando julgamento,Concorrendo,ro-sen-neidinha,https://divulgacandcontas.tse.jus.br/divulga/#/candidato/2026/20322002026/RO/220002550928,"TSE DivulgaCandContas, consulta de 2/9/2026"
RO,Rondônia,Norte,senador,220002547309,Sílvia Cristina,Silvia Cristina Amancio Chagas,111,PP,RONDONIA COM A FORÇA DO TRABALHO E DA UNIÃO,Deferido,Concorrendo,ro-sen-silvia-cristina,https://divulgacandcontas.tse.jus.br/divulga/#/candidato/2026/20322002026/RO/220002547309,"TSE DivulgaCandContas, consulta de 2/9/2026"
RR,Roraima,Norte,senador,230002549361,Bartô Macuxi,Bartolomeu da Silva Tomaz,500,PSOL,FEDERAÇÃO PSOL REDE(PSOL/REDE),Deferido,Concorrendo,rr-sen-barto-macuxi,https://divulgacandcontas.tse.jus.br/divulga/#/candidato/2026/20322002026/RR/230002549361,"TSE DivulgaCandContas, consulta de 2/9/2026"
RR,Roraima,Norte,senador,230002550794,Chico Rodrigues,Francisco de Assis Rodrigues,400,PSB,RORAIMA MAIS FORTE,Deferido,Concorrendo,rr-sen-chico-rodrigues,https://divulgacandcontas.tse.jus.br/divulga/#/candidato/2026/20322002026/RR/230002550794,"TSE DivulgaCandContas, consulta de 2/9/2026"
RR,Roraima,Norte,senador,230002549845,Helena da Asatur,Maria Helena Teixeira Lima,555,PSD,RORAIMA SEGUE EM FRENTE,Aguardando julgamento,Concorrendo,rr-sen-helena-da-asatur,https://divulgacandcontas.tse.jus.br/divulga/#/candidato/2026/20322002026/RR/230002549845,"TSE DivulgaCandContas, consulta de 2/9/2026"
RR,Roraima,Norte,senador,230002534806,Helio Bolsonaro,Helio Fernando Barbosa Lopes,222,PL,,Aguardando julgamento,Concorrendo,rr-sen-helio-bolsonaro,https://divulgacandcontas.tse.jus.br/divulga/#/candidato/2026/20322002026/RR/230002534806,"TSE DivulgaCandContas, consulta de 2/9/2026"
RR,Roraima,Norte,senador,230002550787,Hilton Xavier,Hilton Xavier de Araujo,700,AVANTE,ENDIREITA RORAIMA,Aguardando julgamento,Concorrendo,rr-sen-hilton-xavier,https://divulgacandcontas.tse.jus.br/divulga/#/candidato/2026/20322002026/RR/230002550787,"TSE DivulgaCandContas, consulta de 2/9/2026"
RR,Roraima,Norte,senador,230002552727,Hiperion de Oliveira,Hiperion de Oliveira Silva,433,PV,FEDERAÇÃO BRASIL DA ESPERANÇA - FE BRASIL(PT/PC do B/PV),Aguardando julgamento,Concorrendo,rr-sen-hiperion-de-oliveira,https://divulgacandcontas.tse.jus.br/divulga/#/candidato/2026/20322002026/RR/230002552727,"TSE DivulgaCandContas, consulta de 2/9/2026"
RR,Roraima,Norte,senador,230002553636,Márcio Junqueira,Márcio Henrique Junqueira Pereira,456,PSDB,RORAIMA MAIS FORTE,Aguardando julgamento,Concorrendo,rr-sen-marcio-junqueira,https://divulgacandcontas.tse.jus.br/divulga/#/candidato/2026/20322002026/RR/230002553636,"TSE DivulgaCandContas, consulta de 2/9/2026"
RR,Roraima,Norte,senador,230002549360,Mario Rocha,Mario Souza da Rocha,505,PSOL,FEDERAÇÃO PSOL REDE(PSOL/REDE),Aguardando julgamento,Concorrendo,rr-sen-mario-rocha,https://divulgacandcontas.tse.jus.br/divulga/#/candidato/2026/20322002026/RR/230002549360,"TSE DivulgaCandContas, consulta de 2/9/2026"
RR,Roraima,Norte,senador,230002534804,Nicoletti,Antonio Carlos Nicoletti,227,PL,,Deferido,Concorrendo,rr-sen-nicoletti,https://divulgacandcontas.tse.jus.br/divulga/#/candidato/2026/20322002026/RR/230002534804,"TSE DivulgaCandContas, consulta de 2/9/2026"
RR,Roraima,Norte,senador,230002553010,Pastor Isamar,Isamar Pessoa Ramalho,444,UNIÃO,RORAIMA SEGUE EM FRENTE,Aguardando julgamento,Concorrendo,rr-sen-pastor-isamar,https://divulgacandcontas.tse.jus.br/divulga/#/candidato/2026/20322002026/RR/230002553010,"TSE DivulgaCandContas, consulta de 2/9/2026"
RR,Roraima,Norte,senador,230002549330,Regina Tio Ivo,Regina Aparecida Silva,300,NOVO,,Aguardando julgamento,Concorrendo,rr-sen-regina-tio-ivo,https://divulgacandcontas.tse.jus.br/divulga/#/candidato/2026/20322002026/RR/230002549330,"TSE DivulgaCandContas, consulta de 2/9/2026"
RR,Roraima,Norte,senador,230002533586,Rogério Miranda,Rogério Miranda,277,DC,,Deferido,Concorrendo,rr-sen-rogerio-miranda,https://divulgacandcontas.tse.jus.br/divulga/#/candidato/2026/20322002026/RR/230002533586,"TSE DivulgaCandContas, consulta de 2/9/2026"
RR,Roraima,Norte,senador,230002553006,Teresa Surita,Maria Teresa Saenz Surita Guimarães,155,MDB,RORAIMA EM PRIMEIRO LUGAR,Deferido,Concorrendo,rr-sen-teresa-surita,https://divulgacandcontas.tse.jus.br/divulga/#/candidato/2026/20322002026/RR/230002553006,"TSE DivulgaCandContas, consulta de 2/9/2026"
SC,Santa Catarina,Sul,senador,240002535770,Afrânio Boppré,Afranio Tadeu Boppre,500,PSOL,CORAGEM PARA MUDAR,Deferido,Concorrendo,sc-sen-afranio-boppre,https://divulgacandcontas.tse.jus.br/divulga/#/candidato/2026/20322002026/SC/240002535770,"TSE DivulgaCandContas, consulta de 2/9/2026"
SC,Santa Catarina,Sul,senador,240002539636,Ana Lucia da Silveira Machado,Ana Lucia da Silveira Machado,800,UP,,Aguardando julgamento,Concorrendo,sc-sen-ana-lucia-da-silveira-machado,https://divulgacandcontas.tse.jus.br/divulga/#/candidato/2026/20322002026/SC/240002539636,"TSE DivulgaCandContas, consulta de 2/9/2026"
SC,Santa Catarina,Sul,senador,240002541935,Carlos Bolsonaro,Carlos Nantes Bolsonaro,222,PL,FÉ NO TRABALHO E PÉ NA TÁBUA,Deferido,Concorrendo,sc-sen-carlos-bolsonaro,https://divulgacandcontas.tse.jus.br/divulga/#/candidato/2026/20322002026/SC/240002541935,"TSE DivulgaCandContas, consulta de 2/9/2026"
SC,Santa Catarina,Sul,senador,240002553005,Carol,Caroline Sant Anna,290,PCO,,Aguardando julgamento,Concorrendo,sc-sen-carol,https://divulgacandcontas.tse.jus.br/divulga/#/candidato/2026/20322002026/SC/240002553005,"TSE DivulgaCandContas, consulta de 2/9/2026"
SC,Santa Catarina,Sul,senador,240002541931,Carol de Toni,Caroline Rodrigues de Toni,221,PL,FÉ NO TRABALHO E PÉ NA TÁBUA,Aguardando julgamento,Concorrendo,sc-sen-carol-de-toni,https://divulgacandcontas.tse.jus.br/divulga/#/candidato/2026/20322002026/SC/240002541931,"TSE DivulgaCandContas, consulta de 2/9/2026"
SC,Santa Catarina,Sul,senador,240002533898,Décio Lima,Decio Nery de Lima,133,PT,CORAGEM PARA MUDAR,Deferido,Concorrendo,sc-sen-decio-lima,https://divulgacandcontas.tse.jus.br/divulga/#/candidato/2026/20322002026/SC/240002533898,"TSE DivulgaCandContas, consulta de 2/9/2026"
SC,Santa Catarina,Sul,senador,240002548632,Esperidião Amin,Esperidiao Amin Helou Filho,111,PP,SANTA CATARINA ACIMA DE TUDO,Aguardando julgamento,Concorrendo,sc-sen-esperidiao-amin,https://divulgacandcontas.tse.jus.br/divulga/#/candidato/2026/20322002026/SC/240002548632,"TSE DivulgaCandContas, consulta de 2/9/2026"
SC,Santa Catarina,Sul,senador,240002551377,Jeferson Rocha,Jeferson da Rocha,250,PRD,FEDERAÇÃO RENOVAÇÃO SOLIDÁRIA(PRD/SOLIDARIEDADE),Aguardando julgamento,Concorrendo,sc-sen-jeferson-rocha,https://divulgacandcontas.tse.jus.br/divulga/#/candidato/2026/20322002026/SC/240002551377,"TSE DivulgaCandContas, consulta de 2/9/2026"
SC,Santa Catarina,Sul,senador,240002537632,Joaninha de Oliveira,Joaninha de Oliveira,160,PSTU,,Aguardando julgamento,Concorrendo,sc-sen-joaninha-de-oliveira,https://divulgacandcontas.tse.jus.br/divulga/#/candidato/2026/20322002026/SC/240002537632,"TSE DivulgaCandContas, consulta de 2/9/2026"
SC,Santa Catarina,Sul,senador,240002548630,Lunelli,Antidio Aleixo Lunelli,155,MDB,SANTA CATARINA ACIMA DE TUDO,Aguardando julgamento,Concorrendo,sc-sen-lunelli,https://divulgacandcontas.tse.jus.br/divulga/#/candidato/2026/20322002026/SC/240002548630,"TSE DivulgaCandContas, consulta de 2/9/2026"
SC,Santa Catarina,Sul,senador,240002537630,Marcos Dorval,Marcos Dorval Schmitz,161,PSTU,,Aguardando julgamento,Concorrendo,sc-sen-marcos-dorval,https://divulgacandcontas.tse.jus.br/divulga/#/candidato/2026/20322002026/SC/240002537630,"TSE DivulgaCandContas, consulta de 2/9/2026"
SC,Santa Catarina,Sul,senador,240002550218,Marlene Soccas,Marlene de Souza Soccas,808,UP,,Aguardando julgamento,Concorrendo,sc-sen-marlene-soccas,https://divulgacandcontas.tse.jus.br/divulga/#/candidato/2026/20322002026/SC/240002550218,"TSE DivulgaCandContas, consulta de 2/9/2026"
SC,Santa Catarina,Sul,senador,240002544094,Túlio Pfuetzenreiter,Túlio de Amorim Pfuetzenreiter,144,MISSÃO,,Aguardando julgamento,Concorrendo,sc-sen-tulio-pfuetzenreiter,https://divulgacandcontas.tse.jus.br/divulga/#/candidato/2026/20322002026/SC/240002544094,"TSE DivulgaCandContas, consulta de 2/9/2026"
SP,São Paulo,Sudeste,senador,250002541308,André do Prado,Andre Luis do Prado,222,PL,CORAGEM PARA SEGUIR AVANÇANDO,Deferido,Concorrendo,sp-sen-andre-do-prado,https://divulgacandcontas.tse.jus.br/divulga/#/candidato/2026/20322002026/SP/250002541308,"TSE DivulgaCandContas, consulta de 2/9/2026"
SP,São Paulo,Sudeste,senador,250002541362,Dra Eliana Ferreira,Eliana Lucia Ferreira,161,PSTU,,Deferido,Concorrendo,sp-sen-dra-eliana-ferreira,https://divulgacandcontas.tse.jus.br/divulga/#/candidato/2026/20322002026/SP/250002541362,"TSE DivulgaCandContas, consulta de 2/9/2026"
SP,São Paulo,Sudeste,senador,250002552955,Ednelson Cesaretti,Ednelson Cesaretti,290,PCO,,Aguardando julgamento,Concorrendo,sp-sen-ednelson-cesaretti,https://divulgacandcontas.tse.jus.br/divulga/#/candidato/2026/20322002026/SP/250002552955,"TSE DivulgaCandContas, consulta de 2/9/2026"
SP,São Paulo,Sudeste,senador,250002544673,Geraldo Rufino,Geraldo Aristides Rufino,200,PODE,,Deferido,Concorrendo,sp-sen-geraldo-rufino,https://divulgacandcontas.tse.jus.br/divulga/#/candidato/2026/20322002026/SP/250002544673,"TSE DivulgaCandContas, consulta de 2/9/2026"
SP,São Paulo,Sudeste,senador,250002541312,Guilherme Derrite,Guilherme Muraro Derrite,111,PP,CORAGEM PARA SEGUIR AVANÇANDO,Deferido,Concorrendo,sp-sen-guilherme-derrite,https://divulgacandcontas.tse.jus.br/divulga/#/candidato/2026/20322002026/SP/250002541312,"TSE DivulgaCandContas, consulta de 2/9/2026"
SP,São Paulo,Sudeste,senador,250002553928,Guto Schiavetto,Ricardo Augusto Mangue Schiavetto,144,MISSÃO,,Aguardando julgamento,Concorrendo,sp-sen-guto-schiavetto,https://divulgacandcontas.tse.jus.br/divulga/#/candidato/2026/20322002026/SP/250002553928,"TSE DivulgaCandContas, consulta de 2/9/2026"
SP,São Paulo,Sudeste,senador,250002544516,Maíra de Souza,Maíra Dias de Souza,808,UP,,Aguardando julgamento,Concorrendo,sp-sen-maira-de-souza,https://divulgacandcontas.tse.jus.br/divulga/#/candidato/2026/20322002026/SP/250002544516,"TSE DivulgaCandContas, consulta de 2/9/2026"
SP,São Paulo,Sudeste,senador,250002544514,Marcio Alves,Marcio Alves dos Santos,800,UP,,Deferido,Concorrendo,sp-sen-marcio-alves,https://divulgacandcontas.tse.jus.br/divulga/#/candidato/2026/20322002026/SP/250002544514,"TSE DivulgaCandContas, consulta de 2/9/2026"
SP,São Paulo,Sudeste,senador,250002551501,Marina Silva,Maria Osmarina Marina da Silva Vaz de Lima,180,REDE,DESPERTA SÃO PAULO,Aguardando julgamento,Concorrendo,sp-sen-marina-silva,https://divulgacandcontas.tse.jus.br/divulga/#/candidato/2026/20322002026/SP/250002551501,"TSE DivulgaCandContas, consulta de 2/9/2026"
SP,São Paulo,Sudeste,senador,250002552153,Petter Maahs,Petter Maahs da Silva,211,PCB,,Deferido,Concorrendo,sp-sen-petter-maahs,https://divulgacandcontas.tse.jus.br/divulga/#/candidato/2026/20322002026/SP/250002552153,"TSE DivulgaCandContas, consulta de 2/9/2026"
SP,São Paulo,Sudeste,senador,250002532794,Salles,Ricardo de Aquino Salles,300,NOVO,,Deferido,Concorrendo,sp-sen-salles,https://divulgacandcontas.tse.jus.br/divulga/#/candidato/2026/20322002026/SP/250002532794,"TSE DivulgaCandContas, consulta de 2/9/2026"
SP,São Paulo,Sudeste,senador,250002551502,Simone Tebet,Simone Nassar Tebet Rocha,400,PSB,DESPERTA SÃO PAULO,Aguardando julgamento,Concorrendo,sp-sen-simone-tebet,https://divulgacandcontas.tse.jus.br/divulga/#/candidato/2026/20322002026/SP/250002551502,"TSE DivulgaCandContas, consulta de 2/9/2026"
SP,São Paulo,Sudeste,senador,250002552369,Soninha Francine,Sonia Francine Gaspar Marmo,232,CIDADANIA,FEDERAÇÃO PSDB CIDADANIA(PSDB/CIDADANIA),Aguardando julgamento,Concorrendo,sp-sen-soninha-francine,https://divulgacandcontas.tse.jus.br/divulga/#/candidato/2026/20322002026/SP/250002552369,"TSE DivulgaCandContas, consulta de 2/9/2026"
SP,São Paulo,Sudeste,senador,250002541365,Weller Gonçalves,Weller Pereira Gonçalves,160,PSTU,,Deferido,Concorrendo,sp-sen-weller-goncalves,https://divulgacandcontas.tse.jus.br/divulga/#/candidato/2026/20322002026/SP/250002541365,"TSE DivulgaCandContas, consulta de 2/9/2026"
SP,São Paulo,Sudeste,senador,250002553252,William Teixeira,William Teixeira de Oliveira,360,AGIR,,Aguardando julgamento,Concorrendo,sp-sen-william-teixeira,https://divulgacandcontas.tse.jus.br/divulga/#/candidato/2026/20322002026/SP/250002553252,"TSE DivulgaCandContas, consulta de 2/9/2026"
SE,Sergipe,Nordeste,senador,260002547290,André Moura,Andre Luis Dantas Ferreira,444,UNIÃO,SERGIPE CRESCE COM VOCÊ,Deferido,Concorrendo,se-sen-andre-moura,https://divulgacandcontas.tse.jus.br/divulga/#/candidato/2026/20322002026/SE/260002547290,"TSE DivulgaCandContas, consulta de 2/9/2026"
SE,Sergipe,Nordeste,senador,260002551366,Coronel Rocha,Henrique Alves da Rocha,221,PL,FÉ E CORAGEM PRA MUDAR,Deferido,Concorrendo,se-sen-coronel-rocha,https://divulgacandcontas.tse.jus.br/divulga/#/candidato/2026/20322002026/SE/260002551366,"TSE DivulgaCandContas, consulta de 2/9/2026"
SE,Sergipe,Nordeste,senador,260002533084,Delegado Alessandro,Alessandro Vieira,155,MDB,,Deferido,Concorrendo,se-sen-delegado-alessandro,https://divulgacandcontas.tse.jus.br/divulga/#/candidato/2026/20322002026/SE/260002533084,"TSE DivulgaCandContas, consulta de 2/9/2026"
SE,Sergipe,Nordeste,senador,260002549130,Delegado André David,André David Caldas Rosa Rodrigues,101,REPUBLICANOS,MUDA SERGIPE COM A FORÇA DO POVO,Deferido,Concorrendo,se-sen-delegado-andre-david,https://divulgacandcontas.tse.jus.br/divulga/#/candidato/2026/20322002026/SE/260002549130,"TSE DivulgaCandContas, consulta de 2/9/2026"
SE,Sergipe,Nordeste,senador,260002549127,Eduardo Amorim,Eduardo Alves do Amorim,100,REPUBLICANOS,MUDA SERGIPE COM A FORÇA DO POVO,Deferido,Concorrendo,se-sen-eduardo-amorim,https://divulgacandcontas.tse.jus.br/divulga/#/candidato/2026/20322002026/SE/260002549127,"TSE DivulgaCandContas, consulta de 2/9/2026"
SE,Sergipe,Nordeste,senador,260002551550,Edvaldo,Edvaldo Nogueira Filho,123,PDT,,Deferido,Concorrendo,se-sen-edvaldo,https://divulgacandcontas.tse.jus.br/divulga/#/candidato/2026/20322002026/SE/260002551550,"TSE DivulgaCandContas, consulta de 2/9/2026"
SE,Sergipe,Nordeste,senador,260002545677,Iran Barbosa,Jose Iran Barbosa Filho,500,PSOL,FEDERAÇÃO PSOL REDE(PSOL/REDE),Aguardando julgamento,Concorrendo,se-sen-iran-barbosa,https://divulgacandcontas.tse.jus.br/divulga/#/candidato/2026/20322002026/SE/260002545677,"TSE DivulgaCandContas, consulta de 2/9/2026"
SE,Sergipe,Nordeste,senador,260002543589,Paulinho da União Tur,Paulo Vieira dos Anjos,270,DC,,Aguardando julgamento,Concorrendo,se-sen-paulinho-da-uniao-tur,https://divulgacandcontas.tse.jus.br/divulga/#/candidato/2026/20322002026/SE/260002543589,"TSE DivulgaCandContas, consulta de 2/9/2026"
SE,Sergipe,Nordeste,senador,260002543591,Renatinha,Renata Oliveira Silva,277,DC,,Aguardando julgamento,Concorrendo,se-sen-renatinha,https://divulgacandcontas.tse.jus.br/divulga/#/candidato/2026/20322002026/SE/260002543591,"TSE DivulgaCandContas, consulta de 2/9/2026"
SE,Sergipe,Nordeste,senador,260002551362,Rodrigo Valadares,Rodrigo Santana Valadares,222,PL,FÉ E CORAGEM PRA MUDAR,Deferido,Concorrendo,se-sen-rodrigo-valadares,https://divulgacandcontas.tse.jus.br/divulga/#/candidato/2026/20322002026/SE/260002551362,"TSE DivulgaCandContas, consulta de 2/9/2026"
SE,Sergipe,Nordeste,senador,260002547285,Rogerio Carvalho,Rogerio Carvalho Santos,131,PT,SERGIPE CRESCE COM VOCÊ,Deferido,Concorrendo,se-sen-rogerio-carvalho,https://divulgacandcontas.tse.jus.br/divulga/#/candidato/2026/20322002026/SE/260002547285,"TSE DivulgaCandContas, consulta de 2/9/2026"
TO,Tocantins,Norte,senador,270002548344,Alexandre Guimarães,José Alexandre Domingues Guimarães,153,MDB,PRA CIMA TOCANTINS,Aguardando julgamento,Concorrendo,to-sen-alexandre-guimaraes,https://divulgacandcontas.tse.jus.br/divulga/#/candidato/2026/20322002026/TO/270002548344,"TSE DivulgaCandContas, consulta de 2/9/2026"
TO,Tocantins,Norte,senador,270002552968,Apóstolo Flavio Braga,Flavio Alves Braga,277,DC,,Aguardando julgamento,Concorrendo,to-sen-apostolo-flavio-braga,https://divulgacandcontas.tse.jus.br/divulga/#/candidato/2026/20322002026/TO/270002552968,"TSE DivulgaCandContas, consulta de 2/9/2026"
TO,Tocantins,Norte,senador,270002550610,Coronel Nilton Santos,Nilton Rodrigues dos Santos,303,NOVO,,Aguardando julgamento,Concorrendo,to-sen-coronel-nilton-santos,https://divulgacandcontas.tse.jus.br/divulga/#/candidato/2026/20322002026/TO/270002550610,"TSE DivulgaCandContas, consulta de 2/9/2026"
TO,Tocantins,Norte,senador,270002546333,Eduardo Gomes,Carlos Eduardo Torres Gomes,222,PL,,Aguardando julgamento,Concorrendo,to-sen-eduardo-gomes,https://divulgacandcontas.tse.jus.br/divulga/#/candidato/2026/20322002026/TO/270002546333,"TSE DivulgaCandContas, consulta de 2/9/2026"
TO,Tocantins,Norte,senador,270002548409,Eli Borges,Eli Dias Borges,100,REPUBLICANOS,,Aguardando julgamento,Concorrendo,to-sen-eli-borges,https://divulgacandcontas.tse.jus.br/divulga/#/candidato/2026/20322002026/TO/270002548409,"TSE DivulgaCandContas, consulta de 2/9/2026"
TO,Tocantins,Norte,senador,270002539141,Fábio Ribeiro,Fabio Paulino Ribeiro,180,REDE,FEDERAÇÃO PSOL REDE(PSOL/REDE),Aguardando julgamento,Concorrendo,to-sen-fabio-ribeiro,https://divulgacandcontas.tse.jus.br/divulga/#/candidato/2026/20322002026/TO/270002539141,"TSE DivulgaCandContas, consulta de 2/9/2026"
TO,Tocantins,Norte,senador,270002548231,Gaguim,Carlos Henrique Amorim,444,UNIÃO,FEDERAÇÃO UNIÃO PROGRESSISTA(UNIÃO/PP),Deferido,Concorrendo,to-sen-gaguim,https://divulgacandcontas.tse.jus.br/divulga/#/candidato/2026/20322002026/TO/270002548231,"TSE DivulgaCandContas, consulta de 2/9/2026"
TO,Tocantins,Norte,senador,270002551270,Helio Rodrigues Bolsonaro,Helio Rodrigues Carvalho,351,DEMOCRATA,,Aguardando julgamento,Concorrendo,to-sen-helio-rodrigues-bolsonaro,https://divulgacandcontas.tse.jus.br/divulga/#/candidato/2026/20322002026/TO/270002551270,"TSE DivulgaCandContas, consulta de 2/9/2026"
TO,Tocantins,Norte,senador,270002551273,Osvany Luz,Osvani Pereira da Luz,355,DEMOCRATA,,Aguardando julgamento,Concorrendo,to-sen-osvany-luz,https://divulgacandcontas.tse.jus.br/divulga/#/candidato/2026/20322002026/TO/270002551273,"TSE DivulgaCandContas, consulta de 2/9/2026"
TO,Tocantins,Norte,senador,270002544629,Paulo Mourão,Paulo Sardinha Mourao,133,PT,PRA FRENTE TOCANTINS,Deferido,Concorrendo,to-sen-paulo-mourao,https://divulgacandcontas.tse.jus.br/divulga/#/candidato/2026/20322002026/TO/270002544629,"TSE DivulgaCandContas, consulta de 2/9/2026"
TO,Tocantins,Norte,senador,270002539142,Professor Osvaldo,Osvaldo Soares Neto,500,PSOL,FEDERAÇÃO PSOL REDE(PSOL/REDE),Aguardando julgamento,Concorrendo,to-sen-professor-osvaldo,https://divulgacandcontas.tse.jus.br/divulga/#/candidato/2026/20322002026/TO/270002539142,"TSE DivulgaCandContas, consulta de 2/9/2026"
TO,Tocantins,Norte,senador,270002546038,Ronaldo Dimas,Ronaldo Dimas Nogueira Pereira,202,PODE,,Deferido,Concorrendo,to-sen-ronaldo-dimas,https://divulgacandcontas.tse.jus.br/divulga/#/candidato/2026/20322002026/TO/270002546038,"TSE DivulgaCandContas, consulta de 2/9/2026"
TO,Tocantins,Norte,senador,270002546039,Vanderlei Luxemburgo,Vanderlei Luxemburgo da Silva,200,PODE,,Deferido,Concorrendo,to-sen-vanderlei-luxemburgo,https://divulgacandcontas.tse.jus.br/divulga/#/candidato/2026/20322002026/TO/270002546039,"TSE DivulgaCandContas, consulta de 2/9/2026"
