uf,estado,cargo,instituto,data_divulgacao,cenario,candidato,percentual,registro_tse,amostra,margem_erro,metodologia,contratante,data_campo,url,fonte
AL,Alagoas,governador,Paraná Pesquisas,2026-08-31,estimulado,JHC,47.2,AL-03316/2026,1400,2.7,telefônica,TV Pajuçara,26 a 29/08/2026,https://www.gazetadopovo.com.br/eleicoes/2026/pesquisa-eleitoral-2026/parana-pesquisas-governador-senador-alagoas-agosto/,"ficha técnica registrada no TSE, via Gazeta do Povo"
AL,Alagoas,governador,Paraná Pesquisas,2026-08-31,estimulado,Renan Filho,41.3,AL-03316/2026,1400,2.7,telefônica,TV Pajuçara,26 a 29/08/2026,https://www.gazetadopovo.com.br/eleicoes/2026/pesquisa-eleitoral-2026/parana-pesquisas-governador-senador-alagoas-agosto/,"ficha técnica registrada no TSE, via Gazeta do Povo"
AL,Alagoas,governador,Paraná Pesquisas,2026-08-31,estimulado,Lenilda Luna,1.0,AL-03316/2026,1400,2.7,telefônica,TV Pajuçara,26 a 29/08/2026,https://www.gazetadopovo.com.br/eleicoes/2026/pesquisa-eleitoral-2026/parana-pesquisas-governador-senador-alagoas-agosto/,"ficha técnica registrada no TSE, via Gazeta do Povo"
AL,Alagoas,governador,Paraná Pesquisas,2026-08-31,estimulado,Márcio Jambo,0.4,AL-03316/2026,1400,2.7,telefônica,TV Pajuçara,26 a 29/08/2026,https://www.gazetadopovo.com.br/eleicoes/2026/pesquisa-eleitoral-2026/parana-pesquisas-governador-senador-alagoas-agosto/,"ficha técnica registrada no TSE, via Gazeta do Povo"
AL,Alagoas,senador,Paraná Pesquisas,2026-08-31,estimulado,Arthur Lira,40.4,AL-03316/2026,1400,2.7,telefônica,TV Pajuçara,26 a 29/08/2026,https://www.gazetadopovo.com.br/eleicoes/2026/pesquisa-eleitoral-2026/parana-pesquisas-governador-senador-alagoas-agosto/,"ficha técnica registrada no TSE, via Gazeta do Povo"
AL,Alagoas,senador,Paraná Pesquisas,2026-08-31,estimulado,Renan,36.8,AL-03316/2026,1400,2.7,telefônica,TV Pajuçara,26 a 29/08/2026,https://www.gazetadopovo.com.br/eleicoes/2026/pesquisa-eleitoral-2026/parana-pesquisas-governador-senador-alagoas-agosto/,"ficha técnica registrada no TSE, via Gazeta do Povo"
AL,Alagoas,senador,Paraná Pesquisas,2026-08-31,estimulado,Marina JHC,28.4,AL-03316/2026,1400,2.7,telefônica,TV Pajuçara,26 a 29/08/2026,https://www.gazetadopovo.com.br/eleicoes/2026/pesquisa-eleitoral-2026/parana-pesquisas-governador-senador-alagoas-agosto/,"ficha técnica registrada no TSE, via Gazeta do Povo"
AL,Alagoas,senador,Paraná Pesquisas,2026-08-31,estimulado,Davi Davino Filho,24.4,AL-03316/2026,1400,2.7,telefônica,TV Pajuçara,26 a 29/08/2026,https://www.gazetadopovo.com.br/eleicoes/2026/pesquisa-eleitoral-2026/parana-pesquisas-governador-senador-alagoas-agosto/,"ficha técnica registrada no TSE, via Gazeta do Povo"
AL,Alagoas,senador,Paraná Pesquisas,2026-08-31,estimulado,Dr. Wanderley,10.8,AL-03316/2026,1400,2.7,telefônica,TV Pajuçara,26 a 29/08/2026,https://www.gazetadopovo.com.br/eleicoes/2026/pesquisa-eleitoral-2026/parana-pesquisas-governador-senador-alagoas-agosto/,"ficha técnica registrada no TSE, via Gazeta do Povo"
AL,Alagoas,senador,Paraná Pesquisas,2026-08-31,estimulado,Alexandre Fleming,2.5,AL-03316/2026,1400,2.7,telefônica,TV Pajuçara,26 a 29/08/2026,https://www.gazetadopovo.com.br/eleicoes/2026/pesquisa-eleitoral-2026/parana-pesquisas-governador-senador-alagoas-agosto/,"ficha técnica registrada no TSE, via Gazeta do Povo"
AL,Alagoas,senador,Paraná Pesquisas,2026-08-31,estimulado,Mariedson,0.3,AL-03316/2026,1400,2.7,telefônica,TV Pajuçara,26 a 29/08/2026,https://www.gazetadopovo.com.br/eleicoes/2026/pesquisa-eleitoral-2026/parana-pesquisas-governador-senador-alagoas-agosto/,"ficha técnica registrada no TSE, via Gazeta do Povo"
PA,Pará,governador,Quaest,2026-08-29,estimulado,Dr. Daniel,28,PA-07718/2026,804,3,presencial,TV Liberal,25 a 28/08/2026,https://www.gazetadopovo.com.br/eleicoes/2026/pesquisa-eleitoral-2026/quaest-governador-senador-para-agosto-2026/,"ficha técnica registrada no TSE, via Gazeta do Povo"
PA,Pará,governador,Quaest,2026-08-29,estimulado,Hana Ghassan,27,PA-07718/2026,804,3,presencial,TV Liberal,25 a 28/08/2026,https://www.gazetadopovo.com.br/eleicoes/2026/pesquisa-eleitoral-2026/quaest-governador-senador-para-agosto-2026/,"ficha técnica registrada no TSE, via Gazeta do Povo"
PA,Pará,governador,Quaest,2026-08-29,estimulado,Gal Leite,2,PA-07718/2026,804,3,presencial,TV Liberal,25 a 28/08/2026,https://www.gazetadopovo.com.br/eleicoes/2026/pesquisa-eleitoral-2026/quaest-governador-senador-para-agosto-2026/,"ficha técnica registrada no TSE, via Gazeta do Povo"
PA,Pará,governador,Quaest,2026-08-29,estimulado,Well Macedo,2,PA-07718/2026,804,3,presencial,TV Liberal,25 a 28/08/2026,https://www.gazetadopovo.com.br/eleicoes/2026/pesquisa-eleitoral-2026/quaest-governador-senador-para-agosto-2026/,"ficha técnica registrada no TSE, via Gazeta do Povo"
PA,Pará,governador,Quaest,2026-08-29,estimulado,Araceli,2,PA-07718/2026,804,3,presencial,TV Liberal,25 a 28/08/2026,https://www.gazetadopovo.com.br/eleicoes/2026/pesquisa-eleitoral-2026/quaest-governador-senador-para-agosto-2026/,"ficha técnica registrada no TSE, via Gazeta do Povo"
PA,Pará,governador,Quaest,2026-08-29,estimulado,José Moita,1,PA-07718/2026,804,3,presencial,TV Liberal,25 a 28/08/2026,https://www.gazetadopovo.com.br/eleicoes/2026/pesquisa-eleitoral-2026/quaest-governador-senador-para-agosto-2026/,"ficha técnica registrada no TSE, via Gazeta do Povo"
PA,Pará,senador,Quaest,2026-08-29,estimulado,Helder,23,PA-07718/2026,804,3,presencial,TV Liberal,25 a 28/08/2026,https://www.gazetadopovo.com.br/eleicoes/2026/pesquisa-eleitoral-2026/quaest-governador-senador-para-agosto-2026/,"ficha técnica registrada no TSE, via Gazeta do Povo"
PA,Pará,senador,Quaest,2026-08-29,estimulado,Delegado Éder Mauro,14,PA-07718/2026,804,3,presencial,TV Liberal,25 a 28/08/2026,https://www.gazetadopovo.com.br/eleicoes/2026/pesquisa-eleitoral-2026/quaest-governador-senador-para-agosto-2026/,"ficha técnica registrada no TSE, via Gazeta do Povo"
PA,Pará,senador,Quaest,2026-08-29,estimulado,Zequinha Marinho,11,PA-07718/2026,804,3,presencial,TV Liberal,25 a 28/08/2026,https://www.gazetadopovo.com.br/eleicoes/2026/pesquisa-eleitoral-2026/quaest-governador-senador-para-agosto-2026/,"ficha técnica registrada no TSE, via Gazeta do Povo"
PA,Pará,senador,Quaest,2026-08-29,estimulado,Celso Sabino,7,PA-07718/2026,804,3,presencial,TV Liberal,25 a 28/08/2026,https://www.gazetadopovo.com.br/eleicoes/2026/pesquisa-eleitoral-2026/quaest-governador-senador-para-agosto-2026/,"ficha técnica registrada no TSE, via Gazeta do Povo"
PA,Pará,senador,Quaest,2026-08-29,estimulado,Chicão,5,PA-07718/2026,804,3,presencial,TV Liberal,25 a 28/08/2026,https://www.gazetadopovo.com.br/eleicoes/2026/pesquisa-eleitoral-2026/quaest-governador-senador-para-agosto-2026/,"ficha técnica registrada no TSE, via Gazeta do Povo"
PA,Pará,senador,Quaest,2026-08-29,estimulado,Gizelle Freitas,2,PA-07718/2026,804,3,presencial,TV Liberal,25 a 28/08/2026,https://www.gazetadopovo.com.br/eleicoes/2026/pesquisa-eleitoral-2026/quaest-governador-senador-para-agosto-2026/,"ficha técnica registrada no TSE, via Gazeta do Povo"
PA,Pará,senador,Quaest,2026-08-29,estimulado,Fernanda Lopes,1,PA-07718/2026,804,3,presencial,TV Liberal,25 a 28/08/2026,https://www.gazetadopovo.com.br/eleicoes/2026/pesquisa-eleitoral-2026/quaest-governador-senador-para-agosto-2026/,"ficha técnica registrada no TSE, via Gazeta do Povo"
PA,Pará,senador,Quaest,2026-08-29,estimulado,Livia Noronha,1,PA-07718/2026,804,3,presencial,TV Liberal,25 a 28/08/2026,https://www.gazetadopovo.com.br/eleicoes/2026/pesquisa-eleitoral-2026/quaest-governador-senador-para-agosto-2026/,"ficha técnica registrada no TSE, via Gazeta do Povo"
PA,Pará,senador,Quaest,2026-08-29,estimulado,Conti,1,PA-07718/2026,804,3,presencial,TV Liberal,25 a 28/08/2026,https://www.gazetadopovo.com.br/eleicoes/2026/pesquisa-eleitoral-2026/quaest-governador-senador-para-agosto-2026/,"ficha técnica registrada no TSE, via Gazeta do Povo"
AP,Amapá,governador,Paraná Pesquisas,2026-08-29,estimulado,Dr. Furlan,59.4,AP-00062/2026,1080,3.0,telefônica,Sedek,26 a 28/08/2026,https://www.gazetadopovo.com.br/eleicoes/2026/pesquisa-eleitoral-2026/parana-pesquisas-governador-senador-amapa-2026/,"ficha técnica registrada no TSE, via Gazeta do Povo"
AP,Amapá,governador,Paraná Pesquisas,2026-08-29,estimulado,Clécio,32.1,AP-00062/2026,1080,3.0,telefônica,Sedek,26 a 28/08/2026,https://www.gazetadopovo.com.br/eleicoes/2026/pesquisa-eleitoral-2026/parana-pesquisas-governador-senador-amapa-2026/,"ficha técnica registrada no TSE, via Gazeta do Povo"
AP,Amapá,governador,Paraná Pesquisas,2026-08-29,estimulado,Delegado Marcos,0.6,AP-00062/2026,1080,3.0,telefônica,Sedek,26 a 28/08/2026,https://www.gazetadopovo.com.br/eleicoes/2026/pesquisa-eleitoral-2026/parana-pesquisas-governador-senador-amapa-2026/,"ficha técnica registrada no TSE, via Gazeta do Povo"
AP,Amapá,governador,Paraná Pesquisas,2026-08-29,estimulado,Carlos Cley,0.4,AP-00062/2026,1080,3.0,telefônica,Sedek,26 a 28/08/2026,https://www.gazetadopovo.com.br/eleicoes/2026/pesquisa-eleitoral-2026/parana-pesquisas-governador-senador-amapa-2026/,"ficha técnica registrada no TSE, via Gazeta do Povo"
AP,Amapá,governador,Paraná Pesquisas,2026-08-29,estimulado,Jairo Palheta,0.1,AP-00062/2026,1080,3.0,telefônica,Sedek,26 a 28/08/2026,https://www.gazetadopovo.com.br/eleicoes/2026/pesquisa-eleitoral-2026/parana-pesquisas-governador-senador-amapa-2026/,"ficha técnica registrada no TSE, via Gazeta do Povo"
AP,Amapá,senador,Paraná Pesquisas,2026-08-29,estimulado,Rayssa Furlan,56.0,AP-00062/2026,1080,3.0,telefônica,Sedek,26 a 28/08/2026,https://www.gazetadopovo.com.br/eleicoes/2026/pesquisa-eleitoral-2026/parana-pesquisas-governador-senador-amapa-2026/,"ficha técnica registrada no TSE, via Gazeta do Povo"
AP,Amapá,senador,Paraná Pesquisas,2026-08-29,estimulado,Lucas Barreto,38.1,AP-00062/2026,1080,3.0,telefônica,Sedek,26 a 28/08/2026,https://www.gazetadopovo.com.br/eleicoes/2026/pesquisa-eleitoral-2026/parana-pesquisas-governador-senador-amapa-2026/,"ficha técnica registrada no TSE, via Gazeta do Povo"
AP,Amapá,senador,Paraná Pesquisas,2026-08-29,estimulado,Randolfe,36.6,AP-00062/2026,1080,3.0,telefônica,Sedek,26 a 28/08/2026,https://www.gazetadopovo.com.br/eleicoes/2026/pesquisa-eleitoral-2026/parana-pesquisas-governador-senador-amapa-2026/,"ficha técnica registrada no TSE, via Gazeta do Povo"
TO,Tocantins,governador,Paraná Pesquisas,2026-08-28,estimulado,Professora Dorinha,37.3,TO-02900/2026,1504,2.6,telefônica,Fieto,25 a 27/08/2026,https://www.gazetadopovo.com.br/eleicoes/2026/pesquisa-eleitoral-2026/parana-pesquisas-governador-senador-tocantins-agosto-2026/,"ficha técnica registrada no TSE, via Gazeta do Povo"
TO,Tocantins,governador,Paraná Pesquisas,2026-08-28,estimulado,Vicentinho Júnior,35.5,TO-02900/2026,1504,2.6,telefônica,Fieto,25 a 27/08/2026,https://www.gazetadopovo.com.br/eleicoes/2026/pesquisa-eleitoral-2026/parana-pesquisas-governador-senador-tocantins-agosto-2026/,"ficha técnica registrada no TSE, via Gazeta do Povo"
TO,Tocantins,governador,Paraná Pesquisas,2026-08-28,estimulado,Laurez Moreira,7.6,TO-02900/2026,1504,2.6,telefônica,Fieto,25 a 27/08/2026,https://www.gazetadopovo.com.br/eleicoes/2026/pesquisa-eleitoral-2026/parana-pesquisas-governador-senador-tocantins-agosto-2026/,"ficha técnica registrada no TSE, via Gazeta do Povo"
TO,Tocantins,governador,Paraná Pesquisas,2026-08-28,estimulado,Ataides de Oliveira,5.1,TO-02900/2026,1504,2.6,telefônica,Fieto,25 a 27/08/2026,https://www.gazetadopovo.com.br/eleicoes/2026/pesquisa-eleitoral-2026/parana-pesquisas-governador-senador-tocantins-agosto-2026/,"ficha técnica registrada no TSE, via Gazeta do Povo"
TO,Tocantins,senador,Paraná Pesquisas,2026-08-28,estimulado,Eduardo Gomes,35.1,TO-02900/2026,1504,2.6,telefônica,Fieto,25 a 27/08/2026,https://www.gazetadopovo.com.br/eleicoes/2026/pesquisa-eleitoral-2026/parana-pesquisas-governador-senador-tocantins-agosto-2026/,"ficha técnica registrada no TSE, via Gazeta do Povo"
TO,Tocantins,senador,Paraná Pesquisas,2026-08-28,estimulado,Alexandre Guimarães,21.6,TO-02900/2026,1504,2.6,telefônica,Fieto,25 a 27/08/2026,https://www.gazetadopovo.com.br/eleicoes/2026/pesquisa-eleitoral-2026/parana-pesquisas-governador-senador-tocantins-agosto-2026/,"ficha técnica registrada no TSE, via Gazeta do Povo"
TO,Tocantins,senador,Paraná Pesquisas,2026-08-28,estimulado,Gaguim,20.8,TO-02900/2026,1504,2.6,telefônica,Fieto,25 a 27/08/2026,https://www.gazetadopovo.com.br/eleicoes/2026/pesquisa-eleitoral-2026/parana-pesquisas-governador-senador-tocantins-agosto-2026/,"ficha técnica registrada no TSE, via Gazeta do Povo"
GO,Goiás,governador,Real Time Big Data,2026-08-28,estimulado,Daniel Vilela,45,GO-00954/2026,1600,2,telefônica,Real Time Big Data,24 a 27/08/2026,https://www.gazetadopovo.com.br/eleicoes/2026/pesquisa-eleitoral-2026/real-time-big-data-governador-senador-goias-agosto-2026/,"ficha técnica registrada no TSE, via Gazeta do Povo"
GO,Goiás,governador,Real Time Big Data,2026-08-28,estimulado,Marconi Perillo,22,GO-00954/2026,1600,2,telefônica,Real Time Big Data,24 a 27/08/2026,https://www.gazetadopovo.com.br/eleicoes/2026/pesquisa-eleitoral-2026/real-time-big-data-governador-senador-goias-agosto-2026/,"ficha técnica registrada no TSE, via Gazeta do Povo"
GO,Goiás,governador,Real Time Big Data,2026-08-28,estimulado,Wilder Morais,17,GO-00954/2026,1600,2,telefônica,Real Time Big Data,24 a 27/08/2026,https://www.gazetadopovo.com.br/eleicoes/2026/pesquisa-eleitoral-2026/real-time-big-data-governador-senador-goias-agosto-2026/,"ficha técnica registrada no TSE, via Gazeta do Povo"
GO,Goiás,governador,Real Time Big Data,2026-08-28,estimulado,Luis Cesar Bueno,6,GO-00954/2026,1600,2,telefônica,Real Time Big Data,24 a 27/08/2026,https://www.gazetadopovo.com.br/eleicoes/2026/pesquisa-eleitoral-2026/real-time-big-data-governador-senador-goias-agosto-2026/,"ficha técnica registrada no TSE, via Gazeta do Povo"
GO,Goiás,senador,Real Time Big Data,2026-08-28,estimulado,Gracinha Caiado,27,GO-00954/2026,1600,2,telefônica,Real Time Big Data,24 a 27/08/2026,https://www.gazetadopovo.com.br/eleicoes/2026/pesquisa-eleitoral-2026/real-time-big-data-governador-senador-goias-agosto-2026/,"ficha técnica registrada no TSE, via Gazeta do Povo"
GO,Goiás,senador,Real Time Big Data,2026-08-28,estimulado,Gustavo Gayer,17,GO-00954/2026,1600,2,telefônica,Real Time Big Data,24 a 27/08/2026,https://www.gazetadopovo.com.br/eleicoes/2026/pesquisa-eleitoral-2026/real-time-big-data-governador-senador-goias-agosto-2026/,"ficha técnica registrada no TSE, via Gazeta do Povo"
GO,Goiás,senador,Real Time Big Data,2026-08-28,estimulado,Gustavo Mendanha,12,GO-00954/2026,1600,2,telefônica,Real Time Big Data,24 a 27/08/2026,https://www.gazetadopovo.com.br/eleicoes/2026/pesquisa-eleitoral-2026/real-time-big-data-governador-senador-goias-agosto-2026/,"ficha técnica registrada no TSE, via Gazeta do Povo"
GO,Goiás,senador,Real Time Big Data,2026-08-28,estimulado,Dr. Zacharias Calil,12,GO-00954/2026,1600,2,telefônica,Real Time Big Data,24 a 27/08/2026,https://www.gazetadopovo.com.br/eleicoes/2026/pesquisa-eleitoral-2026/real-time-big-data-governador-senador-goias-agosto-2026/,"ficha técnica registrada no TSE, via Gazeta do Povo"
GO,Goiás,senador,Real Time Big Data,2026-08-28,estimulado,Vanderlan Cardoso,10,GO-00954/2026,1600,2,telefônica,Real Time Big Data,24 a 27/08/2026,https://www.gazetadopovo.com.br/eleicoes/2026/pesquisa-eleitoral-2026/real-time-big-data-governador-senador-goias-agosto-2026/,"ficha técnica registrada no TSE, via Gazeta do Povo"
GO,Goiás,senador,Real Time Big Data,2026-08-28,estimulado,Isaura Lemos,5,GO-00954/2026,1600,2,telefônica,Real Time Big Data,24 a 27/08/2026,https://www.gazetadopovo.com.br/eleicoes/2026/pesquisa-eleitoral-2026/real-time-big-data-governador-senador-goias-agosto-2026/,"ficha técnica registrada no TSE, via Gazeta do Povo"
GO,Goiás,senador,Real Time Big Data,2026-08-28,estimulado,Oséias Varão,4,GO-00954/2026,1600,2,telefônica,Real Time Big Data,24 a 27/08/2026,https://www.gazetadopovo.com.br/eleicoes/2026/pesquisa-eleitoral-2026/real-time-big-data-governador-senador-goias-agosto-2026/,"ficha técnica registrada no TSE, via Gazeta do Povo"
GO,Goiás,senador,Real Time Big Data,2026-08-28,estimulado,Cintia Dias,3,GO-00954/2026,1600,2,telefônica,Real Time Big Data,24 a 27/08/2026,https://www.gazetadopovo.com.br/eleicoes/2026/pesquisa-eleitoral-2026/real-time-big-data-governador-senador-goias-agosto-2026/,"ficha técnica registrada no TSE, via Gazeta do Povo"
GO,Goiás,senador,Real Time Big Data,2026-08-28,estimulado,Iure Castro,2,GO-00954/2026,1600,2,telefônica,Real Time Big Data,24 a 27/08/2026,https://www.gazetadopovo.com.br/eleicoes/2026/pesquisa-eleitoral-2026/real-time-big-data-governador-senador-goias-agosto-2026/,"ficha técnica registrada no TSE, via Gazeta do Povo"
GO,Goiás,senador,Real Time Big Data,2026-08-28,estimulado,Ernesto Roller,1,GO-00954/2026,1600,2,telefônica,Real Time Big Data,24 a 27/08/2026,https://www.gazetadopovo.com.br/eleicoes/2026/pesquisa-eleitoral-2026/real-time-big-data-governador-senador-goias-agosto-2026/,"ficha técnica registrada no TSE, via Gazeta do Povo"
ES,Espírito Santo,governador,Paraná Pesquisas,2026-08-28,estimulado,Lorenzo Pazolini,39.0,ES-02530/2026,1504,2.6,telefônica,Instituto Paraná Pesquisas,não informado,https://www.gazetadopovo.com.br/eleicoes/2026/pesquisa-eleitoral-2026/parana-pesquisas-governador-senador-espirito-santo-agosto-2026/,"ficha técnica registrada no TSE, via Gazeta do Povo"
ES,Espírito Santo,governador,Paraná Pesquisas,2026-08-28,estimulado,Ricardo Ferraço,38.2,ES-02530/2026,1504,2.6,telefônica,Instituto Paraná Pesquisas,não informado,https://www.gazetadopovo.com.br/eleicoes/2026/pesquisa-eleitoral-2026/parana-pesquisas-governador-senador-espirito-santo-agosto-2026/,"ficha técnica registrada no TSE, via Gazeta do Povo"
ES,Espírito Santo,governador,Paraná Pesquisas,2026-08-28,estimulado,Helder Salomão,7.5,ES-02530/2026,1504,2.6,telefônica,Instituto Paraná Pesquisas,não informado,https://www.gazetadopovo.com.br/eleicoes/2026/pesquisa-eleitoral-2026/parana-pesquisas-governador-senador-espirito-santo-agosto-2026/,"ficha técnica registrada no TSE, via Gazeta do Povo"
ES,Espírito Santo,governador,Paraná Pesquisas,2026-08-28,estimulado,Breno Barcelos,1.5,ES-02530/2026,1504,2.6,telefônica,Instituto Paraná Pesquisas,não informado,https://www.gazetadopovo.com.br/eleicoes/2026/pesquisa-eleitoral-2026/parana-pesquisas-governador-senador-espirito-santo-agosto-2026/,"ficha técnica registrada no TSE, via Gazeta do Povo"
ES,Espírito Santo,governador,Paraná Pesquisas,2026-08-28,estimulado,Rafael Demuner,0.7,ES-02530/2026,1504,2.6,telefônica,Instituto Paraná Pesquisas,não informado,https://www.gazetadopovo.com.br/eleicoes/2026/pesquisa-eleitoral-2026/parana-pesquisas-governador-senador-espirito-santo-agosto-2026/,"ficha técnica registrada no TSE, via Gazeta do Povo"
ES,Espírito Santo,senador,Paraná Pesquisas,2026-08-28,estimulado,Renato Casagrande,52.3,ES-02530/2026,1504,2.6,telefônica,Instituto Paraná Pesquisas,não informado,https://www.gazetadopovo.com.br/eleicoes/2026/pesquisa-eleitoral-2026/parana-pesquisas-governador-senador-espirito-santo-agosto-2026/,"ficha técnica registrada no TSE, via Gazeta do Povo"
ES,Espírito Santo,senador,Paraná Pesquisas,2026-08-28,estimulado,Fabiano Contarato,25.4,ES-02530/2026,1504,2.6,telefônica,Instituto Paraná Pesquisas,não informado,https://www.gazetadopovo.com.br/eleicoes/2026/pesquisa-eleitoral-2026/parana-pesquisas-governador-senador-espirito-santo-agosto-2026/,"ficha técnica registrada no TSE, via Gazeta do Povo"
ES,Espírito Santo,senador,Paraná Pesquisas,2026-08-28,estimulado,Sergio Meneguelli,17.9,ES-02530/2026,1504,2.6,telefônica,Instituto Paraná Pesquisas,não informado,https://www.gazetadopovo.com.br/eleicoes/2026/pesquisa-eleitoral-2026/parana-pesquisas-governador-senador-espirito-santo-agosto-2026/,"ficha técnica registrada no TSE, via Gazeta do Povo"
ES,Espírito Santo,senador,Paraná Pesquisas,2026-08-28,estimulado,Maguinha Malta,14.1,ES-02530/2026,1504,2.6,telefônica,Instituto Paraná Pesquisas,não informado,https://www.gazetadopovo.com.br/eleicoes/2026/pesquisa-eleitoral-2026/parana-pesquisas-governador-senador-espirito-santo-agosto-2026/,"ficha técnica registrada no TSE, via Gazeta do Povo"
ES,Espírito Santo,senador,Paraná Pesquisas,2026-08-28,estimulado,Rose de Freitas,12.9,ES-02530/2026,1504,2.6,telefônica,Instituto Paraná Pesquisas,não informado,https://www.gazetadopovo.com.br/eleicoes/2026/pesquisa-eleitoral-2026/parana-pesquisas-governador-senador-espirito-santo-agosto-2026/,"ficha técnica registrada no TSE, via Gazeta do Povo"
ES,Espírito Santo,senador,Paraná Pesquisas,2026-08-28,estimulado,Evair de Melo,12.0,ES-02530/2026,1504,2.6,telefônica,Instituto Paraná Pesquisas,não informado,https://www.gazetadopovo.com.br/eleicoes/2026/pesquisa-eleitoral-2026/parana-pesquisas-governador-senador-espirito-santo-agosto-2026/,"ficha técnica registrada no TSE, via Gazeta do Povo"
ES,Espírito Santo,senador,Paraná Pesquisas,2026-08-28,estimulado,Marcos do Val,10.2,ES-02530/2026,1504,2.6,telefônica,Instituto Paraná Pesquisas,não informado,https://www.gazetadopovo.com.br/eleicoes/2026/pesquisa-eleitoral-2026/parana-pesquisas-governador-senador-espirito-santo-agosto-2026/,"ficha técnica registrada no TSE, via Gazeta do Povo"
ES,Espírito Santo,senador,Paraná Pesquisas,2026-08-28,estimulado,Rodney Miranda,2.8,ES-02530/2026,1504,2.6,telefônica,Instituto Paraná Pesquisas,não informado,https://www.gazetadopovo.com.br/eleicoes/2026/pesquisa-eleitoral-2026/parana-pesquisas-governador-senador-espirito-santo-agosto-2026/,"ficha técnica registrada no TSE, via Gazeta do Povo"
ES,Espírito Santo,senador,Paraná Pesquisas,2026-08-28,estimulado,Callegari,2.7,ES-02530/2026,1504,2.6,telefônica,Instituto Paraná Pesquisas,não informado,https://www.gazetadopovo.com.br/eleicoes/2026/pesquisa-eleitoral-2026/parana-pesquisas-governador-senador-espirito-santo-agosto-2026/,"ficha técnica registrada no TSE, via Gazeta do Povo"
ES,Espírito Santo,senador,Paraná Pesquisas,2026-08-28,estimulado,Professor Fabian,2.5,ES-02530/2026,1504,2.6,telefônica,Instituto Paraná Pesquisas,não informado,https://www.gazetadopovo.com.br/eleicoes/2026/pesquisa-eleitoral-2026/parana-pesquisas-governador-senador-espirito-santo-agosto-2026/,"ficha técnica registrada no TSE, via Gazeta do Povo"
ES,Espírito Santo,senador,Paraná Pesquisas,2026-08-28,estimulado,Leonardo Monjardim,1.5,ES-02530/2026,1504,2.6,telefônica,Instituto Paraná Pesquisas,não informado,https://www.gazetadopovo.com.br/eleicoes/2026/pesquisa-eleitoral-2026/parana-pesquisas-governador-senador-espirito-santo-agosto-2026/,"ficha técnica registrada no TSE, via Gazeta do Povo"
SE,Sergipe,governador,Quaest,2026-08-27,estimulado,Fábio,40,SE-03536/2026,804,3,presencial,TV Sergipe,23 a 26/08/2026,https://www.gazetadopovo.com.br/eleicoes/2026/pesquisa-eleitoral-2026/quaest-governador-senador-sergipe-agosto-2026/,"ficha técnica registrada no TSE, via Gazeta do Povo"
SE,Sergipe,governador,Quaest,2026-08-27,estimulado,Valmir de Francisquinho,28,SE-03536/2026,804,3,presencial,TV Sergipe,23 a 26/08/2026,https://www.gazetadopovo.com.br/eleicoes/2026/pesquisa-eleitoral-2026/quaest-governador-senador-sergipe-agosto-2026/,"ficha técnica registrada no TSE, via Gazeta do Povo"
SE,Sergipe,governador,Quaest,2026-08-27,estimulado,Ricardo Marques,5,SE-03536/2026,804,3,presencial,TV Sergipe,23 a 26/08/2026,https://www.gazetadopovo.com.br/eleicoes/2026/pesquisa-eleitoral-2026/quaest-governador-senador-sergipe-agosto-2026/,"ficha técnica registrada no TSE, via Gazeta do Povo"
SE,Sergipe,governador,Quaest,2026-08-27,estimulado,Taty Cristina de Jesus,1,SE-03536/2026,804,3,presencial,TV Sergipe,23 a 26/08/2026,https://www.gazetadopovo.com.br/eleicoes/2026/pesquisa-eleitoral-2026/quaest-governador-senador-sergipe-agosto-2026/,"ficha técnica registrada no TSE, via Gazeta do Povo"
SE,Sergipe,governador,Quaest,2026-08-27,estimulado,Emanuel Cacho,1,SE-03536/2026,804,3,presencial,TV Sergipe,23 a 26/08/2026,https://www.gazetadopovo.com.br/eleicoes/2026/pesquisa-eleitoral-2026/quaest-governador-senador-sergipe-agosto-2026/,"ficha técnica registrada no TSE, via Gazeta do Povo"
SE,Sergipe,governador,Quaest,2026-08-27,estimulado,Dr. Helton,1,SE-03536/2026,804,3,presencial,TV Sergipe,23 a 26/08/2026,https://www.gazetadopovo.com.br/eleicoes/2026/pesquisa-eleitoral-2026/quaest-governador-senador-sergipe-agosto-2026/,"ficha técnica registrada no TSE, via Gazeta do Povo"
SE,Sergipe,senador,Quaest,2026-08-27,estimulado,Delegado André David,11,SE-03536/2026,804,3,presencial,TV Sergipe,23 a 26/08/2026,https://www.gazetadopovo.com.br/eleicoes/2026/pesquisa-eleitoral-2026/quaest-governador-senador-sergipe-agosto-2026/,"ficha técnica registrada no TSE, via Gazeta do Povo"
SE,Sergipe,senador,Quaest,2026-08-27,estimulado,Rogerio Carvalho,11,SE-03536/2026,804,3,presencial,TV Sergipe,23 a 26/08/2026,https://www.gazetadopovo.com.br/eleicoes/2026/pesquisa-eleitoral-2026/quaest-governador-senador-sergipe-agosto-2026/,"ficha técnica registrada no TSE, via Gazeta do Povo"
SE,Sergipe,senador,Quaest,2026-08-27,estimulado,André Moura,9,SE-03536/2026,804,3,presencial,TV Sergipe,23 a 26/08/2026,https://www.gazetadopovo.com.br/eleicoes/2026/pesquisa-eleitoral-2026/quaest-governador-senador-sergipe-agosto-2026/,"ficha técnica registrada no TSE, via Gazeta do Povo"
SE,Sergipe,senador,Quaest,2026-08-27,estimulado,Delegado Alessandro,8,SE-03536/2026,804,3,presencial,TV Sergipe,23 a 26/08/2026,https://www.gazetadopovo.com.br/eleicoes/2026/pesquisa-eleitoral-2026/quaest-governador-senador-sergipe-agosto-2026/,"ficha técnica registrada no TSE, via Gazeta do Povo"
SE,Sergipe,senador,Quaest,2026-08-27,estimulado,Eduardo Amorim,7,SE-03536/2026,804,3,presencial,TV Sergipe,23 a 26/08/2026,https://www.gazetadopovo.com.br/eleicoes/2026/pesquisa-eleitoral-2026/quaest-governador-senador-sergipe-agosto-2026/,"ficha técnica registrada no TSE, via Gazeta do Povo"
SE,Sergipe,senador,Quaest,2026-08-27,estimulado,Rodrigo Valadares,7,SE-03536/2026,804,3,presencial,TV Sergipe,23 a 26/08/2026,https://www.gazetadopovo.com.br/eleicoes/2026/pesquisa-eleitoral-2026/quaest-governador-senador-sergipe-agosto-2026/,"ficha técnica registrada no TSE, via Gazeta do Povo"
SE,Sergipe,senador,Quaest,2026-08-27,estimulado,Edvaldo,6,SE-03536/2026,804,3,presencial,TV Sergipe,23 a 26/08/2026,https://www.gazetadopovo.com.br/eleicoes/2026/pesquisa-eleitoral-2026/quaest-governador-senador-sergipe-agosto-2026/,"ficha técnica registrada no TSE, via Gazeta do Povo"
RR,Roraima,governador,Quaest,2026-08-27,estimulado,Arthur Henrique,60,RR-04765/2026,804,3,presencial,Rádio e TV do Amazonas,23 a 26/08/2026,https://www.gazetadopovo.com.br/eleicoes/2026/pesquisa-eleitoral-2026/quaest-governador-senador-roraima-agosto-2026/,"ficha técnica registrada no TSE, via Gazeta do Povo"
RR,Roraima,governador,Quaest,2026-08-27,estimulado,Soldado Sampaio,27,RR-04765/2026,804,3,presencial,Rádio e TV do Amazonas,23 a 26/08/2026,https://www.gazetadopovo.com.br/eleicoes/2026/pesquisa-eleitoral-2026/quaest-governador-senador-roraima-agosto-2026/,"ficha técnica registrada no TSE, via Gazeta do Povo"
RR,Roraima,governador,Quaest,2026-08-27,estimulado,Rosi Aires,1,RR-04765/2026,804,3,presencial,Rádio e TV do Amazonas,23 a 26/08/2026,https://www.gazetadopovo.com.br/eleicoes/2026/pesquisa-eleitoral-2026/quaest-governador-senador-roraima-agosto-2026/,"ficha técnica registrada no TSE, via Gazeta do Povo"
RR,Roraima,senador,Quaest,2026-08-27,estimulado,Teresa Surita,19,RR-04765/2026,804,3,presencial,Rádio e TV do Amazonas,23 a 26/08/2026,https://www.gazetadopovo.com.br/eleicoes/2026/pesquisa-eleitoral-2026/quaest-governador-senador-roraima-agosto-2026/,"ficha técnica registrada no TSE, via Gazeta do Povo"
RR,Roraima,senador,Quaest,2026-08-27,estimulado,Nicoletti,17,RR-04765/2026,804,3,presencial,Rádio e TV do Amazonas,23 a 26/08/2026,https://www.gazetadopovo.com.br/eleicoes/2026/pesquisa-eleitoral-2026/quaest-governador-senador-roraima-agosto-2026/,"ficha técnica registrada no TSE, via Gazeta do Povo"
RR,Roraima,senador,Quaest,2026-08-27,estimulado,Helena da Asatur,16,RR-04765/2026,804,3,presencial,Rádio e TV do Amazonas,23 a 26/08/2026,https://www.gazetadopovo.com.br/eleicoes/2026/pesquisa-eleitoral-2026/quaest-governador-senador-roraima-agosto-2026/,"ficha técnica registrada no TSE, via Gazeta do Povo"
RR,Roraima,senador,Quaest,2026-08-27,estimulado,Chico Rodrigues,11,RR-04765/2026,804,3,presencial,Rádio e TV do Amazonas,23 a 26/08/2026,https://www.gazetadopovo.com.br/eleicoes/2026/pesquisa-eleitoral-2026/quaest-governador-senador-roraima-agosto-2026/,"ficha técnica registrada no TSE, via Gazeta do Povo"
AC,Acre,governador,Quaest,2026-08-27,estimulado,Alan Rick,33,AC-09106/2026,804,3,presencial,Rádio TV do Amazonas,23 a 26/08/2026,https://www.gazetadopovo.com.br/eleicoes/2026/pesquisa-eleitoral-2026/quaest-governador-senador-acre-agosto-2026/,"ficha técnica registrada no TSE, via Gazeta do Povo"
AC,Acre,governador,Quaest,2026-08-27,estimulado,Mailza Assis,24,AC-09106/2026,804,3,presencial,Rádio TV do Amazonas,23 a 26/08/2026,https://www.gazetadopovo.com.br/eleicoes/2026/pesquisa-eleitoral-2026/quaest-governador-senador-acre-agosto-2026/,"ficha técnica registrada no TSE, via Gazeta do Povo"
AC,Acre,governador,Quaest,2026-08-27,estimulado,Tião Bocalom,15,AC-09106/2026,804,3,presencial,Rádio TV do Amazonas,23 a 26/08/2026,https://www.gazetadopovo.com.br/eleicoes/2026/pesquisa-eleitoral-2026/quaest-governador-senador-acre-agosto-2026/,"ficha técnica registrada no TSE, via Gazeta do Povo"
AC,Acre,governador,Quaest,2026-08-27,estimulado,Thor Dantas,2,AC-09106/2026,804,3,presencial,Rádio TV do Amazonas,23 a 26/08/2026,https://www.gazetadopovo.com.br/eleicoes/2026/pesquisa-eleitoral-2026/quaest-governador-senador-acre-agosto-2026/,"ficha técnica registrada no TSE, via Gazeta do Povo"
AC,Acre,governador,Quaest,2026-08-27,estimulado,Dr.luisinho,1,AC-09106/2026,804,3,presencial,Rádio TV do Amazonas,23 a 26/08/2026,https://www.gazetadopovo.com.br/eleicoes/2026/pesquisa-eleitoral-2026/quaest-governador-senador-acre-agosto-2026/,"ficha técnica registrada no TSE, via Gazeta do Povo"
AC,Acre,governador,Quaest,2026-08-27,estimulado,Eudo Raffael,0,AC-09106/2026,804,3,presencial,Rádio TV do Amazonas,23 a 26/08/2026,https://www.gazetadopovo.com.br/eleicoes/2026/pesquisa-eleitoral-2026/quaest-governador-senador-acre-agosto-2026/,"ficha técnica registrada no TSE, via Gazeta do Povo"
AC,Acre,senador,Quaest,2026-08-27,estimulado,Gladson Camelí,19,AC-09106/2026,804,3,presencial,Rádio TV do Amazonas,23 a 26/08/2026,https://www.gazetadopovo.com.br/eleicoes/2026/pesquisa-eleitoral-2026/quaest-governador-senador-acre-agosto-2026/,"ficha técnica registrada no TSE, via Gazeta do Povo"
AC,Acre,senador,Quaest,2026-08-27,estimulado,Marcio Bittar,14,AC-09106/2026,804,3,presencial,Rádio TV do Amazonas,23 a 26/08/2026,https://www.gazetadopovo.com.br/eleicoes/2026/pesquisa-eleitoral-2026/quaest-governador-senador-acre-agosto-2026/,"ficha técnica registrada no TSE, via Gazeta do Povo"
AC,Acre,senador,Quaest,2026-08-27,estimulado,Mara Rocha,12,AC-09106/2026,804,3,presencial,Rádio TV do Amazonas,23 a 26/08/2026,https://www.gazetadopovo.com.br/eleicoes/2026/pesquisa-eleitoral-2026/quaest-governador-senador-acre-agosto-2026/,"ficha técnica registrada no TSE, via Gazeta do Povo"
AC,Acre,senador,Quaest,2026-08-27,estimulado,Jorge Viana,12,AC-09106/2026,804,3,presencial,Rádio TV do Amazonas,23 a 26/08/2026,https://www.gazetadopovo.com.br/eleicoes/2026/pesquisa-eleitoral-2026/quaest-governador-senador-acre-agosto-2026/,"ficha técnica registrada no TSE, via Gazeta do Povo"
AC,Acre,senador,Quaest,2026-08-27,estimulado,Petecão,8,AC-09106/2026,804,3,presencial,Rádio TV do Amazonas,23 a 26/08/2026,https://www.gazetadopovo.com.br/eleicoes/2026/pesquisa-eleitoral-2026/quaest-governador-senador-acre-agosto-2026/,"ficha técnica registrada no TSE, via Gazeta do Povo"
AC,Acre,senador,Quaest,2026-08-27,estimulado,Eduardo Velloso,5,AC-09106/2026,804,3,presencial,Rádio TV do Amazonas,23 a 26/08/2026,https://www.gazetadopovo.com.br/eleicoes/2026/pesquisa-eleitoral-2026/quaest-governador-senador-acre-agosto-2026/,"ficha técnica registrada no TSE, via Gazeta do Povo"
AC,Acre,senador,Quaest,2026-08-27,estimulado,Dr. Junior Feitosa,1,AC-09106/2026,804,3,presencial,Rádio TV do Amazonas,23 a 26/08/2026,https://www.gazetadopovo.com.br/eleicoes/2026/pesquisa-eleitoral-2026/quaest-governador-senador-acre-agosto-2026/,"ficha técnica registrada no TSE, via Gazeta do Povo"
AC,Acre,senador,Quaest,2026-08-27,estimulado,Professor Inacio Moreira,1,AC-09106/2026,804,3,presencial,Rádio TV do Amazonas,23 a 26/08/2026,https://www.gazetadopovo.com.br/eleicoes/2026/pesquisa-eleitoral-2026/quaest-governador-senador-acre-agosto-2026/,"ficha técnica registrada no TSE, via Gazeta do Povo"
SP,São Paulo,governador,Quaest,2026-08-25,estimulado,Tarcísio,40,SP-06946/2026,1800,2,presencial,Globo,21 a 24/08/2026,https://www.gazetadopovo.com.br/eleicoes/2026/pesquisa-eleitoral-2026/quaest-governador-sao-paulo-agosto-2026/,"ficha técnica registrada no TSE, via Gazeta do Povo"
SP,São Paulo,governador,Quaest,2026-08-25,estimulado,Fernando Haddad,27,SP-06946/2026,1800,2,presencial,Globo,21 a 24/08/2026,https://www.gazetadopovo.com.br/eleicoes/2026/pesquisa-eleitoral-2026/quaest-governador-sao-paulo-agosto-2026/,"ficha técnica registrada no TSE, via Gazeta do Povo"
SP,São Paulo,governador,Quaest,2026-08-25,estimulado,Policial Edjane,2,SP-06946/2026,1800,2,presencial,Globo,21 a 24/08/2026,https://www.gazetadopovo.com.br/eleicoes/2026/pesquisa-eleitoral-2026/quaest-governador-sao-paulo-agosto-2026/,"ficha técnica registrada no TSE, via Gazeta do Povo"
SP,São Paulo,governador,Quaest,2026-08-25,estimulado,Vera Lúcia,1,SP-06946/2026,1800,2,presencial,Globo,21 a 24/08/2026,https://www.gazetadopovo.com.br/eleicoes/2026/pesquisa-eleitoral-2026/quaest-governador-sao-paulo-agosto-2026/,"ficha técnica registrada no TSE, via Gazeta do Povo"
SP,São Paulo,governador,Quaest,2026-08-25,estimulado,Carlos Machado,1,SP-06946/2026,1800,2,presencial,Globo,21 a 24/08/2026,https://www.gazetadopovo.com.br/eleicoes/2026/pesquisa-eleitoral-2026/quaest-governador-sao-paulo-agosto-2026/,"ficha técnica registrada no TSE, via Gazeta do Povo"
SP,São Paulo,governador,Quaest,2026-08-25,estimulado,Izadora Dias,1,SP-06946/2026,1800,2,presencial,Globo,21 a 24/08/2026,https://www.gazetadopovo.com.br/eleicoes/2026/pesquisa-eleitoral-2026/quaest-governador-sao-paulo-agosto-2026/,"ficha técnica registrada no TSE, via Gazeta do Povo"
SP,São Paulo,governador,Quaest,2026-08-25,estimulado,Vivian Mendes,1,SP-06946/2026,1800,2,presencial,Globo,21 a 24/08/2026,https://www.gazetadopovo.com.br/eleicoes/2026/pesquisa-eleitoral-2026/quaest-governador-sao-paulo-agosto-2026/,"ficha técnica registrada no TSE, via Gazeta do Povo"
BA,Bahia,governador,Quaest,2026-08-27,estimulado,ACM Neto,40,BA-06206/2026,900,3,presencial,TV Bahia,23 a 26/08/2026,https://www.gazetadopovo.com.br/eleicoes/2026/pesquisa-eleitoral-2026/quaest-governador-senador-bahia-agosto-2026/,"ficha técnica registrada no TSE, via Gazeta do Povo"
BA,Bahia,governador,Quaest,2026-08-27,estimulado,Jerônimo Rodrigues,37,BA-06206/2026,900,3,presencial,TV Bahia,23 a 26/08/2026,https://www.gazetadopovo.com.br/eleicoes/2026/pesquisa-eleitoral-2026/quaest-governador-senador-bahia-agosto-2026/,"ficha técnica registrada no TSE, via Gazeta do Povo"
BA,Bahia,governador,Quaest,2026-08-27,estimulado,Maria Bona,1,BA-06206/2026,900,3,presencial,TV Bahia,23 a 26/08/2026,https://www.gazetadopovo.com.br/eleicoes/2026/pesquisa-eleitoral-2026/quaest-governador-senador-bahia-agosto-2026/,"ficha técnica registrada no TSE, via Gazeta do Povo"
BA,Bahia,governador,Quaest,2026-08-27,estimulado,Aroldo Felix,1,BA-06206/2026,900,3,presencial,TV Bahia,23 a 26/08/2026,https://www.gazetadopovo.com.br/eleicoes/2026/pesquisa-eleitoral-2026/quaest-governador-senador-bahia-agosto-2026/,"ficha técnica registrada no TSE, via Gazeta do Povo"
BA,Bahia,governador,Quaest,2026-08-27,estimulado,Ronaldo Mansur,1,BA-06206/2026,900,3,presencial,TV Bahia,23 a 26/08/2026,https://www.gazetadopovo.com.br/eleicoes/2026/pesquisa-eleitoral-2026/quaest-governador-senador-bahia-agosto-2026/,"ficha técnica registrada no TSE, via Gazeta do Povo"
BA,Bahia,governador,Quaest,2026-08-27,estimulado,Estêvão,0,BA-06206/2026,900,3,presencial,TV Bahia,23 a 26/08/2026,https://www.gazetadopovo.com.br/eleicoes/2026/pesquisa-eleitoral-2026/quaest-governador-senador-bahia-agosto-2026/,"ficha técnica registrada no TSE, via Gazeta do Povo"
BA,Bahia,senador,Quaest,2026-08-27,estimulado,Rui Costa,23,BA-06206/2026,900,3,presencial,TV Bahia,23 a 26/08/2026,https://www.gazetadopovo.com.br/eleicoes/2026/pesquisa-eleitoral-2026/quaest-governador-senador-bahia-agosto-2026/,"ficha técnica registrada no TSE, via Gazeta do Povo"
BA,Bahia,senador,Quaest,2026-08-27,estimulado,Jaques Wagner,17,BA-06206/2026,900,3,presencial,TV Bahia,23 a 26/08/2026,https://www.gazetadopovo.com.br/eleicoes/2026/pesquisa-eleitoral-2026/quaest-governador-senador-bahia-agosto-2026/,"ficha técnica registrada no TSE, via Gazeta do Povo"
BA,Bahia,senador,Quaest,2026-08-27,estimulado,João Roma,7,BA-06206/2026,900,3,presencial,TV Bahia,23 a 26/08/2026,https://www.gazetadopovo.com.br/eleicoes/2026/pesquisa-eleitoral-2026/quaest-governador-senador-bahia-agosto-2026/,"ficha técnica registrada no TSE, via Gazeta do Povo"
BA,Bahia,senador,Quaest,2026-08-27,estimulado,Angelo Coronel,5,BA-06206/2026,900,3,presencial,TV Bahia,23 a 26/08/2026,https://www.gazetadopovo.com.br/eleicoes/2026/pesquisa-eleitoral-2026/quaest-governador-senador-bahia-agosto-2026/,"ficha técnica registrada no TSE, via Gazeta do Povo"
BA,Bahia,senador,Quaest,2026-08-27,estimulado,Professora Delliana,2,BA-06206/2026,900,3,presencial,TV Bahia,23 a 26/08/2026,https://www.gazetadopovo.com.br/eleicoes/2026/pesquisa-eleitoral-2026/quaest-governador-senador-bahia-agosto-2026/,"ficha técnica registrada no TSE, via Gazeta do Povo"
BA,Bahia,senador,Quaest,2026-08-27,estimulado,Marcelo Santtana,1,BA-06206/2026,900,3,presencial,TV Bahia,23 a 26/08/2026,https://www.gazetadopovo.com.br/eleicoes/2026/pesquisa-eleitoral-2026/quaest-governador-senador-bahia-agosto-2026/,"ficha técnica registrada no TSE, via Gazeta do Povo"
BA,Bahia,senador,Quaest,2026-08-27,estimulado,Marcelo Carvalho,1,BA-06206/2026,900,3,presencial,TV Bahia,23 a 26/08/2026,https://www.gazetadopovo.com.br/eleicoes/2026/pesquisa-eleitoral-2026/quaest-governador-senador-bahia-agosto-2026/,"ficha técnica registrada no TSE, via Gazeta do Povo"
BA,Bahia,senador,Quaest,2026-08-27,estimulado,Marcelo Millet,1,BA-06206/2026,900,3,presencial,TV Bahia,23 a 26/08/2026,https://www.gazetadopovo.com.br/eleicoes/2026/pesquisa-eleitoral-2026/quaest-governador-senador-bahia-agosto-2026/,"ficha técnica registrada no TSE, via Gazeta do Povo"
BA,Bahia,senador,Quaest,2026-08-27,estimulado,Carlos Sodré,1,BA-06206/2026,900,3,presencial,TV Bahia,23 a 26/08/2026,https://www.gazetadopovo.com.br/eleicoes/2026/pesquisa-eleitoral-2026/quaest-governador-senador-bahia-agosto-2026/,"ficha técnica registrada no TSE, via Gazeta do Povo"
BA,Bahia,senador,Quaest,2026-08-27,estimulado,Gregorio Gould,0,BA-06206/2026,900,3,presencial,TV Bahia,23 a 26/08/2026,https://www.gazetadopovo.com.br/eleicoes/2026/pesquisa-eleitoral-2026/quaest-governador-senador-bahia-agosto-2026/,"ficha técnica registrada no TSE, via Gazeta do Povo"
MG,Minas Gerais,governador,Real Time Big Data,2026-08-27,estimulado,Cleitinho Azevedo,33,MG-07972/2026,2000,2,telefônica,Real Time Big Data,22 a 26/08/2026,https://www.gazetadopovo.com.br/eleicoes/2026/pesquisa-eleitoral-2026/real-time-big-data-governador-senado-minas-gerais-agosto-2026/,"ficha técnica registrada no TSE, via Gazeta do Povo"
MG,Minas Gerais,governador,Real Time Big Data,2026-08-27,estimulado,Patrus Ananias,15,MG-07972/2026,2000,2,telefônica,Real Time Big Data,22 a 26/08/2026,https://www.gazetadopovo.com.br/eleicoes/2026/pesquisa-eleitoral-2026/real-time-big-data-governador-senado-minas-gerais-agosto-2026/,"ficha técnica registrada no TSE, via Gazeta do Povo"
MG,Minas Gerais,governador,Real Time Big Data,2026-08-27,estimulado,Alexandre Kalil,13,MG-07972/2026,2000,2,telefônica,Real Time Big Data,22 a 26/08/2026,https://www.gazetadopovo.com.br/eleicoes/2026/pesquisa-eleitoral-2026/real-time-big-data-governador-senado-minas-gerais-agosto-2026/,"ficha técnica registrada no TSE, via Gazeta do Povo"
MG,Minas Gerais,governador,Real Time Big Data,2026-08-27,estimulado,Mateus Simões,11,MG-07972/2026,2000,2,telefônica,Real Time Big Data,22 a 26/08/2026,https://www.gazetadopovo.com.br/eleicoes/2026/pesquisa-eleitoral-2026/real-time-big-data-governador-senado-minas-gerais-agosto-2026/,"ficha técnica registrada no TSE, via Gazeta do Povo"
MG,Minas Gerais,governador,Real Time Big Data,2026-08-27,estimulado,Gabriel,7,MG-07972/2026,2000,2,telefônica,Real Time Big Data,22 a 26/08/2026,https://www.gazetadopovo.com.br/eleicoes/2026/pesquisa-eleitoral-2026/real-time-big-data-governador-senado-minas-gerais-agosto-2026/,"ficha técnica registrada no TSE, via Gazeta do Povo"
MG,Minas Gerais,governador,Real Time Big Data,2026-08-27,estimulado,Flávio Roscoe,5,MG-07972/2026,2000,2,telefônica,Real Time Big Data,22 a 26/08/2026,https://www.gazetadopovo.com.br/eleicoes/2026/pesquisa-eleitoral-2026/real-time-big-data-governador-senado-minas-gerais-agosto-2026/,"ficha técnica registrada no TSE, via Gazeta do Povo"
MG,Minas Gerais,senador,Real Time Big Data,2026-08-27,estimulado,Marília Campos,24,MG-07972/2026,2000,2,telefônica,Real Time Big Data,22 a 26/08/2026,https://www.gazetadopovo.com.br/eleicoes/2026/pesquisa-eleitoral-2026/real-time-big-data-governador-senado-minas-gerais-agosto-2026/,"ficha técnica registrada no TSE, via Gazeta do Povo"
MG,Minas Gerais,senador,Real Time Big Data,2026-08-27,estimulado,Carlos Viana,13,MG-07972/2026,2000,2,telefônica,Real Time Big Data,22 a 26/08/2026,https://www.gazetadopovo.com.br/eleicoes/2026/pesquisa-eleitoral-2026/real-time-big-data-governador-senado-minas-gerais-agosto-2026/,"ficha técnica registrada no TSE, via Gazeta do Povo"
MG,Minas Gerais,senador,Real Time Big Data,2026-08-27,estimulado,Domingos Sávio,13,MG-07972/2026,2000,2,telefônica,Real Time Big Data,22 a 26/08/2026,https://www.gazetadopovo.com.br/eleicoes/2026/pesquisa-eleitoral-2026/real-time-big-data-governador-senado-minas-gerais-agosto-2026/,"ficha técnica registrada no TSE, via Gazeta do Povo"
MG,Minas Gerais,senador,Real Time Big Data,2026-08-27,estimulado,Marcelo Aro,12,MG-07972/2026,2000,2,telefônica,Real Time Big Data,22 a 26/08/2026,https://www.gazetadopovo.com.br/eleicoes/2026/pesquisa-eleitoral-2026/real-time-big-data-governador-senado-minas-gerais-agosto-2026/,"ficha técnica registrada no TSE, via Gazeta do Povo"
MG,Minas Gerais,senador,Real Time Big Data,2026-08-27,estimulado,Áurea Carolina,9,MG-07972/2026,2000,2,telefônica,Real Time Big Data,22 a 26/08/2026,https://www.gazetadopovo.com.br/eleicoes/2026/pesquisa-eleitoral-2026/real-time-big-data-governador-senado-minas-gerais-agosto-2026/,"ficha técnica registrada no TSE, via Gazeta do Povo"
PR,Paraná,governador,Real Time Big Data,2026-08-28,estimulado,Sergio Moro,35,PR-07845/2026,1600,2,telefônica,Real Time Mídia,24 a 27/08/2026,https://www.gazetadopovo.com.br/eleicoes/2026/pesquisa-eleitoral-2026/real-time-big-data-governador-parana-agosto-2026-2/,"ficha técnica registrada no TSE, via Gazeta do Povo"
PR,Paraná,governador,Real Time Big Data,2026-08-28,estimulado,Sandro Alex,23,PR-07845/2026,1600,2,telefônica,Real Time Mídia,24 a 27/08/2026,https://www.gazetadopovo.com.br/eleicoes/2026/pesquisa-eleitoral-2026/real-time-big-data-governador-parana-agosto-2026-2/,"ficha técnica registrada no TSE, via Gazeta do Povo"
PR,Paraná,governador,Real Time Big Data,2026-08-28,estimulado,Requião Filho,20,PR-07845/2026,1600,2,telefônica,Real Time Mídia,24 a 27/08/2026,https://www.gazetadopovo.com.br/eleicoes/2026/pesquisa-eleitoral-2026/real-time-big-data-governador-parana-agosto-2026-2/,"ficha técnica registrada no TSE, via Gazeta do Povo"
PR,Paraná,governador,Real Time Big Data,2026-08-28,estimulado,Luiz França,2,PR-07845/2026,1600,2,telefônica,Real Time Mídia,24 a 27/08/2026,https://www.gazetadopovo.com.br/eleicoes/2026/pesquisa-eleitoral-2026/real-time-big-data-governador-parana-agosto-2026-2/,"ficha técnica registrada no TSE, via Gazeta do Povo"
PR,Paraná,senador,Real Time Big Data,2026-08-28,estimulado,Deltan Dallagnol,20,PR-07845/2026,1600,2,telefônica,Real Time Mídia,24 a 27/08/2026,https://www.gazetadopovo.com.br/eleicoes/2026/pesquisa-eleitoral-2026/real-time-big-data-governador-parana-agosto-2026-2/,"ficha técnica registrada no TSE, via Gazeta do Povo"
PR,Paraná,senador,Real Time Big Data,2026-08-28,estimulado,Alexandre Curi,18,PR-07845/2026,1600,2,telefônica,Real Time Mídia,24 a 27/08/2026,https://www.gazetadopovo.com.br/eleicoes/2026/pesquisa-eleitoral-2026/real-time-big-data-governador-parana-agosto-2026-2/,"ficha técnica registrada no TSE, via Gazeta do Povo"
PR,Paraná,senador,Real Time Big Data,2026-08-28,estimulado,Filipe Barros,17,PR-07845/2026,1600,2,telefônica,Real Time Mídia,24 a 27/08/2026,https://www.gazetadopovo.com.br/eleicoes/2026/pesquisa-eleitoral-2026/real-time-big-data-governador-parana-agosto-2026-2/,"ficha técnica registrada no TSE, via Gazeta do Povo"
PR,Paraná,senador,Real Time Big Data,2026-08-28,estimulado,Gleisi,15,PR-07845/2026,1600,2,telefônica,Real Time Mídia,24 a 27/08/2026,https://www.gazetadopovo.com.br/eleicoes/2026/pesquisa-eleitoral-2026/real-time-big-data-governador-parana-agosto-2026-2/,"ficha técnica registrada no TSE, via Gazeta do Povo"
PR,Paraná,senador,Real Time Big Data,2026-08-28,estimulado,Cristina Graeml,14,PR-07845/2026,1600,2,telefônica,Real Time Mídia,24 a 27/08/2026,https://www.gazetadopovo.com.br/eleicoes/2026/pesquisa-eleitoral-2026/real-time-big-data-governador-parana-agosto-2026-2/,"ficha técnica registrada no TSE, via Gazeta do Povo"
PR,Paraná,senador,Real Time Big Data,2026-08-28,estimulado,Dr Rosinha,5,PR-07845/2026,1600,2,telefônica,Real Time Mídia,24 a 27/08/2026,https://www.gazetadopovo.com.br/eleicoes/2026/pesquisa-eleitoral-2026/real-time-big-data-governador-parana-agosto-2026-2/,"ficha técnica registrada no TSE, via Gazeta do Povo"
PR,Paraná,senador,Real Time Big Data,2026-08-28,estimulado,Karen Guerreiro,1,PR-07845/2026,1600,2,telefônica,Real Time Mídia,24 a 27/08/2026,https://www.gazetadopovo.com.br/eleicoes/2026/pesquisa-eleitoral-2026/real-time-big-data-governador-parana-agosto-2026-2/,"ficha técnica registrada no TSE, via Gazeta do Povo"
RJ,Rio de Janeiro,governador,Quaest,2026-08-25,estimulado,Eduardo Paes,37,RJ-08748/2026,1302,3,presencial,Globo,21 a 24/08/2026,https://www.gazetadopovo.com.br/eleicoes/2026/pesquisa-eleitoral-2026/quaest-governador-senador-rio-de-janeiro-agosto-2026/,"ficha técnica registrada no TSE, via Gazeta do Povo"
RJ,Rio de Janeiro,governador,Quaest,2026-08-25,estimulado,Douglas Ruas,14,RJ-08748/2026,1302,3,presencial,Globo,21 a 24/08/2026,https://www.gazetadopovo.com.br/eleicoes/2026/pesquisa-eleitoral-2026/quaest-governador-senador-rio-de-janeiro-agosto-2026/,"ficha técnica registrada no TSE, via Gazeta do Povo"
RJ,Rio de Janeiro,governador,Quaest,2026-08-25,estimulado,Garotinho,7,RJ-08748/2026,1302,3,presencial,Globo,21 a 24/08/2026,https://www.gazetadopovo.com.br/eleicoes/2026/pesquisa-eleitoral-2026/quaest-governador-senador-rio-de-janeiro-agosto-2026/,"ficha técnica registrada no TSE, via Gazeta do Povo"
RJ,Rio de Janeiro,governador,Quaest,2026-08-25,estimulado,William Siri,3,RJ-08748/2026,1302,3,presencial,Globo,21 a 24/08/2026,https://www.gazetadopovo.com.br/eleicoes/2026/pesquisa-eleitoral-2026/quaest-governador-senador-rio-de-janeiro-agosto-2026/,"ficha técnica registrada no TSE, via Gazeta do Povo"
RJ,Rio de Janeiro,governador,Quaest,2026-08-25,estimulado,Coronel Busnello,1,RJ-08748/2026,1302,3,presencial,Globo,21 a 24/08/2026,https://www.gazetadopovo.com.br/eleicoes/2026/pesquisa-eleitoral-2026/quaest-governador-senador-rio-de-janeiro-agosto-2026/,"ficha técnica registrada no TSE, via Gazeta do Povo"
RJ,Rio de Janeiro,governador,Quaest,2026-08-25,estimulado,Cyro Garcia,1,RJ-08748/2026,1302,3,presencial,Globo,21 a 24/08/2026,https://www.gazetadopovo.com.br/eleicoes/2026/pesquisa-eleitoral-2026/quaest-governador-senador-rio-de-janeiro-agosto-2026/,"ficha técnica registrada no TSE, via Gazeta do Povo"
RJ,Rio de Janeiro,governador,Quaest,2026-08-25,estimulado,Juliete,1,RJ-08748/2026,1302,3,presencial,Globo,21 a 24/08/2026,https://www.gazetadopovo.com.br/eleicoes/2026/pesquisa-eleitoral-2026/quaest-governador-senador-rio-de-janeiro-agosto-2026/,"ficha técnica registrada no TSE, via Gazeta do Povo"
RJ,Rio de Janeiro,governador,Quaest,2026-08-25,estimulado,Luan Monteiro,0,RJ-08748/2026,1302,3,presencial,Globo,21 a 24/08/2026,https://www.gazetadopovo.com.br/eleicoes/2026/pesquisa-eleitoral-2026/quaest-governador-senador-rio-de-janeiro-agosto-2026/,"ficha técnica registrada no TSE, via Gazeta do Povo"
RJ,Rio de Janeiro,governador,Quaest,2026-08-25,estimulado,André Marinho,0,RJ-08748/2026,1302,3,presencial,Globo,21 a 24/08/2026,https://www.gazetadopovo.com.br/eleicoes/2026/pesquisa-eleitoral-2026/quaest-governador-senador-rio-de-janeiro-agosto-2026/,"ficha técnica registrada no TSE, via Gazeta do Povo"
RJ,Rio de Janeiro,senador,Quaest,2026-08-25,estimulado,Benedita da Silva,10,RJ-08748/2026,1302,3,presencial,Globo,21 a 24/08/2026,https://www.gazetadopovo.com.br/eleicoes/2026/pesquisa-eleitoral-2026/quaest-governador-senador-rio-de-janeiro-agosto-2026/,"ficha técnica registrada no TSE, via Gazeta do Povo"
RJ,Rio de Janeiro,senador,Quaest,2026-08-25,estimulado,Carlos Jordy,7,RJ-08748/2026,1302,3,presencial,Globo,21 a 24/08/2026,https://www.gazetadopovo.com.br/eleicoes/2026/pesquisa-eleitoral-2026/quaest-governador-senador-rio-de-janeiro-agosto-2026/,"ficha técnica registrada no TSE, via Gazeta do Povo"
RJ,Rio de Janeiro,senador,Quaest,2026-08-25,estimulado,Marcelo Crivella,6,RJ-08748/2026,1302,3,presencial,Globo,21 a 24/08/2026,https://www.gazetadopovo.com.br/eleicoes/2026/pesquisa-eleitoral-2026/quaest-governador-senador-rio-de-janeiro-agosto-2026/,"ficha técnica registrada no TSE, via Gazeta do Povo"
RJ,Rio de Janeiro,senador,Quaest,2026-08-25,estimulado,Monica Benicio,5,RJ-08748/2026,1302,3,presencial,Globo,21 a 24/08/2026,https://www.gazetadopovo.com.br/eleicoes/2026/pesquisa-eleitoral-2026/quaest-governador-senador-rio-de-janeiro-agosto-2026/,"ficha técnica registrada no TSE, via Gazeta do Povo"
RJ,Rio de Janeiro,senador,Quaest,2026-08-25,estimulado,Carlos Portinho,5,RJ-08748/2026,1302,3,presencial,Globo,21 a 24/08/2026,https://www.gazetadopovo.com.br/eleicoes/2026/pesquisa-eleitoral-2026/quaest-governador-senador-rio-de-janeiro-agosto-2026/,"ficha técnica registrada no TSE, via Gazeta do Povo"
RJ,Rio de Janeiro,senador,Quaest,2026-08-25,estimulado,Pedro Paulo,3,RJ-08748/2026,1302,3,presencial,Globo,21 a 24/08/2026,https://www.gazetadopovo.com.br/eleicoes/2026/pesquisa-eleitoral-2026/quaest-governador-senador-rio-de-janeiro-agosto-2026/,"ficha técnica registrada no TSE, via Gazeta do Povo"
RJ,Rio de Janeiro,senador,Quaest,2026-08-25,estimulado,Waguinho,2,RJ-08748/2026,1302,3,presencial,Globo,21 a 24/08/2026,https://www.gazetadopovo.com.br/eleicoes/2026/pesquisa-eleitoral-2026/quaest-governador-senador-rio-de-janeiro-agosto-2026/,"ficha técnica registrada no TSE, via Gazeta do Povo"
RJ,Rio de Janeiro,senador,Quaest,2026-08-25,estimulado,Paula Falcão,1,RJ-08748/2026,1302,3,presencial,Globo,21 a 24/08/2026,https://www.gazetadopovo.com.br/eleicoes/2026/pesquisa-eleitoral-2026/quaest-governador-senador-rio-de-janeiro-agosto-2026/,"ficha técnica registrada no TSE, via Gazeta do Povo"
RJ,Rio de Janeiro,senador,Quaest,2026-08-25,estimulado,André Monteiro,1,RJ-08748/2026,1302,3,presencial,Globo,21 a 24/08/2026,https://www.gazetadopovo.com.br/eleicoes/2026/pesquisa-eleitoral-2026/quaest-governador-senador-rio-de-janeiro-agosto-2026/,"ficha técnica registrada no TSE, via Gazeta do Povo"
RJ,Rio de Janeiro,senador,Quaest,2026-08-25,estimulado,Marcos Dias,1,RJ-08748/2026,1302,3,presencial,Globo,21 a 24/08/2026,https://www.gazetadopovo.com.br/eleicoes/2026/pesquisa-eleitoral-2026/quaest-governador-senador-rio-de-janeiro-agosto-2026/,"ficha técnica registrada no TSE, via Gazeta do Povo"
RJ,Rio de Janeiro,senador,Quaest,2026-08-25,estimulado,Helio Secco,1,RJ-08748/2026,1302,3,presencial,Globo,21 a 24/08/2026,https://www.gazetadopovo.com.br/eleicoes/2026/pesquisa-eleitoral-2026/quaest-governador-senador-rio-de-janeiro-agosto-2026/,"ficha técnica registrada no TSE, via Gazeta do Povo"
RJ,Rio de Janeiro,senador,Quaest,2026-08-25,estimulado,Michelly Xavier,1,RJ-08748/2026,1302,3,presencial,Globo,21 a 24/08/2026,https://www.gazetadopovo.com.br/eleicoes/2026/pesquisa-eleitoral-2026/quaest-governador-senador-rio-de-janeiro-agosto-2026/,"ficha técnica registrada no TSE, via Gazeta do Povo"
PE,Pernambuco,governador,Quaest,2026-08-25,estimulado,Raquel Lyra,44,PE-07828/2026,1302,3,presencial,Globo,21 a 24/08/2026,https://www.gazetadopovo.com.br/eleicoes/2026/pesquisa-eleitoral-2026/quaest-governador-senador-pernambuco-agosto-2026/,"ficha técnica registrada no TSE, via Gazeta do Povo"
PE,Pernambuco,governador,Quaest,2026-08-25,estimulado,João Campos,36,PE-07828/2026,1302,3,presencial,Globo,21 a 24/08/2026,https://www.gazetadopovo.com.br/eleicoes/2026/pesquisa-eleitoral-2026/quaest-governador-senador-pernambuco-agosto-2026/,"ficha técnica registrada no TSE, via Gazeta do Povo"
PE,Pernambuco,senador,Quaest,2026-08-25,estimulado,Marília Arraes,16,PE-07828/2026,1302,3,presencial,Globo,21 a 24/08/2026,https://www.gazetadopovo.com.br/eleicoes/2026/pesquisa-eleitoral-2026/quaest-governador-senador-pernambuco-agosto-2026/,"ficha técnica registrada no TSE, via Gazeta do Povo"
PE,Pernambuco,senador,Quaest,2026-08-25,estimulado,Humberto Costa,13,PE-07828/2026,1302,3,presencial,Globo,21 a 24/08/2026,https://www.gazetadopovo.com.br/eleicoes/2026/pesquisa-eleitoral-2026/quaest-governador-senador-pernambuco-agosto-2026/,"ficha técnica registrada no TSE, via Gazeta do Povo"
PE,Pernambuco,senador,Quaest,2026-08-25,estimulado,Mendonça Filho,9,PE-07828/2026,1302,3,presencial,Globo,21 a 24/08/2026,https://www.gazetadopovo.com.br/eleicoes/2026/pesquisa-eleitoral-2026/quaest-governador-senador-pernambuco-agosto-2026/,"ficha técnica registrada no TSE, via Gazeta do Povo"
PE,Pernambuco,senador,Quaest,2026-08-25,estimulado,Eduardo da Fonte,6,PE-07828/2026,1302,3,presencial,Globo,21 a 24/08/2026,https://www.gazetadopovo.com.br/eleicoes/2026/pesquisa-eleitoral-2026/quaest-governador-senador-pernambuco-agosto-2026/,"ficha técnica registrada no TSE, via Gazeta do Povo"
PE,Pernambuco,senador,Quaest,2026-08-25,estimulado,Túlio Gadêlha,3,PE-07828/2026,1302,3,presencial,Globo,21 a 24/08/2026,https://www.gazetadopovo.com.br/eleicoes/2026/pesquisa-eleitoral-2026/quaest-governador-senador-pernambuco-agosto-2026/,"ficha técnica registrada no TSE, via Gazeta do Povo"
AM,Amazonas,governador,Quaest,2026-08-25,estimulado,Omar Aziz,26,AM-04595/2026,804,3,presencial,Rede Amazônica,21 a 24/08/2026,https://www.gazetadopovo.com.br/eleicoes/2026/pesquisa-eleitoral-2026/quaest-governador-senador-amazonas-agosto-2026/,"ficha técnica registrada no TSE, via Gazeta do Povo"
AM,Amazonas,governador,Quaest,2026-08-25,estimulado,Roberto Cidade,18,AM-04595/2026,804,3,presencial,Rede Amazônica,21 a 24/08/2026,https://www.gazetadopovo.com.br/eleicoes/2026/pesquisa-eleitoral-2026/quaest-governador-senador-amazonas-agosto-2026/,"ficha técnica registrada no TSE, via Gazeta do Povo"
AM,Amazonas,governador,Quaest,2026-08-25,estimulado,Professora Maria do Carmo,16,AM-04595/2026,804,3,presencial,Rede Amazônica,21 a 24/08/2026,https://www.gazetadopovo.com.br/eleicoes/2026/pesquisa-eleitoral-2026/quaest-governador-senador-amazonas-agosto-2026/,"ficha técnica registrada no TSE, via Gazeta do Povo"
AM,Amazonas,governador,Quaest,2026-08-25,estimulado,David Almeida,15,AM-04595/2026,804,3,presencial,Rede Amazônica,21 a 24/08/2026,https://www.gazetadopovo.com.br/eleicoes/2026/pesquisa-eleitoral-2026/quaest-governador-senador-amazonas-agosto-2026/,"ficha técnica registrada no TSE, via Gazeta do Povo"
AM,Amazonas,governador,Quaest,2026-08-25,estimulado,Cabo Daciolo,2,AM-04595/2026,804,3,presencial,Rede Amazônica,21 a 24/08/2026,https://www.gazetadopovo.com.br/eleicoes/2026/pesquisa-eleitoral-2026/quaest-governador-senador-amazonas-agosto-2026/,"ficha técnica registrada no TSE, via Gazeta do Povo"
AM,Amazonas,governador,Quaest,2026-08-25,estimulado,Isael Munduruku,1,AM-04595/2026,804,3,presencial,Rede Amazônica,21 a 24/08/2026,https://www.gazetadopovo.com.br/eleicoes/2026/pesquisa-eleitoral-2026/quaest-governador-senador-amazonas-agosto-2026/,"ficha técnica registrada no TSE, via Gazeta do Povo"
AM,Amazonas,governador,Quaest,2026-08-25,estimulado,Gilberto Vasconcelos,0,AM-04595/2026,804,3,presencial,Rede Amazônica,21 a 24/08/2026,https://www.gazetadopovo.com.br/eleicoes/2026/pesquisa-eleitoral-2026/quaest-governador-senador-amazonas-agosto-2026/,"ficha técnica registrada no TSE, via Gazeta do Povo"
AM,Amazonas,senador,Quaest,2026-08-25,estimulado,Eduardo Braga,25,AM-04595/2026,804,3,presencial,Rede Amazônica,21 a 24/08/2026,https://www.gazetadopovo.com.br/eleicoes/2026/pesquisa-eleitoral-2026/quaest-governador-senador-amazonas-agosto-2026/,"ficha técnica registrada no TSE, via Gazeta do Povo"
AM,Amazonas,senador,Quaest,2026-08-25,estimulado,Capitão Alberto Neto,16,AM-04595/2026,804,3,presencial,Rede Amazônica,21 a 24/08/2026,https://www.gazetadopovo.com.br/eleicoes/2026/pesquisa-eleitoral-2026/quaest-governador-senador-amazonas-agosto-2026/,"ficha técnica registrada no TSE, via Gazeta do Povo"
AM,Amazonas,senador,Quaest,2026-08-25,estimulado,Plinio Valério,13,AM-04595/2026,804,3,presencial,Rede Amazônica,21 a 24/08/2026,https://www.gazetadopovo.com.br/eleicoes/2026/pesquisa-eleitoral-2026/quaest-governador-senador-amazonas-agosto-2026/,"ficha técnica registrada no TSE, via Gazeta do Povo"
AM,Amazonas,senador,Quaest,2026-08-25,estimulado,Wilson Lima,12,AM-04595/2026,804,3,presencial,Rede Amazônica,21 a 24/08/2026,https://www.gazetadopovo.com.br/eleicoes/2026/pesquisa-eleitoral-2026/quaest-governador-senador-amazonas-agosto-2026/,"ficha técnica registrada no TSE, via Gazeta do Povo"
AM,Amazonas,senador,Quaest,2026-08-25,estimulado,Professora Evany,3,AM-04595/2026,804,3,presencial,Rede Amazônica,21 a 24/08/2026,https://www.gazetadopovo.com.br/eleicoes/2026/pesquisa-eleitoral-2026/quaest-governador-senador-amazonas-agosto-2026/,"ficha técnica registrada no TSE, via Gazeta do Povo"
AM,Amazonas,senador,Quaest,2026-08-25,estimulado,Xuxa do Amazonas,1,AM-04595/2026,804,3,presencial,Rede Amazônica,21 a 24/08/2026,https://www.gazetadopovo.com.br/eleicoes/2026/pesquisa-eleitoral-2026/quaest-governador-senador-amazonas-agosto-2026/,"ficha técnica registrada no TSE, via Gazeta do Povo"
AM,Amazonas,senador,Quaest,2026-08-25,estimulado,Ismael Munduruku,1,AM-04595/2026,804,3,presencial,Rede Amazônica,21 a 24/08/2026,https://www.gazetadopovo.com.br/eleicoes/2026/pesquisa-eleitoral-2026/quaest-governador-senador-amazonas-agosto-2026/,"ficha técnica registrada no TSE, via Gazeta do Povo"
AM,Amazonas,senador,Quaest,2026-08-25,estimulado,Dailson Corrêa,0,AM-04595/2026,804,3,presencial,Rede Amazônica,21 a 24/08/2026,https://www.gazetadopovo.com.br/eleicoes/2026/pesquisa-eleitoral-2026/quaest-governador-senador-amazonas-agosto-2026/,"ficha técnica registrada no TSE, via Gazeta do Povo"
AM,Amazonas,senador,Quaest,2026-08-25,estimulado,Evandro de Oliveira,0,AM-04595/2026,804,3,presencial,Rede Amazônica,21 a 24/08/2026,https://www.gazetadopovo.com.br/eleicoes/2026/pesquisa-eleitoral-2026/quaest-governador-senador-amazonas-agosto-2026/,"ficha técnica registrada no TSE, via Gazeta do Povo"
RS,Rio Grande do Sul,governador,Quaest,2026-08-24,estimulado,Zucco,26,RS-06875/2026,900,3,presencial,RBS,20 a 23/08/2026,https://www.gazetadopovo.com.br/eleicoes/2026/pesquisa-eleitoral-2026/quaest-governador-senador-rio-grande-do-sul-agosto-2026/,"ficha técnica registrada no TSE, via Gazeta do Povo"
RS,Rio Grande do Sul,governador,Quaest,2026-08-24,estimulado,Juliana Brizola,23,RS-06875/2026,900,3,presencial,RBS,20 a 23/08/2026,https://www.gazetadopovo.com.br/eleicoes/2026/pesquisa-eleitoral-2026/quaest-governador-senador-rio-grande-do-sul-agosto-2026/,"ficha técnica registrada no TSE, via Gazeta do Povo"
RS,Rio Grande do Sul,governador,Quaest,2026-08-24,estimulado,Gabriel Souza,9,RS-06875/2026,900,3,presencial,RBS,20 a 23/08/2026,https://www.gazetadopovo.com.br/eleicoes/2026/pesquisa-eleitoral-2026/quaest-governador-senador-rio-grande-do-sul-agosto-2026/,"ficha técnica registrada no TSE, via Gazeta do Povo"
RS,Rio Grande do Sul,governador,Quaest,2026-08-24,estimulado,Marcelo Maranata,2,RS-06875/2026,900,3,presencial,RBS,20 a 23/08/2026,https://www.gazetadopovo.com.br/eleicoes/2026/pesquisa-eleitoral-2026/quaest-governador-senador-rio-grande-do-sul-agosto-2026/,"ficha técnica registrada no TSE, via Gazeta do Povo"
RS,Rio Grande do Sul,governador,Quaest,2026-08-24,estimulado,Priscila Voigt,1,RS-06875/2026,900,3,presencial,RBS,20 a 23/08/2026,https://www.gazetadopovo.com.br/eleicoes/2026/pesquisa-eleitoral-2026/quaest-governador-senador-rio-grande-do-sul-agosto-2026/,"ficha técnica registrada no TSE, via Gazeta do Povo"
RS,Rio Grande do Sul,governador,Quaest,2026-08-24,estimulado,Cesar Pontes,0,RS-06875/2026,900,3,presencial,RBS,20 a 23/08/2026,https://www.gazetadopovo.com.br/eleicoes/2026/pesquisa-eleitoral-2026/quaest-governador-senador-rio-grande-do-sul-agosto-2026/,"ficha técnica registrada no TSE, via Gazeta do Povo"
RS,Rio Grande do Sul,governador,Quaest,2026-08-24,estimulado,Rejane de Oliveira,0,RS-06875/2026,900,3,presencial,RBS,20 a 23/08/2026,https://www.gazetadopovo.com.br/eleicoes/2026/pesquisa-eleitoral-2026/quaest-governador-senador-rio-grande-do-sul-agosto-2026/,"ficha técnica registrada no TSE, via Gazeta do Povo"
RS,Rio Grande do Sul,senador,Quaest,2026-08-24,estimulado,Manuela D'ávila,12,RS-06875/2026,900,3,presencial,RBS,20 a 23/08/2026,https://www.gazetadopovo.com.br/eleicoes/2026/pesquisa-eleitoral-2026/quaest-governador-senador-rio-grande-do-sul-agosto-2026/,"ficha técnica registrada no TSE, via Gazeta do Povo"
RS,Rio Grande do Sul,senador,Quaest,2026-08-24,estimulado,Marcel Van Hattem,9,RS-06875/2026,900,3,presencial,RBS,20 a 23/08/2026,https://www.gazetadopovo.com.br/eleicoes/2026/pesquisa-eleitoral-2026/quaest-governador-senador-rio-grande-do-sul-agosto-2026/,"ficha técnica registrada no TSE, via Gazeta do Povo"
RS,Rio Grande do Sul,senador,Quaest,2026-08-24,estimulado,Pimenta,9,RS-06875/2026,900,3,presencial,RBS,20 a 23/08/2026,https://www.gazetadopovo.com.br/eleicoes/2026/pesquisa-eleitoral-2026/quaest-governador-senador-rio-grande-do-sul-agosto-2026/,"ficha técnica registrada no TSE, via Gazeta do Povo"
RS,Rio Grande do Sul,senador,Quaest,2026-08-24,estimulado,Rigotto,8,RS-06875/2026,900,3,presencial,RBS,20 a 23/08/2026,https://www.gazetadopovo.com.br/eleicoes/2026/pesquisa-eleitoral-2026/quaest-governador-senador-rio-grande-do-sul-agosto-2026/,"ficha técnica registrada no TSE, via Gazeta do Povo"
RS,Rio Grande do Sul,senador,Quaest,2026-08-24,estimulado,Sanderson,8,RS-06875/2026,900,3,presencial,RBS,20 a 23/08/2026,https://www.gazetadopovo.com.br/eleicoes/2026/pesquisa-eleitoral-2026/quaest-governador-senador-rio-grande-do-sul-agosto-2026/,"ficha técnica registrada no TSE, via Gazeta do Povo"
RS,Rio Grande do Sul,senador,Quaest,2026-08-24,estimulado,Daniela Mulheres Socialistas,1,RS-06875/2026,900,3,presencial,RBS,20 a 23/08/2026,https://www.gazetadopovo.com.br/eleicoes/2026/pesquisa-eleitoral-2026/quaest-governador-senador-rio-grande-do-sul-agosto-2026/,"ficha técnica registrada no TSE, via Gazeta do Povo"
RS,Rio Grande do Sul,senador,Quaest,2026-08-24,estimulado,Frederico Antunes,1,RS-06875/2026,900,3,presencial,RBS,20 a 23/08/2026,https://www.gazetadopovo.com.br/eleicoes/2026/pesquisa-eleitoral-2026/quaest-governador-senador-rio-grande-do-sul-agosto-2026/,"ficha técnica registrada no TSE, via Gazeta do Povo"
RS,Rio Grande do Sul,senador,Quaest,2026-08-24,estimulado,Milton Cardoso,1,RS-06875/2026,900,3,presencial,RBS,20 a 23/08/2026,https://www.gazetadopovo.com.br/eleicoes/2026/pesquisa-eleitoral-2026/quaest-governador-senador-rio-grande-do-sul-agosto-2026/,"ficha técnica registrada no TSE, via Gazeta do Povo"
RS,Rio Grande do Sul,senador,Quaest,2026-08-24,estimulado,Luciano do MLB,0,RS-06875/2026,900,3,presencial,RBS,20 a 23/08/2026,https://www.gazetadopovo.com.br/eleicoes/2026/pesquisa-eleitoral-2026/quaest-governador-senador-rio-grande-do-sul-agosto-2026/,"ficha técnica registrada no TSE, via Gazeta do Povo"
RS,Rio Grande do Sul,senador,Quaest,2026-08-24,estimulado,Regis Ethur,0,RS-06875/2026,900,3,presencial,RBS,20 a 23/08/2026,https://www.gazetadopovo.com.br/eleicoes/2026/pesquisa-eleitoral-2026/quaest-governador-senador-rio-grande-do-sul-agosto-2026/,"ficha técnica registrada no TSE, via Gazeta do Povo"
RS,Rio Grande do Sul,senador,Quaest,2026-08-24,estimulado,Renato Jaguarão,0,RS-06875/2026,900,3,presencial,RBS,20 a 23/08/2026,https://www.gazetadopovo.com.br/eleicoes/2026/pesquisa-eleitoral-2026/quaest-governador-senador-rio-grande-do-sul-agosto-2026/,"ficha técnica registrada no TSE, via Gazeta do Povo"
RS,Rio Grande do Sul,senador,Quaest,2026-08-24,estimulado,Ric Jones,0,RS-06875/2026,900,3,presencial,RBS,20 a 23/08/2026,https://www.gazetadopovo.com.br/eleicoes/2026/pesquisa-eleitoral-2026/quaest-governador-senador-rio-grande-do-sul-agosto-2026/,"ficha técnica registrada no TSE, via Gazeta do Povo"
RS,Rio Grande do Sul,senador,Quaest,2026-08-24,estimulado,Tania Peres,0,RS-06875/2026,900,3,presencial,RBS,20 a 23/08/2026,https://www.gazetadopovo.com.br/eleicoes/2026/pesquisa-eleitoral-2026/quaest-governador-senador-rio-grande-do-sul-agosto-2026/,"ficha técnica registrada no TSE, via Gazeta do Povo"
MA,Maranhão,governador,Quaest,2026-08-24,estimulado,Eduardo Braide,44,MA-02558/2026,900,3,presencial,TV Mirante,20 a 23/08/2026,https://www.gazetadopovo.com.br/eleicoes/2026/pesquisa-eleitoral-2026/quaest-governador-senador-maranhao-agosto-2026/,"ficha técnica registrada no TSE, via Gazeta do Povo"
MA,Maranhão,governador,Quaest,2026-08-24,estimulado,Orleans Brandão,25,MA-02558/2026,900,3,presencial,TV Mirante,20 a 23/08/2026,https://www.gazetadopovo.com.br/eleicoes/2026/pesquisa-eleitoral-2026/quaest-governador-senador-maranhao-agosto-2026/,"ficha técnica registrada no TSE, via Gazeta do Povo"
MA,Maranhão,governador,Quaest,2026-08-24,estimulado,Felipe Camarão,6,MA-02558/2026,900,3,presencial,TV Mirante,20 a 23/08/2026,https://www.gazetadopovo.com.br/eleicoes/2026/pesquisa-eleitoral-2026/quaest-governador-senador-maranhao-agosto-2026/,"ficha técnica registrada no TSE, via Gazeta do Povo"
MA,Maranhão,governador,Quaest,2026-08-24,estimulado,Roberto Rocha,3,MA-02558/2026,900,3,presencial,TV Mirante,20 a 23/08/2026,https://www.gazetadopovo.com.br/eleicoes/2026/pesquisa-eleitoral-2026/quaest-governador-senador-maranhao-agosto-2026/,"ficha técnica registrada no TSE, via Gazeta do Povo"
MA,Maranhão,governador,Quaest,2026-08-24,estimulado,André Luis,1,MA-02558/2026,900,3,presencial,TV Mirante,20 a 23/08/2026,https://www.gazetadopovo.com.br/eleicoes/2026/pesquisa-eleitoral-2026/quaest-governador-senador-maranhao-agosto-2026/,"ficha técnica registrada no TSE, via Gazeta do Povo"
MA,Maranhão,senador,Quaest,2026-08-24,estimulado,Roseana Sarney,16,MA-02558/2026,900,3,presencial,TV Mirante,20 a 23/08/2026,https://www.gazetadopovo.com.br/eleicoes/2026/pesquisa-eleitoral-2026/quaest-governador-senador-maranhao-agosto-2026/,"ficha técnica registrada no TSE, via Gazeta do Povo"
MA,Maranhão,senador,Quaest,2026-08-24,estimulado,Weverton Rocha,11,MA-02558/2026,900,3,presencial,TV Mirante,20 a 23/08/2026,https://www.gazetadopovo.com.br/eleicoes/2026/pesquisa-eleitoral-2026/quaest-governador-senador-maranhao-agosto-2026/,"ficha técnica registrada no TSE, via Gazeta do Povo"
MA,Maranhão,senador,Quaest,2026-08-24,estimulado,Lahesio Bonfim,10,MA-02558/2026,900,3,presencial,TV Mirante,20 a 23/08/2026,https://www.gazetadopovo.com.br/eleicoes/2026/pesquisa-eleitoral-2026/quaest-governador-senador-maranhao-agosto-2026/,"ficha técnica registrada no TSE, via Gazeta do Povo"
MA,Maranhão,senador,Quaest,2026-08-24,estimulado,Eliziane Gama,9,MA-02558/2026,900,3,presencial,TV Mirante,20 a 23/08/2026,https://www.gazetadopovo.com.br/eleicoes/2026/pesquisa-eleitoral-2026/quaest-governador-senador-maranhao-agosto-2026/,"ficha técnica registrada no TSE, via Gazeta do Povo"
MA,Maranhão,senador,Quaest,2026-08-24,estimulado,Fufuca,9,MA-02558/2026,900,3,presencial,TV Mirante,20 a 23/08/2026,https://www.gazetadopovo.com.br/eleicoes/2026/pesquisa-eleitoral-2026/quaest-governador-senador-maranhao-agosto-2026/,"ficha técnica registrada no TSE, via Gazeta do Povo"
MA,Maranhão,senador,Quaest,2026-08-24,estimulado,Dr.hilton Gonçalo,5,MA-02558/2026,900,3,presencial,TV Mirante,20 a 23/08/2026,https://www.gazetadopovo.com.br/eleicoes/2026/pesquisa-eleitoral-2026/quaest-governador-senador-maranhao-agosto-2026/,"ficha técnica registrada no TSE, via Gazeta do Povo"
MA,Maranhão,senador,Quaest,2026-08-24,estimulado,Cidônio Gonçalves,1,MA-02558/2026,900,3,presencial,TV Mirante,20 a 23/08/2026,https://www.gazetadopovo.com.br/eleicoes/2026/pesquisa-eleitoral-2026/quaest-governador-senador-maranhao-agosto-2026/,"ficha técnica registrada no TSE, via Gazeta do Povo"
MA,Maranhão,senador,Quaest,2026-08-24,estimulado,Wilson Leite,1,MA-02558/2026,900,3,presencial,TV Mirante,20 a 23/08/2026,https://www.gazetadopovo.com.br/eleicoes/2026/pesquisa-eleitoral-2026/quaest-governador-senador-maranhao-agosto-2026/,"ficha técnica registrada no TSE, via Gazeta do Povo"
MA,Maranhão,senador,Quaest,2026-08-24,estimulado,Simplício Araújo,1,MA-02558/2026,900,3,presencial,TV Mirante,20 a 23/08/2026,https://www.gazetadopovo.com.br/eleicoes/2026/pesquisa-eleitoral-2026/quaest-governador-senador-maranhao-agosto-2026/,"ficha técnica registrada no TSE, via Gazeta do Povo"
MA,Maranhão,senador,Quaest,2026-08-24,estimulado,Raimundo Moreira,1,MA-02558/2026,900,3,presencial,TV Mirante,20 a 23/08/2026,https://www.gazetadopovo.com.br/eleicoes/2026/pesquisa-eleitoral-2026/quaest-governador-senador-maranhao-agosto-2026/,"ficha técnica registrada no TSE, via Gazeta do Povo"
PB,Paraíba,governador,Quaest,2026-08-25,estimulado,Lucas Ribeiro,38,PB-07850/2026,804,3,presencial,TV Cabo Branco e TV Paraíba,21 a 24/08/2026,https://www.gazetadopovo.com.br/eleicoes/2026/pesquisa-eleitoral-2026/quaest-governador-senador-paraiba-agosto-2026/,"ficha técnica registrada no TSE, via Gazeta do Povo"
PB,Paraíba,governador,Quaest,2026-08-25,estimulado,Cícero Lucena,19,PB-07850/2026,804,3,presencial,TV Cabo Branco e TV Paraíba,21 a 24/08/2026,https://www.gazetadopovo.com.br/eleicoes/2026/pesquisa-eleitoral-2026/quaest-governador-senador-paraiba-agosto-2026/,"ficha técnica registrada no TSE, via Gazeta do Povo"
PB,Paraíba,governador,Quaest,2026-08-25,estimulado,Efraim Filho,18,PB-07850/2026,804,3,presencial,TV Cabo Branco e TV Paraíba,21 a 24/08/2026,https://www.gazetadopovo.com.br/eleicoes/2026/pesquisa-eleitoral-2026/quaest-governador-senador-paraiba-agosto-2026/,"ficha técnica registrada no TSE, via Gazeta do Povo"
PB,Paraíba,governador,Quaest,2026-08-25,estimulado,Pedro Coutinho,2,PB-07850/2026,804,3,presencial,TV Cabo Branco e TV Paraíba,21 a 24/08/2026,https://www.gazetadopovo.com.br/eleicoes/2026/pesquisa-eleitoral-2026/quaest-governador-senador-paraiba-agosto-2026/,"ficha técnica registrada no TSE, via Gazeta do Povo"
PB,Paraíba,governador,Quaest,2026-08-25,estimulado,Camilo Duarte,1,PB-07850/2026,804,3,presencial,TV Cabo Branco e TV Paraíba,21 a 24/08/2026,https://www.gazetadopovo.com.br/eleicoes/2026/pesquisa-eleitoral-2026/quaest-governador-senador-paraiba-agosto-2026/,"ficha técnica registrada no TSE, via Gazeta do Povo"
PB,Paraíba,governador,Quaest,2026-08-25,estimulado,Yuri Ezequiel,0,PB-07850/2026,804,3,presencial,TV Cabo Branco e TV Paraíba,21 a 24/08/2026,https://www.gazetadopovo.com.br/eleicoes/2026/pesquisa-eleitoral-2026/quaest-governador-senador-paraiba-agosto-2026/,"ficha técnica registrada no TSE, via Gazeta do Povo"
PB,Paraíba,senador,Quaest,2026-08-25,estimulado,Joao Azevêdo,27,PB-07850/2026,804,3,presencial,TV Cabo Branco e TV Paraíba,21 a 24/08/2026,https://www.gazetadopovo.com.br/eleicoes/2026/pesquisa-eleitoral-2026/quaest-governador-senador-paraiba-agosto-2026/,"ficha técnica registrada no TSE, via Gazeta do Povo"
PB,Paraíba,senador,Quaest,2026-08-25,estimulado,Veneziano,17,PB-07850/2026,804,3,presencial,TV Cabo Branco e TV Paraíba,21 a 24/08/2026,https://www.gazetadopovo.com.br/eleicoes/2026/pesquisa-eleitoral-2026/quaest-governador-senador-paraiba-agosto-2026/,"ficha técnica registrada no TSE, via Gazeta do Povo"
PB,Paraíba,senador,Quaest,2026-08-25,estimulado,Nabor,9,PB-07850/2026,804,3,presencial,TV Cabo Branco e TV Paraíba,21 a 24/08/2026,https://www.gazetadopovo.com.br/eleicoes/2026/pesquisa-eleitoral-2026/quaest-governador-senador-paraiba-agosto-2026/,"ficha técnica registrada no TSE, via Gazeta do Povo"
PB,Paraíba,senador,Quaest,2026-08-25,estimulado,Dr. Marcelo Queiroga,6,PB-07850/2026,804,3,presencial,TV Cabo Branco e TV Paraíba,21 a 24/08/2026,https://www.gazetadopovo.com.br/eleicoes/2026/pesquisa-eleitoral-2026/quaest-governador-senador-paraiba-agosto-2026/,"ficha técnica registrada no TSE, via Gazeta do Povo"
PB,Paraíba,senador,Quaest,2026-08-25,estimulado,Major Fábio,5,PB-07850/2026,804,3,presencial,TV Cabo Branco e TV Paraíba,21 a 24/08/2026,https://www.gazetadopovo.com.br/eleicoes/2026/pesquisa-eleitoral-2026/quaest-governador-senador-paraiba-agosto-2026/,"ficha técnica registrada no TSE, via Gazeta do Povo"
PB,Paraíba,senador,Quaest,2026-08-25,estimulado,André Gadelha,2,PB-07850/2026,804,3,presencial,TV Cabo Branco e TV Paraíba,21 a 24/08/2026,https://www.gazetadopovo.com.br/eleicoes/2026/pesquisa-eleitoral-2026/quaest-governador-senador-paraiba-agosto-2026/,"ficha técnica registrada no TSE, via Gazeta do Povo"
PB,Paraíba,senador,Quaest,2026-08-25,estimulado,João Batista,1,PB-07850/2026,804,3,presencial,TV Cabo Branco e TV Paraíba,21 a 24/08/2026,https://www.gazetadopovo.com.br/eleicoes/2026/pesquisa-eleitoral-2026/quaest-governador-senador-paraiba-agosto-2026/,"ficha técnica registrada no TSE, via Gazeta do Povo"
PB,Paraíba,senador,Quaest,2026-08-25,estimulado,Rinaldo Júnior,0,PB-07850/2026,804,3,presencial,TV Cabo Branco e TV Paraíba,21 a 24/08/2026,https://www.gazetadopovo.com.br/eleicoes/2026/pesquisa-eleitoral-2026/quaest-governador-senador-paraiba-agosto-2026/,"ficha técnica registrada no TSE, via Gazeta do Povo"
PB,Paraíba,senador,Quaest,2026-08-25,estimulado,Rosilene Santana,0,PB-07850/2026,804,3,presencial,TV Cabo Branco e TV Paraíba,21 a 24/08/2026,https://www.gazetadopovo.com.br/eleicoes/2026/pesquisa-eleitoral-2026/quaest-governador-senador-paraiba-agosto-2026/,"ficha técnica registrada no TSE, via Gazeta do Povo"
RN,Rio Grande do Norte,governador,Quaest,2026-08-24,estimulado,Allyson,25,RN-00876/2026,804,3,presencial,TV Cabugi,20 a 23/08/2026,https://www.gazetadopovo.com.br/eleicoes/2026/pesquisa-eleitoral-2026/quaest-governador-senador-rio-grande-do-norte-agosto-2026/,"ficha técnica registrada no TSE, via Gazeta do Povo"
RN,Rio Grande do Norte,governador,Quaest,2026-08-24,estimulado,Cadu de Lula,21,RN-00876/2026,804,3,presencial,TV Cabugi,20 a 23/08/2026,https://www.gazetadopovo.com.br/eleicoes/2026/pesquisa-eleitoral-2026/quaest-governador-senador-rio-grande-do-norte-agosto-2026/,"ficha técnica registrada no TSE, via Gazeta do Povo"
RN,Rio Grande do Norte,governador,Quaest,2026-08-24,estimulado,Álvaro Dias,19,RN-00876/2026,804,3,presencial,TV Cabugi,20 a 23/08/2026,https://www.gazetadopovo.com.br/eleicoes/2026/pesquisa-eleitoral-2026/quaest-governador-senador-rio-grande-do-norte-agosto-2026/,"ficha técnica registrada no TSE, via Gazeta do Povo"
RN,Rio Grande do Norte,governador,Quaest,2026-08-24,estimulado,Rodrigo Bolsonaro,2,RN-00876/2026,804,3,presencial,TV Cabugi,20 a 23/08/2026,https://www.gazetadopovo.com.br/eleicoes/2026/pesquisa-eleitoral-2026/quaest-governador-senador-rio-grande-do-norte-agosto-2026/,"ficha técnica registrada no TSE, via Gazeta do Povo"
RN,Rio Grande do Norte,governador,Quaest,2026-08-24,estimulado,Professor Roberio Paulino,2,RN-00876/2026,804,3,presencial,TV Cabugi,20 a 23/08/2026,https://www.gazetadopovo.com.br/eleicoes/2026/pesquisa-eleitoral-2026/quaest-governador-senador-rio-grande-do-norte-agosto-2026/,"ficha técnica registrada no TSE, via Gazeta do Povo"
RN,Rio Grande do Norte,governador,Quaest,2026-08-24,estimulado,Dário Barbosa,1,RN-00876/2026,804,3,presencial,TV Cabugi,20 a 23/08/2026,https://www.gazetadopovo.com.br/eleicoes/2026/pesquisa-eleitoral-2026/quaest-governador-senador-rio-grande-do-norte-agosto-2026/,"ficha técnica registrada no TSE, via Gazeta do Povo"
RN,Rio Grande do Norte,senador,Quaest,2026-08-24,estimulado,Styvenson Valentim,16,RN-00876/2026,804,3,presencial,TV Cabugi,20 a 23/08/2026,https://www.gazetadopovo.com.br/eleicoes/2026/pesquisa-eleitoral-2026/quaest-governador-senador-rio-grande-do-norte-agosto-2026/,"ficha técnica registrada no TSE, via Gazeta do Povo"
RN,Rio Grande do Norte,senador,Quaest,2026-08-24,estimulado,Zenaide Maia,10,RN-00876/2026,804,3,presencial,TV Cabugi,20 a 23/08/2026,https://www.gazetadopovo.com.br/eleicoes/2026/pesquisa-eleitoral-2026/quaest-governador-senador-rio-grande-do-norte-agosto-2026/,"ficha técnica registrada no TSE, via Gazeta do Povo"
RN,Rio Grande do Norte,senador,Quaest,2026-08-24,estimulado,Samanda de Lula,8,RN-00876/2026,804,3,presencial,TV Cabugi,20 a 23/08/2026,https://www.gazetadopovo.com.br/eleicoes/2026/pesquisa-eleitoral-2026/quaest-governador-senador-rio-grande-do-norte-agosto-2026/,"ficha técnica registrada no TSE, via Gazeta do Povo"
RN,Rio Grande do Norte,senador,Quaest,2026-08-24,estimulado,Rafael Motta,8,RN-00876/2026,804,3,presencial,TV Cabugi,20 a 23/08/2026,https://www.gazetadopovo.com.br/eleicoes/2026/pesquisa-eleitoral-2026/quaest-governador-senador-rio-grande-do-norte-agosto-2026/,"ficha técnica registrada no TSE, via Gazeta do Povo"
RN,Rio Grande do Norte,senador,Quaest,2026-08-24,estimulado,Coronel Hélio,5,RN-00876/2026,804,3,presencial,TV Cabugi,20 a 23/08/2026,https://www.gazetadopovo.com.br/eleicoes/2026/pesquisa-eleitoral-2026/quaest-governador-senador-rio-grande-do-norte-agosto-2026/,"ficha técnica registrada no TSE, via Gazeta do Povo"
RN,Rio Grande do Norte,senador,Quaest,2026-08-24,estimulado,Professor Guilherme,1,RN-00876/2026,804,3,presencial,TV Cabugi,20 a 23/08/2026,https://www.gazetadopovo.com.br/eleicoes/2026/pesquisa-eleitoral-2026/quaest-governador-senador-rio-grande-do-norte-agosto-2026/,"ficha técnica registrada no TSE, via Gazeta do Povo"
RN,Rio Grande do Norte,senador,Quaest,2026-08-24,estimulado,Sandro Pimentel,1,RN-00876/2026,804,3,presencial,TV Cabugi,20 a 23/08/2026,https://www.gazetadopovo.com.br/eleicoes/2026/pesquisa-eleitoral-2026/quaest-governador-senador-rio-grande-do-norte-agosto-2026/,"ficha técnica registrada no TSE, via Gazeta do Povo"
RN,Rio Grande do Norte,senador,Quaest,2026-08-24,estimulado,Gari Wendell Batista,1,RN-00876/2026,804,3,presencial,TV Cabugi,20 a 23/08/2026,https://www.gazetadopovo.com.br/eleicoes/2026/pesquisa-eleitoral-2026/quaest-governador-senador-rio-grande-do-norte-agosto-2026/,"ficha técnica registrada no TSE, via Gazeta do Povo"
RN,Rio Grande do Norte,senador,Quaest,2026-08-24,estimulado,Sonia Godeiro,1,RN-00876/2026,804,3,presencial,TV Cabugi,20 a 23/08/2026,https://www.gazetadopovo.com.br/eleicoes/2026/pesquisa-eleitoral-2026/quaest-governador-senador-rio-grande-do-norte-agosto-2026/,"ficha técnica registrada no TSE, via Gazeta do Povo"
RN,Rio Grande do Norte,senador,Quaest,2026-08-24,estimulado,Rosália Fernandes,1,RN-00876/2026,804,3,presencial,TV Cabugi,20 a 23/08/2026,https://www.gazetadopovo.com.br/eleicoes/2026/pesquisa-eleitoral-2026/quaest-governador-senador-rio-grande-do-norte-agosto-2026/,"ficha técnica registrada no TSE, via Gazeta do Povo"
RN,Rio Grande do Norte,senador,Quaest,2026-08-24,estimulado,Tércio Tinôco,1,RN-00876/2026,804,3,presencial,TV Cabugi,20 a 23/08/2026,https://www.gazetadopovo.com.br/eleicoes/2026/pesquisa-eleitoral-2026/quaest-governador-senador-rio-grande-do-norte-agosto-2026/,"ficha técnica registrada no TSE, via Gazeta do Povo"
CE,Ceará,governador,Real Time Big Data,2026-08-20,estimulado,Elmano de Freitas,44,CE-08223/2026,1600,2,telefônica,Real Time Big Data,15 a 19/08/2026,https://www.gazetadopovo.com.br/eleicoes/2026/pesquisa-eleitoral-2026/real-time-big-data-governador-senador-ceara-agosto-2026/,"ficha técnica registrada no TSE, via Gazeta do Povo"
CE,Ceará,governador,Real Time Big Data,2026-08-20,estimulado,Ciro Gomes,44,CE-08223/2026,1600,2,telefônica,Real Time Big Data,15 a 19/08/2026,https://www.gazetadopovo.com.br/eleicoes/2026/pesquisa-eleitoral-2026/real-time-big-data-governador-senador-ceara-agosto-2026/,"ficha técnica registrada no TSE, via Gazeta do Povo"
CE,Ceará,governador,Real Time Big Data,2026-08-20,estimulado,Vera Lúcia,1,CE-08223/2026,1600,2,telefônica,Real Time Big Data,15 a 19/08/2026,https://www.gazetadopovo.com.br/eleicoes/2026/pesquisa-eleitoral-2026/real-time-big-data-governador-senador-ceara-agosto-2026/,"ficha técnica registrada no TSE, via Gazeta do Povo"
CE,Ceará,governador,Real Time Big Data,2026-08-20,estimulado,Delegado Huggo,1,CE-08223/2026,1600,2,telefônica,Real Time Big Data,15 a 19/08/2026,https://www.gazetadopovo.com.br/eleicoes/2026/pesquisa-eleitoral-2026/real-time-big-data-governador-senador-ceara-agosto-2026/,"ficha técnica registrada no TSE, via Gazeta do Povo"
CE,Ceará,senador,Real Time Big Data,2026-08-20,estimulado,Cid Gomes,27,CE-08223/2026,1600,2,telefônica,Real Time Big Data,15 a 19/08/2026,https://www.gazetadopovo.com.br/eleicoes/2026/pesquisa-eleitoral-2026/real-time-big-data-governador-senador-ceara-agosto-2026/,"ficha técnica registrada no TSE, via Gazeta do Povo"
CE,Ceará,senador,Real Time Big Data,2026-08-20,estimulado,Capitão Wagner,21,CE-08223/2026,1600,2,telefônica,Real Time Big Data,15 a 19/08/2026,https://www.gazetadopovo.com.br/eleicoes/2026/pesquisa-eleitoral-2026/real-time-big-data-governador-senador-ceara-agosto-2026/,"ficha técnica registrada no TSE, via Gazeta do Povo"
CE,Ceará,senador,Real Time Big Data,2026-08-20,estimulado,Luizianne,21,CE-08223/2026,1600,2,telefônica,Real Time Big Data,15 a 19/08/2026,https://www.gazetadopovo.com.br/eleicoes/2026/pesquisa-eleitoral-2026/real-time-big-data-governador-senador-ceara-agosto-2026/,"ficha técnica registrada no TSE, via Gazeta do Povo"
CE,Ceará,senador,Real Time Big Data,2026-08-20,estimulado,Alcides Fernandes,14,CE-08223/2026,1600,2,telefônica,Real Time Big Data,15 a 19/08/2026,https://www.gazetadopovo.com.br/eleicoes/2026/pesquisa-eleitoral-2026/real-time-big-data-governador-senador-ceara-agosto-2026/,"ficha técnica registrada no TSE, via Gazeta do Povo"
CE,Ceará,senador,Real Time Big Data,2026-08-20,estimulado,Guilherme Theophilo,5,CE-08223/2026,1600,2,telefônica,Real Time Big Data,15 a 19/08/2026,https://www.gazetadopovo.com.br/eleicoes/2026/pesquisa-eleitoral-2026/real-time-big-data-governador-senador-ceara-agosto-2026/,"ficha técnica registrada no TSE, via Gazeta do Povo"
CE,Ceará,senador,Real Time Big Data,2026-08-20,estimulado,Catarina Matos,0,CE-08223/2026,1600,2,telefônica,Real Time Big Data,15 a 19/08/2026,https://www.gazetadopovo.com.br/eleicoes/2026/pesquisa-eleitoral-2026/real-time-big-data-governador-senador-ceara-agosto-2026/,"ficha técnica registrada no TSE, via Gazeta do Povo"
CE,Ceará,senador,Real Time Big Data,2026-08-20,estimulado,Reginaldo,0,CE-08223/2026,1600,2,telefônica,Real Time Big Data,15 a 19/08/2026,https://www.gazetadopovo.com.br/eleicoes/2026/pesquisa-eleitoral-2026/real-time-big-data-governador-senador-ceara-agosto-2026/,"ficha técnica registrada no TSE, via Gazeta do Povo"
PI,Piauí,governador,Datafolha,2026-08-22,estimulado,Rafael Fonteles,56,PI-06656/2026,826,3,digital,TV Rádio Clube de Teresina,18 a 21/08/2026,https://www.gazetadopovo.com.br/eleicoes/2026/pesquisa-eleitoral-2026/datafolha-governador-senador-piaui-agosto-2026/,"ficha técnica registrada no TSE, via Gazeta do Povo"
PI,Piauí,governador,Datafolha,2026-08-22,estimulado,Joel Rodrigues,21,PI-06656/2026,826,3,digital,TV Rádio Clube de Teresina,18 a 21/08/2026,https://www.gazetadopovo.com.br/eleicoes/2026/pesquisa-eleitoral-2026/datafolha-governador-senador-piaui-agosto-2026/,"ficha técnica registrada no TSE, via Gazeta do Povo"
PI,Piauí,governador,Datafolha,2026-08-22,estimulado,Dra. Lúcia Santos,2,PI-06656/2026,826,3,digital,TV Rádio Clube de Teresina,18 a 21/08/2026,https://www.gazetadopovo.com.br/eleicoes/2026/pesquisa-eleitoral-2026/datafolha-governador-senador-piaui-agosto-2026/,"ficha técnica registrada no TSE, via Gazeta do Povo"
PI,Piauí,senador,Datafolha,2026-08-22,estimulado,Ciro Nogueira,16,PI-06656/2026,826,3,digital,TV Rádio Clube de Teresina,18 a 21/08/2026,https://www.gazetadopovo.com.br/eleicoes/2026/pesquisa-eleitoral-2026/datafolha-governador-senador-piaui-agosto-2026/,"ficha técnica registrada no TSE, via Gazeta do Povo"
PI,Piauí,senador,Datafolha,2026-08-22,estimulado,Marcelo Castro,16,PI-06656/2026,826,3,digital,TV Rádio Clube de Teresina,18 a 21/08/2026,https://www.gazetadopovo.com.br/eleicoes/2026/pesquisa-eleitoral-2026/datafolha-governador-senador-piaui-agosto-2026/,"ficha técnica registrada no TSE, via Gazeta do Povo"
PI,Piauí,senador,Datafolha,2026-08-22,estimulado,Julio Cesar,14,PI-06656/2026,826,3,digital,TV Rádio Clube de Teresina,18 a 21/08/2026,https://www.gazetadopovo.com.br/eleicoes/2026/pesquisa-eleitoral-2026/datafolha-governador-senador-piaui-agosto-2026/,"ficha técnica registrada no TSE, via Gazeta do Povo"
PI,Piauí,senador,Datafolha,2026-08-22,estimulado,Tiago Junqueira,4,PI-06656/2026,826,3,digital,TV Rádio Clube de Teresina,18 a 21/08/2026,https://www.gazetadopovo.com.br/eleicoes/2026/pesquisa-eleitoral-2026/datafolha-governador-senador-piaui-agosto-2026/,"ficha técnica registrada no TSE, via Gazeta do Povo"
SC,Santa Catarina,governador,Quaest,2026-08-24,estimulado,Jorginho Mello,50,SC-00517/2026,804,3,presencial,NC Comunicações,20 a 23/08/2026,https://www.gazetadopovo.com.br/eleicoes/2026/pesquisa-eleitoral-2026/quaest-governador-santa-catarina-agosto-2026/,"ficha técnica registrada no TSE, via Gazeta do Povo"
SC,Santa Catarina,governador,Quaest,2026-08-24,estimulado,João Rodrigues,17,SC-00517/2026,804,3,presencial,NC Comunicações,20 a 23/08/2026,https://www.gazetadopovo.com.br/eleicoes/2026/pesquisa-eleitoral-2026/quaest-governador-santa-catarina-agosto-2026/,"ficha técnica registrada no TSE, via Gazeta do Povo"
SC,Santa Catarina,governador,Quaest,2026-08-24,estimulado,Gelson Merísio,4,SC-00517/2026,804,3,presencial,NC Comunicações,20 a 23/08/2026,https://www.gazetadopovo.com.br/eleicoes/2026/pesquisa-eleitoral-2026/quaest-governador-santa-catarina-agosto-2026/,"ficha técnica registrada no TSE, via Gazeta do Povo"
SC,Santa Catarina,governador,Quaest,2026-08-24,estimulado,Professor Marcus Sodré,2,SC-00517/2026,804,3,presencial,NC Comunicações,20 a 23/08/2026,https://www.gazetadopovo.com.br/eleicoes/2026/pesquisa-eleitoral-2026/quaest-governador-santa-catarina-agosto-2026/,"ficha técnica registrada no TSE, via Gazeta do Povo"
SC,Santa Catarina,governador,Quaest,2026-08-24,estimulado,Marcelo Brigadeiro,1,SC-00517/2026,804,3,presencial,NC Comunicações,20 a 23/08/2026,https://www.gazetadopovo.com.br/eleicoes/2026/pesquisa-eleitoral-2026/quaest-governador-santa-catarina-agosto-2026/,"ficha técnica registrada no TSE, via Gazeta do Povo"
SC,Santa Catarina,governador,Quaest,2026-08-24,estimulado,Laís Chaud,1,SC-00517/2026,804,3,presencial,NC Comunicações,20 a 23/08/2026,https://www.gazetadopovo.com.br/eleicoes/2026/pesquisa-eleitoral-2026/quaest-governador-santa-catarina-agosto-2026/,"ficha técnica registrada no TSE, via Gazeta do Povo"
SC,Santa Catarina,governador,Quaest,2026-08-24,estimulado,Bruno Pedreiro do PCO,1,SC-00517/2026,804,3,presencial,NC Comunicações,20 a 23/08/2026,https://www.gazetadopovo.com.br/eleicoes/2026/pesquisa-eleitoral-2026/quaest-governador-santa-catarina-agosto-2026/,"ficha técnica registrada no TSE, via Gazeta do Povo"
SC,Santa Catarina,governador,Quaest,2026-08-24,estimulado,Ralf Zimmer,0,SC-00517/2026,804,3,presencial,NC Comunicações,20 a 23/08/2026,https://www.gazetadopovo.com.br/eleicoes/2026/pesquisa-eleitoral-2026/quaest-governador-santa-catarina-agosto-2026/,"ficha técnica registrada no TSE, via Gazeta do Povo"
SC,Santa Catarina,governador,Neokemp,2026-08-26,estimulado,Jorginho Mello,51.6,SC-08694/2026,1008,3.1,telefônica,Jornal O Correio do Povo,24 a 25/08/2026,https://www.gazetadopovo.com.br/eleicoes/2026/pesquisa-eleitoral-2026/neokemp-governador-santa-catarina-agosto-2026/,"ficha técnica registrada no TSE, via Gazeta do Povo"
SC,Santa Catarina,governador,Neokemp,2026-08-26,estimulado,João Rodrigues,22.4,SC-08694/2026,1008,3.1,telefônica,Jornal O Correio do Povo,24 a 25/08/2026,https://www.gazetadopovo.com.br/eleicoes/2026/pesquisa-eleitoral-2026/neokemp-governador-santa-catarina-agosto-2026/,"ficha técnica registrada no TSE, via Gazeta do Povo"
SC,Santa Catarina,governador,Neokemp,2026-08-26,estimulado,Gelson Merísio,12.3,SC-08694/2026,1008,3.1,telefônica,Jornal O Correio do Povo,24 a 25/08/2026,https://www.gazetadopovo.com.br/eleicoes/2026/pesquisa-eleitoral-2026/neokemp-governador-santa-catarina-agosto-2026/,"ficha técnica registrada no TSE, via Gazeta do Povo"
SC,Santa Catarina,governador,Neokemp,2026-08-26,estimulado,Marcelo Brigadeiro,1.4,SC-08694/2026,1008,3.1,telefônica,Jornal O Correio do Povo,24 a 25/08/2026,https://www.gazetadopovo.com.br/eleicoes/2026/pesquisa-eleitoral-2026/neokemp-governador-santa-catarina-agosto-2026/,"ficha técnica registrada no TSE, via Gazeta do Povo"
SC,Santa Catarina,governador,Neokemp,2026-08-26,estimulado,Ralf Zimmer,0.8,SC-08694/2026,1008,3.1,telefônica,Jornal O Correio do Povo,24 a 25/08/2026,https://www.gazetadopovo.com.br/eleicoes/2026/pesquisa-eleitoral-2026/neokemp-governador-santa-catarina-agosto-2026/,"ficha técnica registrada no TSE, via Gazeta do Povo"
SC,Santa Catarina,governador,Neokemp,2026-08-26,estimulado,Laís Chaud,0.3,SC-08694/2026,1008,3.1,telefônica,Jornal O Correio do Povo,24 a 25/08/2026,https://www.gazetadopovo.com.br/eleicoes/2026/pesquisa-eleitoral-2026/neokemp-governador-santa-catarina-agosto-2026/,"ficha técnica registrada no TSE, via Gazeta do Povo"
SC,Santa Catarina,governador,Neokemp,2026-08-26,estimulado,Bruno Pedreiro do PCO,0.2,SC-08694/2026,1008,3.1,telefônica,Jornal O Correio do Povo,24 a 25/08/2026,https://www.gazetadopovo.com.br/eleicoes/2026/pesquisa-eleitoral-2026/neokemp-governador-santa-catarina-agosto-2026/,"ficha técnica registrada no TSE, via Gazeta do Povo"
SC,Santa Catarina,governador,Neokemp,2026-08-26,estimulado,Professor Marcus Sodré,0.0,SC-08694/2026,1008,3.1,telefônica,Jornal O Correio do Povo,24 a 25/08/2026,https://www.gazetadopovo.com.br/eleicoes/2026/pesquisa-eleitoral-2026/neokemp-governador-santa-catarina-agosto-2026/,"ficha técnica registrada no TSE, via Gazeta do Povo"
MT,Mato Grosso,governador,Quaest,2026-08-25,estimulado,Wellington Fagundes,27,MT-04846/2026,804,2.6,presencial,TV Centro América,21 a 24/08/2026,https://www.gazetadopovo.com.br/eleicoes/2026/pesquisa-eleitoral-2026/quaest-governo-senado-mato-grosso-agosto-2026/,"ficha técnica registrada no TSE, via Gazeta do Povo"
MT,Mato Grosso,governador,Quaest,2026-08-25,estimulado,Otaviano Pivetta,23,MT-04846/2026,804,2.6,presencial,TV Centro América,21 a 24/08/2026,https://www.gazetadopovo.com.br/eleicoes/2026/pesquisa-eleitoral-2026/quaest-governo-senado-mato-grosso-agosto-2026/,"ficha técnica registrada no TSE, via Gazeta do Povo"
MT,Mato Grosso,governador,Quaest,2026-08-25,estimulado,Doutora Natasha,8,MT-04846/2026,804,2.6,presencial,TV Centro América,21 a 24/08/2026,https://www.gazetadopovo.com.br/eleicoes/2026/pesquisa-eleitoral-2026/quaest-governo-senado-mato-grosso-agosto-2026/,"ficha técnica registrada no TSE, via Gazeta do Povo"
MT,Mato Grosso,governador,Quaest,2026-08-25,estimulado,Sargento Laudicério,2,MT-04846/2026,804,2.6,presencial,TV Centro América,21 a 24/08/2026,https://www.gazetadopovo.com.br/eleicoes/2026/pesquisa-eleitoral-2026/quaest-governo-senado-mato-grosso-agosto-2026/,"ficha técnica registrada no TSE, via Gazeta do Povo"
MT,Mato Grosso,governador,Quaest,2026-08-25,estimulado,Rafaell Milas,2,MT-04846/2026,804,2.6,presencial,TV Centro América,21 a 24/08/2026,https://www.gazetadopovo.com.br/eleicoes/2026/pesquisa-eleitoral-2026/quaest-governo-senado-mato-grosso-agosto-2026/,"ficha técnica registrada no TSE, via Gazeta do Povo"
MT,Mato Grosso,governador,Quaest,2026-08-25,estimulado,Mauricio Coelho,1,MT-04846/2026,804,2.6,presencial,TV Centro América,21 a 24/08/2026,https://www.gazetadopovo.com.br/eleicoes/2026/pesquisa-eleitoral-2026/quaest-governo-senado-mato-grosso-agosto-2026/,"ficha técnica registrada no TSE, via Gazeta do Povo"
MT,Mato Grosso,senador,Quaest,2026-08-25,estimulado,Mauro Mendes,24,MT-04846/2026,804,2.6,presencial,TV Centro América,21 a 24/08/2026,https://www.gazetadopovo.com.br/eleicoes/2026/pesquisa-eleitoral-2026/quaest-governo-senado-mato-grosso-agosto-2026/,"ficha técnica registrada no TSE, via Gazeta do Povo"
MT,Mato Grosso,senador,Quaest,2026-08-25,estimulado,Janaina Riva,18,MT-04846/2026,804,2.6,presencial,TV Centro América,21 a 24/08/2026,https://www.gazetadopovo.com.br/eleicoes/2026/pesquisa-eleitoral-2026/quaest-governo-senado-mato-grosso-agosto-2026/,"ficha técnica registrada no TSE, via Gazeta do Povo"
MT,Mato Grosso,senador,Quaest,2026-08-25,estimulado,Pedro Taques,8,MT-04846/2026,804,2.6,presencial,TV Centro América,21 a 24/08/2026,https://www.gazetadopovo.com.br/eleicoes/2026/pesquisa-eleitoral-2026/quaest-governo-senado-mato-grosso-agosto-2026/,"ficha técnica registrada no TSE, via Gazeta do Povo"
MT,Mato Grosso,senador,Quaest,2026-08-25,estimulado,Zé Medeiros,6,MT-04846/2026,804,2.6,presencial,TV Centro América,21 a 24/08/2026,https://www.gazetadopovo.com.br/eleicoes/2026/pesquisa-eleitoral-2026/quaest-governo-senado-mato-grosso-agosto-2026/,"ficha técnica registrada no TSE, via Gazeta do Povo"
MT,Mato Grosso,senador,Quaest,2026-08-25,estimulado,Fávaro,5,MT-04846/2026,804,2.6,presencial,TV Centro América,21 a 24/08/2026,https://www.gazetadopovo.com.br/eleicoes/2026/pesquisa-eleitoral-2026/quaest-governo-senado-mato-grosso-agosto-2026/,"ficha técnica registrada no TSE, via Gazeta do Povo"
MT,Mato Grosso,senador,Quaest,2026-08-25,estimulado,Coronel Darwin,2,MT-04846/2026,804,2.6,presencial,TV Centro América,21 a 24/08/2026,https://www.gazetadopovo.com.br/eleicoes/2026/pesquisa-eleitoral-2026/quaest-governo-senado-mato-grosso-agosto-2026/,"ficha técnica registrada no TSE, via Gazeta do Povo"
MT,Mato Grosso,senador,Quaest,2026-08-25,estimulado,Galvan,2,MT-04846/2026,804,2.6,presencial,TV Centro América,21 a 24/08/2026,https://www.gazetadopovo.com.br/eleicoes/2026/pesquisa-eleitoral-2026/quaest-governo-senado-mato-grosso-agosto-2026/,"ficha técnica registrada no TSE, via Gazeta do Povo"
MT,Mato Grosso,senador,Quaest,2026-08-25,estimulado,Professor Nelson Ferreira,2,MT-04846/2026,804,2.6,presencial,TV Centro América,21 a 24/08/2026,https://www.gazetadopovo.com.br/eleicoes/2026/pesquisa-eleitoral-2026/quaest-governo-senado-mato-grosso-agosto-2026/,"ficha técnica registrada no TSE, via Gazeta do Povo"
RO,Rondônia,governador,Quaest,2026-08-25,estimulado,Marcos Rogério,24,RO-05711/2026,804,3,presencial,Rede Amazônica,21 a 24/08/2026,https://www.gazetadopovo.com.br/eleicoes/2026/pesquisa-eleitoral-2026/quaest-governo-senado-rondonia-agosto-2026/,"ficha técnica registrada no TSE, via Gazeta do Povo"
RO,Rondônia,governador,Quaest,2026-08-25,estimulado,Adailton Furia,21,RO-05711/2026,804,3,presencial,Rede Amazônica,21 a 24/08/2026,https://www.gazetadopovo.com.br/eleicoes/2026/pesquisa-eleitoral-2026/quaest-governo-senado-rondonia-agosto-2026/,"ficha técnica registrada no TSE, via Gazeta do Povo"
RO,Rondônia,governador,Quaest,2026-08-25,estimulado,Hildon Chaves,10,RO-05711/2026,804,3,presencial,Rede Amazônica,21 a 24/08/2026,https://www.gazetadopovo.com.br/eleicoes/2026/pesquisa-eleitoral-2026/quaest-governo-senado-rondonia-agosto-2026/,"ficha técnica registrada no TSE, via Gazeta do Povo"
RO,Rondônia,governador,Quaest,2026-08-25,estimulado,Expedito Netto,10,RO-05711/2026,804,3,presencial,Rede Amazônica,21 a 24/08/2026,https://www.gazetadopovo.com.br/eleicoes/2026/pesquisa-eleitoral-2026/quaest-governo-senado-rondonia-agosto-2026/,"ficha técnica registrada no TSE, via Gazeta do Povo"
RO,Rondônia,governador,Quaest,2026-08-25,estimulado,Samuel Costa,2,RO-05711/2026,804,3,presencial,Rede Amazônica,21 a 24/08/2026,https://www.gazetadopovo.com.br/eleicoes/2026/pesquisa-eleitoral-2026/quaest-governo-senado-rondonia-agosto-2026/,"ficha técnica registrada no TSE, via Gazeta do Povo"
RO,Rondônia,governador,Quaest,2026-08-25,estimulado,Pedro Abib,1,RO-05711/2026,804,3,presencial,Rede Amazônica,21 a 24/08/2026,https://www.gazetadopovo.com.br/eleicoes/2026/pesquisa-eleitoral-2026/quaest-governo-senado-rondonia-agosto-2026/,"ficha técnica registrada no TSE, via Gazeta do Povo"
RO,Rondônia,senador,Quaest,2026-08-25,estimulado,Dr. Fernando Máximo,17,RO-05711/2026,804,3,presencial,Rede Amazônica,21 a 24/08/2026,https://www.gazetadopovo.com.br/eleicoes/2026/pesquisa-eleitoral-2026/quaest-governo-senado-rondonia-agosto-2026/,"ficha técnica registrada no TSE, via Gazeta do Povo"
RO,Rondônia,senador,Quaest,2026-08-25,estimulado,Sílvia Cristina,11,RO-05711/2026,804,3,presencial,Rede Amazônica,21 a 24/08/2026,https://www.gazetadopovo.com.br/eleicoes/2026/pesquisa-eleitoral-2026/quaest-governo-senado-rondonia-agosto-2026/,"ficha técnica registrada no TSE, via Gazeta do Povo"
RO,Rondônia,senador,Quaest,2026-08-25,estimulado,Bruno Bolsonaro Scheid,11,RO-05711/2026,804,3,presencial,Rede Amazônica,21 a 24/08/2026,https://www.gazetadopovo.com.br/eleicoes/2026/pesquisa-eleitoral-2026/quaest-governo-senado-rondonia-agosto-2026/,"ficha técnica registrada no TSE, via Gazeta do Povo"
RO,Rondônia,senador,Quaest,2026-08-25,estimulado,Mariana Carvalho,10,RO-05711/2026,804,3,presencial,Rede Amazônica,21 a 24/08/2026,https://www.gazetadopovo.com.br/eleicoes/2026/pesquisa-eleitoral-2026/quaest-governo-senado-rondonia-agosto-2026/,"ficha técnica registrada no TSE, via Gazeta do Povo"
RO,Rondônia,senador,Quaest,2026-08-25,estimulado,Acir Gurgacz,5,RO-05711/2026,804,3,presencial,Rede Amazônica,21 a 24/08/2026,https://www.gazetadopovo.com.br/eleicoes/2026/pesquisa-eleitoral-2026/quaest-governo-senado-rondonia-agosto-2026/,"ficha técnica registrada no TSE, via Gazeta do Povo"
RO,Rondônia,senador,Quaest,2026-08-25,estimulado,Luciana Oliveira,4,RO-05711/2026,804,3,presencial,Rede Amazônica,21 a 24/08/2026,https://www.gazetadopovo.com.br/eleicoes/2026/pesquisa-eleitoral-2026/quaest-governo-senado-rondonia-agosto-2026/,"ficha técnica registrada no TSE, via Gazeta do Povo"
RO,Rondônia,senador,Quaest,2026-08-25,estimulado,Engenheiro Thulio,1,RO-05711/2026,804,3,presencial,Rede Amazônica,21 a 24/08/2026,https://www.gazetadopovo.com.br/eleicoes/2026/pesquisa-eleitoral-2026/quaest-governo-senado-rondonia-agosto-2026/,"ficha técnica registrada no TSE, via Gazeta do Povo"
RO,Rondônia,senador,Quaest,2026-08-25,estimulado,Luis Fernando,1,RO-05711/2026,804,3,presencial,Rede Amazônica,21 a 24/08/2026,https://www.gazetadopovo.com.br/eleicoes/2026/pesquisa-eleitoral-2026/quaest-governo-senado-rondonia-agosto-2026/,"ficha técnica registrada no TSE, via Gazeta do Povo"
RO,Rondônia,senador,Quaest,2026-08-25,estimulado,Neidinha,1,RO-05711/2026,804,3,presencial,Rede Amazônica,21 a 24/08/2026,https://www.gazetadopovo.com.br/eleicoes/2026/pesquisa-eleitoral-2026/quaest-governo-senado-rondonia-agosto-2026/,"ficha técnica registrada no TSE, via Gazeta do Povo"
MS,Mato Grosso do Sul,governador,Quaest,2026-08-25,estimulado,Eduardo Riedel,40,MS-00793/2026,804,3,presencial,TV Morena,21 a 24/08/2026,https://www.gazetadopovo.com.br/eleicoes/2026/pesquisa-eleitoral-2026/quaest-governador-senador-mato-grosso-sul-agosto-2026/,"ficha técnica registrada no TSE, via Gazeta do Povo"
MS,Mato Grosso do Sul,governador,Quaest,2026-08-25,estimulado,Fábio Trad,13,MS-00793/2026,804,3,presencial,TV Morena,21 a 24/08/2026,https://www.gazetadopovo.com.br/eleicoes/2026/pesquisa-eleitoral-2026/quaest-governador-senador-mato-grosso-sul-agosto-2026/,"ficha técnica registrada no TSE, via Gazeta do Povo"
MS,Mato Grosso do Sul,governador,Quaest,2026-08-25,estimulado,Delcidio Amaral,8,MS-00793/2026,804,3,presencial,TV Morena,21 a 24/08/2026,https://www.gazetadopovo.com.br/eleicoes/2026/pesquisa-eleitoral-2026/quaest-governador-senador-mato-grosso-sul-agosto-2026/,"ficha técnica registrada no TSE, via Gazeta do Povo"
MS,Mato Grosso do Sul,governador,Quaest,2026-08-25,estimulado,João Henrique Catan,3,MS-00793/2026,804,3,presencial,TV Morena,21 a 24/08/2026,https://www.gazetadopovo.com.br/eleicoes/2026/pesquisa-eleitoral-2026/quaest-governador-senador-mato-grosso-sul-agosto-2026/,"ficha técnica registrada no TSE, via Gazeta do Povo"
MS,Mato Grosso do Sul,governador,Quaest,2026-08-25,estimulado,Lucien Rezende,2,MS-00793/2026,804,3,presencial,TV Morena,21 a 24/08/2026,https://www.gazetadopovo.com.br/eleicoes/2026/pesquisa-eleitoral-2026/quaest-governador-senador-mato-grosso-sul-agosto-2026/,"ficha técnica registrada no TSE, via Gazeta do Povo"
MS,Mato Grosso do Sul,governador,Quaest,2026-08-25,estimulado,Daniel Lemes,1,MS-00793/2026,804,3,presencial,TV Morena,21 a 24/08/2026,https://www.gazetadopovo.com.br/eleicoes/2026/pesquisa-eleitoral-2026/quaest-governador-senador-mato-grosso-sul-agosto-2026/,"ficha técnica registrada no TSE, via Gazeta do Povo"
MS,Mato Grosso do Sul,governador,Quaest,2026-08-25,estimulado,Economista Renato Gomes,1,MS-00793/2026,804,3,presencial,TV Morena,21 a 24/08/2026,https://www.gazetadopovo.com.br/eleicoes/2026/pesquisa-eleitoral-2026/quaest-governador-senador-mato-grosso-sul-agosto-2026/,"ficha técnica registrada no TSE, via Gazeta do Povo"
MS,Mato Grosso do Sul,governador,Quaest,2026-08-25,estimulado,Jeferson Bezerra,1,MS-00793/2026,804,3,presencial,TV Morena,21 a 24/08/2026,https://www.gazetadopovo.com.br/eleicoes/2026/pesquisa-eleitoral-2026/quaest-governador-senador-mato-grosso-sul-agosto-2026/,"ficha técnica registrada no TSE, via Gazeta do Povo"
MS,Mato Grosso do Sul,senador,Quaest,2026-08-25,estimulado,Reinaldo Azambuja,22,MS-00793/2026,804,3,presencial,TV Morena,21 a 24/08/2026,https://www.gazetadopovo.com.br/eleicoes/2026/pesquisa-eleitoral-2026/quaest-governador-senador-mato-grosso-sul-agosto-2026/,"ficha técnica registrada no TSE, via Gazeta do Povo"
MS,Mato Grosso do Sul,senador,Quaest,2026-08-25,estimulado,Capitão Contar,15,MS-00793/2026,804,3,presencial,TV Morena,21 a 24/08/2026,https://www.gazetadopovo.com.br/eleicoes/2026/pesquisa-eleitoral-2026/quaest-governador-senador-mato-grosso-sul-agosto-2026/,"ficha técnica registrada no TSE, via Gazeta do Povo"
MS,Mato Grosso do Sul,senador,Quaest,2026-08-25,estimulado,Soraya,11,MS-00793/2026,804,3,presencial,TV Morena,21 a 24/08/2026,https://www.gazetadopovo.com.br/eleicoes/2026/pesquisa-eleitoral-2026/quaest-governador-senador-mato-grosso-sul-agosto-2026/,"ficha técnica registrada no TSE, via Gazeta do Povo"
MS,Mato Grosso do Sul,senador,Quaest,2026-08-25,estimulado,Vander Loubet,9,MS-00793/2026,804,3,presencial,TV Morena,21 a 24/08/2026,https://www.gazetadopovo.com.br/eleicoes/2026/pesquisa-eleitoral-2026/quaest-governador-senador-mato-grosso-sul-agosto-2026/,"ficha técnica registrada no TSE, via Gazeta do Povo"
MS,Mato Grosso do Sul,senador,Quaest,2026-08-25,estimulado,Roberto Oshiro,3,MS-00793/2026,804,3,presencial,TV Morena,21 a 24/08/2026,https://www.gazetadopovo.com.br/eleicoes/2026/pesquisa-eleitoral-2026/quaest-governador-senador-mato-grosso-sul-agosto-2026/,"ficha técnica registrada no TSE, via Gazeta do Povo"
MS,Mato Grosso do Sul,senador,Quaest,2026-08-25,estimulado,Beto do Movimento,3,MS-00793/2026,804,3,presencial,TV Morena,21 a 24/08/2026,https://www.gazetadopovo.com.br/eleicoes/2026/pesquisa-eleitoral-2026/quaest-governador-senador-mato-grosso-sul-agosto-2026/,"ficha técnica registrada no TSE, via Gazeta do Povo"
MS,Mato Grosso do Sul,senador,Quaest,2026-08-25,estimulado,Daniel Junior,2,MS-00793/2026,804,3,presencial,TV Morena,21 a 24/08/2026,https://www.gazetadopovo.com.br/eleicoes/2026/pesquisa-eleitoral-2026/quaest-governador-senador-mato-grosso-sul-agosto-2026/,"ficha técnica registrada no TSE, via Gazeta do Povo"
MS,Mato Grosso do Sul,senador,Quaest,2026-08-25,estimulado,Valter da Comagran,1,MS-00793/2026,804,3,presencial,TV Morena,21 a 24/08/2026,https://www.gazetadopovo.com.br/eleicoes/2026/pesquisa-eleitoral-2026/quaest-governador-senador-mato-grosso-sul-agosto-2026/,"ficha técnica registrada no TSE, via Gazeta do Povo"
MS,Mato Grosso do Sul,senador,Quaest,2026-08-25,estimulado,Luiz Lemes,1,MS-00793/2026,804,3,presencial,TV Morena,21 a 24/08/2026,https://www.gazetadopovo.com.br/eleicoes/2026/pesquisa-eleitoral-2026/quaest-governador-senador-mato-grosso-sul-agosto-2026/,"ficha técnica registrada no TSE, via Gazeta do Povo"
MS,Mato Grosso do Sul,senador,Quaest,2026-08-25,estimulado,Valderi Garcia,0,MS-00793/2026,804,3,presencial,TV Morena,21 a 24/08/2026,https://www.gazetadopovo.com.br/eleicoes/2026/pesquisa-eleitoral-2026/quaest-governador-senador-mato-grosso-sul-agosto-2026/,"ficha técnica registrada no TSE, via Gazeta do Povo"
DF,Distrito Federal,governador,Quaest,2026-08-25,estimulado,Celina Leão,34,DF-06256/2026,1104,3,presencial,Globo,21 a 24/08/2026,https://www.brasildefato.com.br/2026/08/25/quaest-celina-tem-34-arruda-20-e-grass-13-das-intencoes-de-voto-no-df/,"ficha técnica registrada no TSE, via Gazeta do Povo"
DF,Distrito Federal,governador,Quaest,2026-08-25,estimulado,Arruda,20,DF-06256/2026,1104,3,presencial,Globo,21 a 24/08/2026,https://www.brasildefato.com.br/2026/08/25/quaest-celina-tem-34-arruda-20-e-grass-13-das-intencoes-de-voto-no-df/,"ficha técnica registrada no TSE, via Gazeta do Povo"
DF,Distrito Federal,governador,Quaest,2026-08-25,estimulado,Leandro Grass,13,DF-06256/2026,1104,3,presencial,Globo,21 a 24/08/2026,https://www.brasildefato.com.br/2026/08/25/quaest-celina-tem-34-arruda-20-e-grass-13-das-intencoes-de-voto-no-df/,"ficha técnica registrada no TSE, via Gazeta do Povo"
DF,Distrito Federal,governador,Quaest,2026-08-25,estimulado,Paula Belmonte,3,DF-06256/2026,1104,3,presencial,Globo,21 a 24/08/2026,https://www.brasildefato.com.br/2026/08/25/quaest-celina-tem-34-arruda-20-e-grass-13-das-intencoes-de-voto-no-df/,"ficha técnica registrada no TSE, via Gazeta do Povo"
DF,Distrito Federal,governador,Quaest,2026-08-25,estimulado,Cappelli,3,DF-06256/2026,1104,3,presencial,Globo,21 a 24/08/2026,https://www.brasildefato.com.br/2026/08/25/quaest-celina-tem-34-arruda-20-e-grass-13-das-intencoes-de-voto-no-df/,"ficha técnica registrada no TSE, via Gazeta do Povo"
DF,Distrito Federal,governador,Quaest,2026-08-25,estimulado,Kiko Caputo,2,DF-06256/2026,1104,3,presencial,Globo,21 a 24/08/2026,https://www.brasildefato.com.br/2026/08/25/quaest-celina-tem-34-arruda-20-e-grass-13-das-intencoes-de-voto-no-df/,"ficha técnica registrada no TSE, via Gazeta do Povo"
DF,Distrito Federal,governador,Quaest,2026-08-25,estimulado,Professora Samara Mineiro,1,DF-06256/2026,1104,3,presencial,Globo,21 a 24/08/2026,https://www.brasildefato.com.br/2026/08/25/quaest-celina-tem-34-arruda-20-e-grass-13-das-intencoes-de-voto-no-df/,"ficha técnica registrada no TSE, via Gazeta do Povo"
