uf,slug,verbete,pontuacao,trecho,status
AC,ac-gov-alan-rick,Alan Rick,10,"Alan Rick Miranda (Rio Branco, 23 de outubro de 1976) é um político acreano, jornalista, administrador de empresas e autor. Nas eleições de ",aceito
AC,ac-gov-dr-luisinho,Eleições estaduais no Acre em 2026,3,do Acre». g1. Consultado em 6 de agosto de 2026. Cópia arquivada em 1 de agosto de 2026  «Agir lança Dr. Luisinho como candidato ao governo ,sem verbete localizado
AC,ac-gov-tiao-bocalom,Tião Bocalom,8,"Sebastião Bocalom Rodrigues (Bela Vista do Paraíso, 18 de maio de 1953) mais conhecido como Tião Bocalom é um matemático e político brasilei",aceito
AC,ac-gov-mailza-assis,Mailza Assis,9,"vice-governadora entre 2023 e 2026, eleita na chapa de Gladson Cameli em 2022. Mailza Assis da Silva nasceu na cidade de Mundo Novo, em Mato",aceito
AC,ac-gov-eudo-raffael,Eleições estaduais no Acre em 2026,2,"(UPB (UNIÃO e PP), MDB, PL, PDT e Democrata) 21 Eudo Raffael Eudo Raffael Lima da Silva PCB Sem cargo político anterior Poeta Cesinha Cesar ",sem verbete localizado
AC,ac-gov-thor-dantas,Eleições estaduais no Acre em 2026,3,"Gomes, Walace (30 de julho de 2026). «PSB lança Dr. Thor Dantas como candidato ao governo do Acre». g1. Consultado em 12 de agosto de 2026. ",sem verbete localizado
AL,al-gov-lenilda-luna,Eleição municipal em Maceió em 2020,2,PCdoB Sem cargo político anterior Partido Isolado 80 Lenilda Luna Lenilda Luna de Almeida UP Sem cargo político anterior Vânia Gomes Ivanild,sem verbete localizado
AL,al-gov-marcio-jambo,Eleições estaduais em Alagoas em 2026,2,"FE Brasil (PT, PCdoB e PV), PSD, PSB e Agir) 35 Márcio Jambo Márcio Ferreira Jambo Sobrinho Democrata Sem cargo político anterior Jaudinete ",sem verbete localizado
AL,al-gov-jhc,João Henrique Caldas,8,"João Henrique Holanda Caldas (Maceió, 22 de julho de 1987), mais conhecido como JHC, é um advogado e político brasileiro, filiado ao Partido",aceito
AL,al-gov-renan-filho,Renan Filho,7,"José Renan Vasconcelos Calheiros Filho (Murici, 8 de outubro de 1979) é um economista e político brasileiro, filiado ao Movimento Democrátic",aceito
AM,am-gov-omar-aziz,Omar Aziz,9,"Omar José Abdel Aziz ComMM (Garça, 13 de agosto de 1958) é um engenheiro civil e político brasileiro. Foi o 46.º Governador do Amazonas, pel",aceito
AM,am-gov-gilberto-vasconcelos,Jarbas Vasconcelos,4,"Jarbas de Andrade Vasconcelos GOMM • GOIH (Vicência, 23 de agosto de 1942) é um advogado e político brasileiro, filiado ao Movimento Democrá",sem verbete localizado
AM,am-gov-david-almeida,David Almeida,9,"David Antônio Abisai Pereira de Almeida (Manaus, 8 de fevereiro de 1969) é um político brasileiro filiado ao Avante. Foi prefeito da cidade ",aceito
AM,am-gov-professora-maria-do-carmo,Maria do Carmo Seffair,10,"Maria do Carmo Seffair Lins de Albuquerque (Manaus, 26 de novembro de 1959) é uma empresária, contadora, advogada, educadora e política bras",aceito
AM,am-gov-roberto-cidade,Roberto Cidade,10,"Roberto Maia Cidade Filho (Manaus, 2 de outubro de 1986) é um político brasileiro filiado ao União Brasil (UNIÃO). É governador do Amazonas ",aceito
AM,am-gov-isael-munduruku,Eleições estaduais no Amazonas em 2026,1,"Magalhães, Mara (2 de agosto de 2026). «Federação Rede/Psol oficializa Isael Munduruku na disputa pelo Governo do Amazonas». Amazonas1 | Últ",sem verbete localizado
AM,am-gov-cabo-daciolo,Cabo Daciolo,8,"Benevenuto Daciolo Fonseca dos Santos (Florianópolis, 30 de março de 1976), mais conhecido como Cabo Daciolo, é um bombeiro militar, pastor ",aceito
AP,ap-gov-dr-furlan,Antônio Furlan,8,"Antônio Paulo de Oliveira Furlan (San José, 9 de julho de 1973) é um médico e político brasileiro-costarriquenho filiado ao Partido Social D",aceito
AP,ap-gov-clecio,Clécio Luís,8,"Clécio Luís Vilhena Vieira (Belém, 8 de abril de 1972) é um professor e político brasileiro, filiado ao União Brasil. É atualmente governado",aceito
AP,ap-gov-carlos-cley,Eleições estaduais no Amapá em 2026,3,"Prudêncio, Maria Clara (31 de julho de 2026). «PSTU lança Carlos Cley como candidato ao governo do Amapá». g1. Consultado em 6 de agosto de ",sem verbete localizado
AP,ap-gov-jairo-palheta,Eleições estaduais no Amapá em 2026,3,Cópia arquivada em 21 de agosto de 2026  «PCO lança Jairo Palheta como candidato ao governo do Amapá». g1. 5 de agosto de 2026. Consultado e,sem verbete localizado
AP,ap-gov-delegado-marcos,Marcos Reátegui,8,"Marcos José Reátegui Souza, ou simplesmente Marcos Reátegui (Macapá, 6 de outubro de 1960) é um procurador público, delegado da polícia fede",aceito
BA,ba-gov-ronaldo-mansur,Eleições estaduais na Bahia em 2026,3,governo da Bahia». g1. 22 de julho de 2026. Consultado em 28 de agosto de 2026. Cópia arquivada em 23 de julho de 2026  «Psol lança Ronaldo ,sem verbete localizado
BA,ba-gov-acm-neto,ACM Júnior,7,"pai, Antônio Carlos Magalhães, como senador pela Bahia. É pai do ex-prefeito de Salvador, ACM Neto e irmão do ex-Deputado Federal Luís Eduar",aceito
BA,ba-gov-ariel-capistrano,Eleições estaduais na Bahia em 2026,2,"PCdoB e PV), MDB, PSD, PSB, Avante e PDT) 27 Ariel Capistrano Ariel da Silva Capistrano DC Sem cargo político anterior Zé Augusto José Augus",sem verbete localizado
BA,ba-gov-jeronimo-rodrigues,Jerônimo Rodrigues,9,"Jerônimo Rodrigues Souza (Aiquara, 3 de abril de 1965) é um professor universitário, engenheiro agrônomo e político brasileiro. Filiado ao P",aceito
BA,ba-gov-estevao,Estêvão José da Rocha,5,"Estêvão José da Rocha, primeiro e único Barão da Araruna, foi um fazendeiro e militar brasileiro, tendo sido Coronel da Guarda Nacional. Nas",sem verbete localizado
BA,ba-gov-aroldo-felix,Eleições estaduais na Bahia em 2026,3,governo da Bahia». g1. 24 de julho de 2026. Consultado em 28 de agosto de 2026. Cópia arquivada em 24 de julho de 2026  «UP lança Aroldo Fél,sem verbete localizado
BA,ba-gov-maria-bona,Eleições estaduais na Bahia em 2026,3,"2026. Cópia arquivada em 25 de agosto de 2026  «Quem é Maria Bona, candidata ao governo da Bahia nas eleições de 2026». GZH. 16 de agosto de",sem verbete localizado
CE,ce-gov-ciro-gomes,Ciro Gomes,9,"Ciro Ferreira Gomes (Pindamonhangaba, São Paulo, 6 de novembro de 1957) é um advogado, professor universitário, escritor e político brasilei",aceito
CE,ce-gov-serley-leal,Eleições estaduais no Ceará em 2022,3,o candidato a Governador do Ceará em 2022». Diário do Nordeste  «Serley Leal: conheça o candidato a governador do Ceará em 2022». Diário do ,sem verbete localizado
CE,ce-gov-pedro-brito,Pedro Brito,9,"Pedro Brito do Nascimento (Fortaleza, 5 de abril de 1950) é um economista brasileiro. Foi ministro-chefe da Secretaria Nacional dos Portos d",aceito
CE,ce-gov-delegado-huggo,Delegado Huggo Leonardo,9,"Huggo Leonardo de Lima Anastácio, conhecido como Delegado Huggo, é um delegado de polícia e político brasileiro. Integra a Polícia Civil do ",aceito
CE,ce-gov-elmano-de-freitas,Elmano de Freitas,9,"Elmano de Freitas da Costa (Baturité, 12 de abril de 1970) é um advogado e político brasileiro. Filiado ao Partido dos Trabalhadores (PT), é",aceito
CE,ce-gov-ze-batista,Eleições estaduais no Ceará em 2026,3,governo do Ceará». g1. 27 de julho de 2026. Consultado em 20 de agosto de 2026. Cópia arquivada em 27 de julho de 2026  «PSTU lança Zé Batis,sem verbete localizado
CE,ce-gov-ieri-braga,Eleições estaduais no Ceará em 2026,3,Ceará». g1. 1 de agosto de 2026. Consultado em 20 de agosto de 2026. Cópia arquivada em 1 de agosto de 2026  «PCO registra candidatura de Ie,sem verbete localizado
CE,ce-gov-danilo-soares,Lista de episódios de Agora É Tarde com Danilo Gentili,4,"Entre 2011 e 2013, o comediante stand-up Danilo Gentili apresentou o late-night talk show Agora É Tarde, que foi criado por ele, exibido pel",sem verbete localizado
CE,ce-gov-vera-lucia,Eleições estaduais no Ceará em 2026,3,governo do Ceará». g1. 15 de agosto de 2026. Consultado em 20 de agosto de 2026. Cópia arquivada em 15 de agosto de 2026  «Novo anuncia Vera,sem verbete localizado
DF,df-gov-professor-robson,Robson Rodovalho,4,"Robson Lemos Rodovalho (Anápolis, Goiás, 15 de agosto de 1955) é pastor, físico e ex-deputado federal brasileiro, fundador, junto com Maria ",sem verbete localizado
DF,df-gov-professora-samara-mineiro,Eleições distritais no Distrito Federal em 2026,2,Resgatar Brasília (PSD e Avante) 80 Professora Samara Mineiro Samara Mineiro Oliveira UP Sem cargo político anterior Thaís Oliveira Thaís Ol,sem verbete localizado
DF,df-gov-kiko-caputo,Conselho da República,2,"(Federação das Indústrias do Estado de São Paulo) (titular); Francisco Queiroz Caputo Neto, ex-presidente da OAB/DF (suplente); Eleitos pelo",sem verbete localizado
DF,df-gov-elisson,Eleições distritais no Distrito Federal em 2026,2,Sampaio NOVO Sem cargo político anterior Partido Isolado 36 Elisson Elisson Ferreira Freire Agir Sem cargo político anterior Subtenente Sérg,sem verbete localizado
DF,df-gov-cappelli,Ricardo Cappelli,8,"Ricardo Garcia Cappelli (Rio de Janeiro, 11 de fevereiro de 1972) é um jornalista e político brasileiro, filiado ao Partido Socialista Brasi",aceito
DF,df-gov-expedito-mendonca,Eleições distritais no Distrito Federal em 1998,2,Rivaldo de Souza Melo PSDC Partido Isolado 29 Expedito Mendonça Expedito Carneiro de Mendonça PCO Sem cargo político anterior Miriam de Cast,sem verbete localizado
DF,df-gov-leandro-grass,Leandro Grass,9,"Leandro Antonio Grass Peixoto (Brasília, 15 de junho de 1985) é um professor e político brasileiro e entre janeiro de 2023 a fevereiro de 20",aceito
DF,df-gov-arruda,José Roberto Arruda,9,"José Roberto Arruda GOMD • ComMM (Itajubá, 5 de janeiro de 1954) é um engenheiro eletricista e político brasileiro, filiado ao Partido Socia",aceito
DF,df-gov-paula-belmonte,Paula Belmonte,9,"Paula Moreno Paro Belmonte (São Paulo, 23 de junho de 1973) é uma empresária e política brasileira filiada ao Partido da Social Democracia B",aceito
DF,df-gov-celina-leao,Celina Leão,9,"Celina Leão Hizim Ferreira (Goiânia, 2 de março de 1977) ou simplesmente Celina Leão é uma administradora de empresas, política brasileira f",aceito
DF,df-gov-rico-pinheiro,Eleições distritais no Distrito Federal em 2026,2,Sem cargo político anterior Partido Isolado 28 Rico Pinheiro Alderico da Silva Pinheiro Filho PRTB Sem cargo político anterior Cristiane Bar,sem verbete localizado
ES,es-gov-breno-barcelos,Sílvio Frota,2,"o apoio de chefes militares como o marechal Odílio Denys, o almirante Augusto Rademaker e o brigadeiro Márcio de Sousa Melo. Em 1979, após a",sem verbete localizado
ES,es-gov-rafael-demuner,Eleições estaduais no Espírito Santo em 2026,2,"Cidadania (PSDB e Cidadania), PDT, Agir e MOBILIZA) 80 Rafael Demuner Rafael Ketley Demuner UP Sem cargo político anterior Dionary Sarmento ",sem verbete localizado
ES,es-gov-helder-salomao,Helder Salomão,9,"Helder Ignacio Salomão (Governador Lindenberg, 8 de março de 1964) é um professor e político brasileiro, filiado ao Partido dos Trabalhadore",aceito
ES,es-gov-ricardo-ferraco,Ricardo Ferraço,10,"Ricardo de Rezende Ferraço (Cachoeiro de Itapemirim, 17 de agosto de 1963) é um político brasileiro filiado ao MDB. É o atual Governador do ",aceito
ES,es-gov-lorenzo-pazolini,Lorenzo Pazolini,9,"Lorenzo Silva de Pazolini (Vitória, 20 de maio de 1982) é ex-delegado de polícia, ex-deputado estadual e político brasileiro filiado ao Repu",aceito
GO,go-gov-daniel-vilela,Daniel Vilela,9,"Daniel Elias Carvalho Vilela (Jataí, 23 de outubro de 1983) é um bacharel de direito, ex-futebolista e político brasileiro filiado Movimento",aceito
GO,go-gov-marconi-perillo,Marconi Perillo,10,"Marconi Ferreira Perillo Júnior, GOMM; (Palmeiras de Goiás, 7 de março de 1963) mais conhecido como Marconi Perillo ou simplesmente Perillo ",aceito
GO,go-gov-luis-cesar-bueno,Luis Cesar Bueno,10,"Luis Cesar Bueno e Freitas (Goiânia, 11 de agosto de 1960) é um professor e político brasileiro filiado ao Partido dos Trabalhadores (PT). E",aceito
GO,go-gov-luciana-amorim,Eleições estaduais em Goiás em 2026,3,"2026  Barros, Eliane (2 de agosto de 2026). «UP lança Luciana Amorim como candidata ao governo de Goiás». g1. Consultado em 6 de agosto de 2",sem verbete localizado
GO,go-gov-wilder-morais,Wilder Morais,10,"Wilder Pedro de Morais (Taquaral de Goiás, 29 de junho de 1968) é um empresário, empreendedor, engenheiro e político brasileiro. Atualmente,",aceito
GO,go-gov-danilo-pinheiro,Eleições estaduais em Goiás em 2026,3,anterior Goiás Que Cresce (PL e NOVO) 29 Danilo Pinheiro Danilo Pinheiro Evangelista da Silva PCO Sem cargo político anterior Maria Joana Ma,sem verbete localizado
MA,ma-gov-saulo-arcangeli,Eleições estaduais no Maranhão em 2026,3,governo do Maranhão». g1. 25 de julho de 2026. Consultado em 31 de julho de 2026. Cópia arquivada em 26 de julho de 2026  «PSTU lança Saulo ,sem verbete localizado
MA,ma-gov-felipe-camarao,Felipe Camarão,9,"Felipe Costa Camarão (Rio de Janeiro, 31 de dezembro de 1981) é procurador federal de carreira. Professor da UFMA e político brasileiro. Fil",aceito
MA,ma-gov-orleans-brandao,Carlos Orleans Brandão,10,"Carlos Orleans Brandão (Colinas, 11 de maio de 1926 – São Luís, 23 de julho de 1992) foi um médico, político e servidor público brasileiro. ",aceito
MA,ma-gov-reginaldo-lima,Eleições estaduais no Maranhão em 2026,3,em 29 de julho de 2026  «PCB oficializa candidatura de Reginaldo Lima ao Governo do Maranhão». O Informante. 1 de agosto de 2026. Consultado,sem verbete localizado
MA,ma-gov-andre-luis,Urbano Santos (político),4,"por Urbano Santos, foi um jurista, promotor e político brasileiro, que foi o 24.º Governador do Maranhão e o 7.º Vice-presidente da Repúblic",sem verbete localizado
MA,ma-gov-eduardo-braide,Eduardo Braide,9,"Eduardo Salim Braide (São Luís, 12 de janeiro de 1976) é um advogado e político brasileiro, filiado ao Partido Social Democrático (PSD). Foi",aceito
MA,ma-gov-roberto-rocha,Roberto Rocha,9,"Roberto Coelho Rocha (São Luís, 4 de agosto de 1965) é um administrador, empresário e político brasileiro, filiado ao Partido Renovador Trab",aceito
MA,ma-gov-dimas-cassimiro,Eleições estaduais no Maranhão em 2026,3,projeto político para disputar uma vaga ao Senado Federal. Enilton Rodrigues (PSOL) – Anunciou a desistência de sua pré-candidatura ao Gover,sem verbete localizado
MG,mg-gov-alexandre-kalil,Alexandre Kalil,9,"Alexandre Kalil (Belo Horizonte, 25 de março de 1959) é um empresário, dirigente esportivo e político brasileiro filiado ao Partido Democrát",aceito
MG,mg-gov-mateus-simoes,Mateus Simões,9,"Mateus Simões de Almeida (Gurupi, 9 de março de 1981) é um advogado, professor e político brasileiro filiado ao Partido Social Democrático (",aceito
MG,mg-gov-professor-tulio-lopes,Eleições estaduais em Minas Gerais em 2026,2,cargo político anterior Partido Isolado 21 Professor Túlio Lopes Túlio Cesar Dias Lopes PCB Sem cargo político anterior Warlen Nunes Warlen ,sem verbete localizado
MG,mg-gov-ben-mendes,Ben Mendes,8,"Benoni Benjamin Cardoso Mendes (Contagem, 1988), conhecido como Ben Mendes, é um advogado, jornalista, político e criador de conteúdo brasil",aceito
MG,mg-gov-rafael-duda,Eleições estaduais em Minas Gerais em 2026,2,Vereadora por Montes Claros (2012–2026) Partido Isolado 16 Rafael Duda Rafael Ribeiro de Ávila PSTU Sem cargo político anterior Prof. Diana ,sem verbete localizado
MG,mg-gov-indira-xavier,Eleições estaduais em Minas Gerais em 2026,2,"e Solidariedade), Avante, DC, MOBILIZA e Agir) 80 Indira Xavier Indira Ivanise Xavier UP Sem cargo político anterior Renato Campos Renato Ca",sem verbete localizado
MG,mg-gov-gabriel,Eleições estaduais em Minas Gerais em 2026,2,cargo político anterior Partido Isolado 15 Gabriel Azevedo Gabriel Sousa Marques de Azevedo MDB Vereador de Belo Horizonte (2017–2024); Pres,sem verbete localizado
MG,mg-gov-patrus-ananias,Patrus Ananias,9,"Patrus Ananias de Sousa GCMD • GOMM (Bocaiuva, 26 de janeiro de 1952) é um professor, advogado, servidor público e político brasileiro, fili",aceito
MG,mg-gov-flavio-roscoe,Eleições estaduais em Minas Gerais em 2026,2,PCB Sem cargo político anterior Partido Isolado 22 Flávio Roscoe Flávio Roscoe Nogueira PL Sem cargo político anterior Ellen Miziara Ellen M,sem verbete localizado
MG,mg-gov-cleitinho-azevedo,Cleitinho,6,"Cleiton Gontijo de Azevedo (Divinópolis, 15 de abril de 1982), mais conhecido como Cleitinho, é um empresário, músico e político brasileiro ",aceito
MG,mg-gov-henrique-areas,Eleição municipal em São Paulo em 2016,2,Sem cargo político anterior Partido Isolado 29 Henrique Áreas Henrique Áreas de Araújo PCO Sem cargo político anterior Tranquillo Moterle Tr,sem verbete localizado
MS,ms-gov-lucien-rezende,Eleições estaduais em Mato Grosso do Sul em 2026,2,cargo político anterior Partido Isolado 50 Lucien Rezende Lucien Roberto Garcia de Rezende PSOL Fed. PSOL REDE Sem cargo político anterior K,sem verbete localizado
MS,ms-gov-eduardo-riedel,Eduardo Riedel,9,"Eduardo Corrêa Riedel (Rio de Janeiro, 5 de julho de 1969) é um político, empresário e produtor rural brasileiro. Eleito governador em 2022,",aceito
MS,ms-gov-fabio-trad,Fábio Trad,9,"Fábio Ricardo Trad (Campo Grande, 18 de agosto de 1969) é um advogado, professor universitário e político brasileiro, filiado ao Partido dos",aceito
MS,ms-gov-economista-renato-gomes,Eleições estaduais em Mato Grosso do Sul em 2026,2,Renovação Solidária (PRD e Solidariedade) 27 Economista Renato Gomes Renato Wanderley Gomes DC Sem cargo político anterior Thiago Martins Th,sem verbete localizado
MS,ms-gov-jeferson-bezerra,Eleições estaduais em Mato Grosso do Sul em 2026,3,Mato Grosso do Sul (2021). Partido Isolado 36 Jeferson Bezerra Jeferson José Bezerra Agir Sem cargo político anterior Valdenir Duarte Valden,sem verbete localizado
MS,ms-gov-delcidio-amaral,Delcídio do Amaral,9,"Delcídio do Amaral Gómez GOMM • GOMD (Corumbá, 8 de fevereiro de 1955) é um engenheiro eletricista e político brasileiro filiado ao Partido ",aceito
MS,ms-gov-joao-henrique-catan,João Henrique Catan,10,"João Henrique Miranda Soares Catan (Campo Grande, 19 de abril de 1988), também conhecido como João Henrique Catan, é um advogado e político ",aceito
MS,ms-gov-daniel-lemes,Eleições estaduais em Mato Grosso do Sul em 2026,2,Santos DC Sem cargo político anterior Partido Isolado 29 Daniel Lemes Daniel Lemes Vasques PCO Sem cargo político anterior Silvia Benites Si,sem verbete localizado
MT,mt-gov-rafaell-milas,Rafaell Milas,9,"Rafaell Milas (Umuarama, 17 de fevereiro de 1983) é um publicitário, marqueteiro político e podcaster brasileiro radicado em Cuiabá, Mato Gr",aceito
MT,mt-gov-doutora-natasha,Eleições estaduais em Mato Grosso em 2026,2,cargo político anterior Partido Isolado 55 Doutora Natasha Natasha Slhessarenko Fraife Barreto PSD Sem cargo político anterior Diogo Botelho,sem verbete localizado
MT,mt-gov-otaviano-pivetta,Otaviano Pivetta,9,"Otaviano Olavo Pivetta (Caiçara, 10 de maio de 1959), mais conhecido como Pivetta é um empresário, agropecuarista e político brasileiro fili",aceito
MT,mt-gov-wellington-fagundes,Wellington Fagundes,9,"Wellington Antônio Fagundes (Rondonópolis, 1 de junho de 1957) é médico veterinário e político brasileiro. Filiado ao Partido Liberal, é Sen",aceito
MT,mt-gov-mauricio-coelho,Paulo Coelho,4,"Paulo Coelho de Souza (Rio de Janeiro, 24 de agosto de 1947) é um escritor, letrista, jornalista e compositor brasileiro. Ocupa a 21.ª cadei",sem verbete localizado
MT,mt-gov-sargento-laudicerio,Eleições estaduais em Mato Grosso em 2026,2,"compromisso. Sargento Laudicério (Agir) – Policial Militar. No dia 15 de agosto, dia limite para o registro das candidaturas no TSE, o parti",sem verbete localizado
PA,pa-gov-cleber-rabelo,Eleições estaduais no Pará em 2010,3,Vice-governador do Pará (1999-2002). Partido Isolado 16 Cleber Rabelo José Cleber Barros Rabelo PSTU Sem cargo político anterior Fafá Maria ,sem verbete localizado
PA,pa-gov-araceli,Araceli Lemos,8,"Araceli Maria Pereira Lemos (Inhangapi, 29 de maio de 1958) é uma historiadora, professora e política brasileira. Filiada ao Partido Sociali",aceito
PA,pa-gov-dr-daniel,Daniel Santos (político),8," Nota: Não confundir com Daniel Santos (músico). Daniel Barbosa Santos (Açailândia, 25 de agosto de 1986), conhecido como Dr. Daniel Santos,",aceito
PA,pa-gov-jose-moita,Eleições estaduais no Pará em 2026,3,Cópia arquivada em 7 de agosto de 2026  «Democrata lança José Moita como candidato ao governo do Pará». g1. 5 de agosto de 2026. Consultado ,sem verbete localizado
PA,pa-gov-hana-ghassan,Hana Ghassan,9,"Hana Ghassan Tuma (nascida Hana Sampaio Ghassan; Belém, 16 de janeiro de 1968) é uma servidora pública, contabilista e política brasileira, ",aceito
PA,pa-gov-gal-leite,Eleições estaduais no Pará em 2026,3,do Pará». Ver-o-Fato. 4 de agosto de 2026. Consultado em 4 de agosto de 2026  «Eleições: UP anuncia Gal Leite como pré-candidata ao governo ,sem verbete localizado
PA,pa-gov-well-macedo,Eleições estaduais no Pará em 2026,3,2026). «PSTU troca candidato ao governo do Pará após restrição eleitoral e lança Well Macêdo». Estado do Pará Online. Consultado em 14 de ag,sem verbete localizado
PB,pb-gov-efraim-filho,Efraim Filho,7,"Efraim de Araújo Morais Filho (João Pessoa, 18 de março de 1979) é um advogado e político brasileiro, filiado ao Partido Liberal (PL). Nas e",aceito
PB,pb-gov-yuri-ezequiel,Eleições estaduais na Paraíba em 2026,3," Jornal da Paraíba. 16 de julho de 2026. Consultado em 6 de agosto de 2026  «Yuri Ezequiel (UP) diz que, se eleito governador da Paraíba, va",sem verbete localizado
PB,pb-gov-cicero-lucena,Cícero Lucena,9,"Cícero Lucena Filho GOMM (São José de Piranhas, 5 de agosto de 1957) é um político brasileiro atualmente filiado ao Movimento Democrático Br",aceito
PB,pb-gov-lucas-ribeiro,Lucas Ribeiro (político),9,"Lucas Ribeiro Novais de Araújo (João Pessoa, 15 de agosto de 1989) é um advogado e político brasileiro filiado ao Progressistas. É o atual g",aceito
PB,pb-gov-pedro-coutinho,Ricardo Coutinho,4,"Ricardo Vieira Coutinho (João Pessoa, 18 de novembro de 1960) é um político brasileiro, filiado ao Partido dos Trabalhadores (PT). Foi verea",sem verbete localizado
PB,pb-gov-camilo-duarte,Eleições estaduais na Paraíba em 2026,3,arquivada em 23 de julho de 2026  «Camilo Duarte confirma pré-candidatura ao Governo da Paraíba pelo PCO». Jornal da Paraíba. 23 de julho de,sem verbete localizado
PE,pe-gov-guilherme-fonseca,Hermes da Fonseca,4,"Fonseca (desambiguação). Hermes Rodrigues da Fonseca (São Gabriel, 12 de maio de 1855 – Petrópolis, 9 de setembro de 1923) foi um militar e ",sem verbete localizado
PE,pe-gov-raquel-lyra,Raquel Lyra,9,"Raquel Teixeira Lyra Lucena (Recife, 2 de dezembro de 1978) é uma advogada e política brasileira filiada ao Partido Social Democrático (PSD)",aceito
PE,pe-gov-joao-campos,João Henrique Campos,8,"este artigo. Para outros significados, veja João Campos. João Henrique de Andrade Lima Campos (Recife, 26 de novembro de 1993) é um engenhei",aceito
PE,pe-gov-professora-camila,Eleições estaduais em Pernambuco em 2026,3,"eleições estaduais em Pernambuco seguem o calendário delas: Raquel Lyra (à época do PSDB), foi eleita como a nova governadora de Pernambuco ",sem verbete localizado
PE,pe-gov-ivan-moraes,Roberto Freire (político),3,"Roberto começou a militar na política em 1962, quando era estudante da Faculdade de Direito da Universidade Federal de Pernambuco (UFPE). At",sem verbete localizado
PE,pe-gov-renan,Renan Filho,7,"José Renan Vasconcelos Calheiros Filho (Murici, 8 de outubro de 1979) é um economista e político brasileiro, filiado ao Movimento Democrátic",aceito
PE,pe-gov-professor-jeremias-do-banco,Campina Grande,3,"Sertão. No fim do século XVIII, a Coroa pretendia criar novas vilas na província. Nesta época, a província da Paraíba era sujeita à de Perna",sem verbete localizado
PE,pe-gov-victor-assis,Machado de Assis,4,"Machado de Assis. São Paulo: Ática, 1982. Bosi, Alfredo. Machado de Assis: O Enigma do Olhar. São Paulo: Ática, 1999. ---. O teatro político",sem verbete localizado
PI,pi-gov-rafael-fonteles,Rafael Fonteles,9,"Rafael Tajra Fonteles (Teresina, 6 de Maio de 1985) é um matemático, professor, empresário e político brasileiro, filiado ao Partido dos Tra",aceito
PI,pi-gov-geraldo-carvalho,Pesquisas eleitorais para a eleição estadual de 2026 no Piauí,3,"realizadas no Piauí em 2026 apresentaram um dos maiores volumes entre os estados brasileiros. Em 16 de julho, o Tribunal Regional Eleitoral ",sem verbete localizado
PI,pi-gov-joel-rodrigues,Joel Rodrigues,9,"Joel Rodrigues da Silva (Floriano, 9 de dezembro de 1969), mais conhecido como Joel Rodrigues, é um político brasileiro, filiado ao Progress",aceito
PI,pi-gov-dra-lucia-santos,Eleições estaduais no Piauí em 2026,3,Vitória (2 de agosto de 2026). «PSDB-Cidadania lança Lúcia Santos como candidata ao governo do Piauí». g1. Consultado em 4 de agosto de 2026,sem verbete localizado
PI,pi-gov-ravenna-da-inclusao,Eleições estaduais no Piauí em 2026,3,Caroline (29 de julho de 2026). «Democrata lança Ravenna Castro como candidata ao governo do Piauí». g1. Consultado em 4 de agosto de 2026. ,sem verbete localizado
PI,pi-gov-professor-jurity,Eleições estaduais no Piauí em 2026,3, Sthefany (27 de julho de 2026). «DC lança Francisco Jurity como candidato ao governo do Piauí». g1. Consultado em 4 de agosto de 2026. Cópi,sem verbete localizado
PI,pi-gov-elizeu-aguiar,Elizeu Aguiar,10,"Elizeu Morais de Aguiar mais conhecido como Elizeu Aguiar (Piauí, 28 de maio de 1966) é um empresário e político brasileiro filiado ao NOVO.",aceito
PI,pi-gov-professor-gisvaldo,Eleições estaduais no Piauí em 2026,3,Caroline (31 de julho de 2026). «PSOL-Rede lança Gisvaldo Oliveira como candidato ao governo do Piauí». g1. Consultado em 4 de agosto de 202,sem verbete localizado
PI,pi-gov-santiago-belizario,Eleições estaduais no Piauí em 2026,3, Caroline (1 de agosto de 2026). «UP lança Santiago Belizário como candidato ao governo do Piauí». g1. Consultado em 4 de agosto de 2026. Có,sem verbete localizado
PI,pi-gov-gustavo-pelo-piaui,Eleições estaduais no Piauí em 2026,4,"Verde iniciou o ciclo de sabatinas no Jornal do Piauí, no dia de 06 de agosto. A TV Antena 10/Record Piauí também realiza entrevistas com ca",sem verbete localizado
PI,pi-gov-lourdes-melo,Lourdes Melo,9,"Maria de Lourdes Soares Melo (Pedreiras, 12 de junho de 1953), mais conhecida como Lourdes Melo, é uma professora e política brasileira, fil",aceito
PR,pr-gov-sergio-moro,Sergio Moro,9,"Sergio Fernando Moro GCRB • GOMM • DMJM (Maringá, 1 de agosto de 1972) é um jurista, ex-magistrado, professor universitário e político brasi",aceito
PR,pr-gov-doutor-alexandre-salomao,Sergio Moro,3,professor universitário e político brasileiro filiado ao Partido Liberal (PL). É senador da República pelo estado do Paraná desde 2023. Foi ,sem verbete localizado
PR,pr-gov-requiao-filho,Requião Filho,6,"Maurício Thadeu de Mello e Silva, mais conhecido como Requião Filho (Curitiba, 24 de outubro de 1979), é um advogado e político brasileiro, ",aceito
PR,pr-gov-samuel-de-mattos,Eleições estaduais no Paraná em 2026,3,"eleições estaduais no Paraná em 2026 ocorrerão inicialmente em turno único, a ser realizado em 4 de outubro do referido ano, com objetivo de",sem verbete localizado
PR,pr-gov-sandro-alex,Sandro Alex,9,"Sandro Alex Cruz de Oliveira, mais conhecido como Sandro Alex (Ponta Grossa, 25 de novembro de 1972), é um radialista, advogado e político b",aceito
PR,pr-gov-tayna-miessa,Eleições estaduais no Paraná em 2026,3,arquivada em 1 de agosto de 2026  «UP lança candidatura de Tayná Miessa ao governo do Paraná». G1. 31 de julho de 2026. Consultado em 4 de a,sem verbete localizado
PR,pr-gov-luiz-franca,Eleições estaduais no Paraná em 2026,3,em 4 de agosto de 2026  «Missão confirma pré-candidatura de Luiz França ao Governo do Paraná». g1. 4 de maio de 2026. Consultado em 17 de ma,sem verbete localizado
PR,pr-gov-adriano-funileiro,Adriano Félix Teixeira,3,de 2016  «Efetivação de Adriano Teixeira não está descartada no Santa Cruz»  «Santa Cruz dispensa auxiliar Adriano Teixeira e jogadores Lean,sem verbete localizado
RJ,rj-gov-william-siri,Eleições estaduais no Rio de Janeiro em 2026,3,Partido Isolado Sem tempo no horário eleitoral 50 William Siri William Carlos Brum Bispo PSOL Fed. PSOL REDE Vereador do Rio de Janeiro (202,sem verbete localizado
RJ,rj-gov-andre-marinho,André Marinho (humorista),10,"André Bourguignon Marinho (Rio de Janeiro, 10 de agosto de 1994) é um comunicador, apresentador, radialista, humorista, youtuber e escritor ",aceito
RJ,rj-gov-cyro-garcia,Cyro Garcia,9,"Cyro Garcia (Manhumirim, 26 de outubro de 1954) é um ex-bancário, historiador, professor, militante socialista e político brasileiro. Formou",aceito
RJ,rj-gov-douglas-ruas,Douglas Ruas,9,"Douglas Ruas dos Santos (São Gonçalo, 17 de janeiro de 1989) é um policial civil e político brasileiro, filiado ao Partido Liberal (PL). É d",aceito
RJ,rj-gov-eduardo-paes,Eduardo Paes,10,"Eduardo da Costa Paes (Rio de Janeiro, 14 de novembro de 1969) é um bacharel em direito e político brasileiro, filiado ao Partido Social Dem",aceito
RJ,rj-gov-coronel-busnello,Partido Missão,3,"governo do Rio de Janeiro, o partido lançou o Coronel do BOPE João Jacques Soares Busnello. Até abril de 2026, o partido havia confirmado pr",sem verbete localizado
RJ,rj-gov-juliete,Eleições estaduais no Rio de Janeiro em 2026,2,(PSDB e Cidadania) e DC) 4 minutos e 50 segundos 80 Juliete Pantoja Juliete Pantoja Alves UP Sem cargo político anterior Bia Martins Meiby J,sem verbete localizado
RJ,rj-gov-garotinho,Anthony Garotinho,6,"Se procura por outros significados, veja Garotinho. Anthony William Garotinho Matheus de Oliveira (Campos dos Goytacazes, 18 de abril de 196",aceito
RJ,rj-gov-luan-monteiro,Nilza Monteiro,4,"apresentou o programa de turismo &quot;Viajando com Nilza Monteiro&quot;. Foi casada com o engenheiro Gilberto Monteiro, seu primeiro namora",sem verbete localizado
RN,rn-gov-cadu-de-lula,Carlos Marun,3,"Carlos Eduardo Xavier Marun (Porto Alegre, 21 de novembro de 1960) é um advogado, engenheiro civil e político brasileiro, filiado ao Movimen",sem verbete localizado
RN,rn-gov-alvaro-dias,Álvaro Dias (atleta),9,"ex-governador do Paraná, veja Alvaro Dias. Para o político potiguar, veja Álvaro Costa Dias. Álvaro Dias (14 de janeiro de 1923 – 24 de feve",aceito
RN,rn-gov-allyson,Allyson Bezerra,8,"Allyson Leandro Bezerra Silva (Mossoró, 12 de maio de 1992) é um engenheiro civil, sindicalista, funcionário público e político brasileiro, ",aceito
RN,rn-gov-dario-barbosa,Eleição municipal de Natal em 1996,2,Candidato(a) a vice-prefeito Coligação 16 Dário Barbosa (PSTU) Dário Barbosa de Melo Hugo Góes (PSTU) Hugo Góes Partido não coligado Partido,sem verbete localizado
RN,rn-gov-rodrigo-bolsonaro,Rodrigo Pacheco,4,"Rodrigo Otávio Soares Pacheco GCMI • GCRB (Porto Velho, 3 de novembro de 1976) é um advogado e político brasileiro, filiado ao Partido Socia",sem verbete localizado
RN,rn-gov-professor-roberio-paulino,Eleição municipal de Natal em 2012,2,Tribunal Superior Eleitoral. «Detalhes do registro de candidatura: Robério Paulino Rodrigues». Divulgacand2012.tse.jus.br. Consultado em 7 d,sem verbete localizado
RN,rn-gov-arinalda-do-mlb,Eleições estaduais no Rio Grande do Norte em 2026,2,político anterior Fed. PSOL REDE (PSOL e REDE) 80 Arinalda do MLB Arinalda Vasconcelos de Medeiros UP Sem cargo político anterior Francisco ,sem verbete localizado
RN,rn-gov-carlos-jararaca,São Carlos (São Paulo),4,"significativos incluem a Avenida Doutor Carlos Botelho – Homenagem a Carlos Botelho, importante médico e político brasileiro que foi uma fig",sem verbete localizado
RN,rn-gov-henrique-lyra,Henrique Eduardo Alves,4,"Henrique Eduardo Lyra Alves (Rio de Janeiro, 9 de dezembro de 1948) é um empresário, advogado, político brasileiro, ex-ministro do Turismo n",sem verbete localizado
RO,ro-gov-adailton-furia,Adaílton Fúria,8,"deputado estadual. Nascido em 24 de setembro de 1986, em Cacoal, Adailton Antunes Ferreira iniciou suas atividades como promotor de eventos ",aceito
RO,ro-gov-marcos-rogerio,Marcos Rogério,9,"Marcos Rogério da Silva Brito (Ji-Paraná, 7 de julho de 1978) é um jornalista, radialista e político brasileiro, filiado ao Partido Liberal ",aceito
RO,ro-gov-expedito-netto,Expedito Netto,9,"Expedito Gonçalves Ferreira Netto (Porto Velho, 5 de outubro de 1988) é um bacharel em direito, empresário e político brasileiro, filiado ao",aceito
RO,ro-gov-hildon-chaves,Eleições estaduais em Rondônia em 2026,3,"Juntos por Rondônia (PL, PODE, NOVO e MOBILIZA) 44 Hildon Chaves Hildon de Lima Chaves UNIÃO UPB Prefeito de Porto Velho (2017–2024). Cirone",sem verbete localizado
RO,ro-gov-samuel-costa,Samuel Araújo,5,"de Marcos Rogério, tornou-se senador por Rondônia por 120 dias após licença do titular. «Senador Dr. Samuel Araújo». Senado Federal. Consult",sem verbete localizado
RO,ro-gov-pedro-abib,Eleições estaduais em Rondônia em 2026,3,governo de Rondônia». g1. 25 de julho de 2026. Consultado em 27 de julho de 2026. Cópia arquivada em 26 de julho de 2026  «MDB lança Pedro A,sem verbete localizado
RR,rr-gov-arthur-henrique,Arthur Henrique,9,"Arthur Henrique Brandão Machado (Boa Vista, 19 de agosto de 1981), mais conhecido como Arthur Henrique, é um servidor público e político bra",aceito
RR,rr-gov-farah-mesquita,Eleição suplementar para governador de Roraima em 2026,3,arquivada em 17 de maio de 2026  «Federação Solidariedade e PRD oficializa Farah Mesquita como candidato ao governo de Roraima». G1. 19 de m,sem verbete localizado
RR,rr-gov-soldado-sampaio,Soldado Sampaio,8,"Francisco dos Santos Sampaio, mais conhecido como Soldado Sampaio (Pedreiras, 12 de maio de 1976) é um policial militar e político brasileir",aceito
RR,rr-gov-rosi-aires,Eleições estaduais em Roraima em 2026,2,Sem cargo político anterior Partido Isolado 50 Rosi Aires Rosimayre Patrícia Aires da Silva PSOL Fed. PSOL REDE Sem cargo político anterior ,sem verbete localizado
RR,rr-gov-clebio-genuino,Eleições estaduais em Roraima em 2026,3,(2019–2023). Unidos Por Roraima (PL e NOVO) 29 Clébio Genuíno José Clébio Genuíno do Nascimento PCO Sem cargo político anterior Gregório Per,sem verbete localizado
RS,rs-gov-priscila-voigt,Eleições estaduais no Rio Grande do Sul em 2026,2,2007–2011). Fed. PSDB Cidadania (PSDB e Cidadania) 80 Priscila Voigt Priscila Voigt Severiano UP Sem cargo político anterior Naf Nascimento ,sem verbete localizado
RS,rs-gov-marcelo-maranata,Eleições estaduais no Rio Grande do Sul em 2026,2,ao Senado após aceitar a candidatura de vice-governador na chapa de Marcelo Maranata (PSDB) ao Palácio Piratini; Aroldo Medina (MISSÃO) – Re,sem verbete localizado
RS,rs-gov-rejane-de-oliveira,Eleições estaduais no Rio Grande do Sul em 2026,2,Renovação Solidária (PRD e Solidariedade)) 16 Rejane de Oliveira Rejane Silva de Oliveira PSTU Sem cargo político anterior Adão Lima Adão Al,sem verbete localizado
RS,rs-gov-gabriel-souza,Gabriel Souza,9,"Gabriel Vieira de Souza (Tramandaí, 2 de janeiro de 1984) é um médico veterinário e político brasileiro, filiado no Movimento Democrático Br",aceito
RS,rs-gov-zucco,Delegado Zucco,7,"Frente Parlamentar das Guardas Municipais. Rodrigo Zucco é irmão de Luciano Lorenzini Zucco, conhecido como Tenente-Coronel Zucco, deputado ",aceito
RS,rs-gov-juliana-brizola,Juliana Brizola,9,"se elegeu governador do Estado, transferindo a sua família para lá. Juliana Brizola é formada em Direito pela Universidade Santa Úrsula, no ",aceito
RS,rs-gov-cesar-pontes,Júlio César,4,"troca do seu apoio político em oposição a algumas políticas do general Pompeu, Crasso pagou uma parte da dívida de César e agiu como fiador ",sem verbete localizado
SC,sc-gov-jorginho-mello,Jorginho Mello,9,"Jorginho dos Santos Mello • GOMA (Ibicaré, 15 de julho de 1956) é um político brasileiro filiado ao Partido Liberal (PL), sendo desde 2023 o",aceito
SC,sc-gov-professor-marcus-sodre,Eleições estaduais em Santa Catarina em 2026,2,cargo político anterior Partido Isolado 16 Professor Marcus Sodré Marcus Alexandre Sodré PSTU Sem cargo político anterior Professora Taty Ta,sem verbete localizado
SC,sc-gov-marcelo-brigadeiro,Eleições estaduais em Santa Catarina em 2026,2,Partido Federação Cargos relevantes 14 Marcelo Brigadeiro Marcelo Marcel Franco José da Silva MISSÃO Sem cargo político anterior Coronel Rod,sem verbete localizado
SC,sc-gov-gelson-merisio,Gelson Merisio,9,"Gelson Luiz Merisio (Xaxim, 31 de janeiro de 1966) é um administrador de empresas e político brasileiro, filiado ao Partido Socialista Brasi",aceito
SC,sc-gov-lais-chaud,Eleições estaduais em Santa Catarina em 2026,2,"Catarina Acima de Tudo (PSD, MDB e UPB (UNIÃO e PP)) 80 Laís Chaud Laís Paganelli Chaud UP Sem cargo político anterior Nathália Melo Natháli",sem verbete localizado
SC,sc-gov-joao-rodrigues,João Rodrigues Chaves,6,"João Rodrigues Chaves (1830 — 1902) foi um político brasileiro. Bacharel pela Faculdade de Direito do Recife em 1853, foi nomeado presidente",rejeitado: título sem token distintivo do nome
SC,sc-gov-ralf-zimmer,Eleições estaduais em Santa Catarina em 2026,2,"Cidadania (PSDB e Cidadania), DC, Agir e Avante) 25 Ralf Zimmer Ralf Guimarães Zimmer Junior PRD Fed. Renovação Solidária Sem cargo político",sem verbete localizado
SC,sc-gov-bruno-pedreiro-do-pco,Eleições estaduais em Santa Catarina em 2026,2,Renovação Solidária (PRD e Solidariedade) 29 Bruno Pedreiro do PCO Brunno Andrade Dias PCO Sem cargo político anterior Flávio Amaral Flávio ,sem verbete localizado
SE,se-gov-valmir-de-francisquinho,Ícaro de Valmir,5,"É filho de Valmir de Francisquinho (PL), atual prefeito de Itabaiana por 3 mandatos (2013–2020) (2025–2028) e candidato ao governo do Sergip",sem verbete localizado
SE,se-gov-fabio,Fábio Mitidieri,8,"Fábio Cruz Mitidieri (Aracaju, 24 de fevereiro de 1977) é um empresário e político brasileiro, filiado ao Partido Social Democrático (PSD). ",aceito
SE,se-gov-dr-helton,Eleições estaduais em Sergipe em 2026,3,de agosto de 2026  «Federação PSOL-Rede lança Dr. Helton Monteiro como candidato ao governo de Sergipe». G1. 3 de agosto de 2026. Consultado,sem verbete localizado
SE,se-gov-ricardo-marques,Eleições estaduais em Sergipe em 2026,3,2026. Cópia arquivada em 5 de maio de 2026  «Ricardo Marques confirma pré-candidatura ao governo de Sergipe». g1. 6 de abril de 2026. Consul,sem verbete localizado
SE,se-gov-taty-cristina-de-jesus,Eleições estaduais em Sergipe em 2026,2,"Fé e Coragem para Mudar (PL, PODE e NOVO) 27 Taty Cristina Tatiana Cristina Santos de Jesus DC Sem cargo político anterior Simeão Barbosa Si",sem verbete localizado
SE,se-gov-emanuel-cacho,Eleições estaduais em Sergipe em 2026,3,Sem cargo político anterior Partido Isolado 45 Emanoel Cacho Emanuel Messias Oliveira Cacho PSDB Fed. PSDB Cidadania Secretário Estadual de ,sem verbete localizado
SP,sp-gov-vera-lucia,Vera Lúcia (política),9,"Vera Lúcia Pereira da Silva Salgado (Inajá, 12 de setembro de 1967) é uma política brasileira, filiada ao Partido Socialista dos Trabalhador",aceito
SP,sp-gov-tarcisio,Tarcísio de Freitas,8,"Tarcísio Gomes de Freitas (Rio de Janeiro, 19 de junho de 1975) é um engenheiro, ex-militar e político brasileiro, filiado ao Republicanos e",aceito
SP,sp-gov-vivian-mendes,Eleições estaduais em São Paulo em 2026,2,Partido Isolado Sem direito ao horário eleitoral 80 Vivian Mendes Vivian Mendes da Silva UP Sem cargo político anterior Cris Damasio Maria C,sem verbete localizado
SP,sp-gov-policial-edjane,Eleições estaduais em Pernambuco em 2026,2,"Secretária de Educação e Anselmo de Araújo Lima como Secretario Executivo de Justiça e Promoção dos Direitos do Consumidor. Porém, no primei",sem verbete localizado
SP,sp-gov-fernando-haddad,Fernando Haddad,10,"Fernando Haddad GCRB • GCMD • GOMM (São Paulo, 25 de janeiro de 1963) é um professor universitário, advogado e político brasileiro, filiado ",aceito
SP,sp-gov-carlos-machado,Carlos Alberto Machado,8,"Carlos Alberto Machado (Lisboa, 18 de Novembro de 1954) é um escritor, actor e produtor português. É Licenciado em Antropologia pela FCSH/ U",aceito
SP,sp-gov-izadora-dias,Eleições estaduais em São Paulo em 2026,2,Partido Isolado Sem direito ao horário eleitoral 29 Izadora Dias Izadora Cristina Dias da Silva PCO Sem cargo político anterior Nivaldo Orla,sem verbete localizado
TO,to-gov-prof-witer-naves,Eleições estaduais no Tocantins em 2026,3,maio de 2026. Cópia arquivada em 17 de maio de 2026  «PSOL-REDE lança Witer Naves como candidato ao governo do Tocantins». g1. 20 de julho d,sem verbete localizado
TO,to-gov-laurez-moreira,Laurez Moreira,9,"Laurez da Rocha Moreira (Dueré, 3 de julho de 1957) é um advogado e político brasileiro, filiado ao Partido Social Democrático. Foi vereador",aceito
TO,to-gov-vicentinho-junior,Vicentinho Júnior,6,"Vicente Alves de Oliveira Júnior, mais conhecido como Vicentinho Júnior (Goiânia, 11 de abril de 1985) é um empresário e político brasileiro",aceito
TO,to-gov-professora-dorinha,Dorinha Rezende,7,"Maria Auxiliadora Seabra Rezende (Goiânia, 1º de outubro de 1964), mais conhecida como Professora Dorinha, é uma professora universitária e ",aceito
TO,to-gov-subtenente-luiz-carlos,Eleições estaduais no Tocantins em 2026,2,político anterior Partido Isolado 35 Subtenente Luiz Carlos Luiz Carlos Ferreira da Silva DEMOCRATA Nenhum cargo anterior Jair Medeiros Jair,sem verbete localizado
TO,to-gov-ataides-de-oliveira,Ataídes Oliveira,9,"brasileiro. Se procura o historiador português, veja Ataíde Oliveira. Ataídes de Oliveira (Estrela do Norte, 18 de dezembro de 1959) é um em",aceito
TO,to-gov-du-pereira,Pesquisas eleitorais para a eleição estadual de 2026 no Tocantins,3,"de pesquisas eleitorais para a eleição estadual de 2026 no estado de Tocantins. Desde as eleições de 2022, empresas de pesquisa de opinião p",sem verbete localizado
AC,ac-sen-dr-junior-feitosa,Eleições estaduais no Acre em 2026,3,do Acre». g1. Consultado em 6 de agosto de 2026. Cópia arquivada em 1 de agosto de 2026  «Agir lança Dr. Luisinho como candidato ao governo ,sem verbete localizado
AC,ac-sen-eduardo-velloso,Eduardo Velloso,9,"Eduardo Ovídio Borges De Velloso Vianna mais conhecido como Dr. Eduardo Velloso (Rio Branco, 8 de julho de 1976) é um político brasileiro fi",aceito
AC,ac-sen-gladson-cameli,Gladson Cameli,9,"Gladson de Lima Camelí (Cruzeiro do Sul, 26 de março de 1978) é um engenheiro, empresário e político brasileiro, filiado ao Progressistas (P",aceito
AC,ac-sen-jorge-viana,Jorge Viana,9,"político baiano, homônimo deste, veja Jorge Viana Dias da Silva. Jorge Ney Viana Macedo Neves GOMM (Rio Branco, 20 de setembro de 1959) é um",aceito
AC,ac-sen-mara-rocha,Mara Rocha,8,"Cylmara Fernandes da Rocha Gripp, mais conhecida como Mara Rocha (Rio Branco, 4 de setembro de 1973) é uma empresária e política brasileira,",aceito
AC,ac-sen-marcio-bittar,Márcio Bittar,10,"Márcio Miguel Bittar (Franca, 28 de junho de 1963) é um pecuarista e político brasileiro, filiado ao Partido Liberal (PL), com atuação polít",aceito
AC,ac-sen-petecao,Sérgio Petecão,7,"Sérgio de Oliveira Cunha, mais conhecido por Sérgio Petecão (Rio Branco, 20 de abril de 1960), é um político brasileiro, filiado ao Partido ",aceito
AC,ac-sen-professor-inacio-moreira,Marina Silva,3,"historiadora, professora, psicopedagoga, ambientalista e política brasileira, filiada à Rede Sustentabilidade (REDE). Foi senadora pelo Acre",sem verbete localizado
AL,al-sen-alexandre-fleming,Eleição municipal em Maceió em 2012,2,"Maceió (PSDB, PP, PSL , PTN, PSC e PR) 50 Alexandre Fleming Alexandre Fleming Vasques Bastos PSOL Sem cargo político anterior Sandra Dias Sa",sem verbete localizado
AL,al-sen-arthur-lira,Arthur Lira,9,"Arthur César Pereira de Lira (Maceió, 25 de junho de 1969) é um advogado, agropecuarista, empresário e político brasileiro, filiado ao Progr",aceito
AL,al-sen-davi-davino-filho,Davi Davino Filho,9,"David Cabral Davino Filho é um político brasileiro, filiado ao Republicanos, é ex-deputado estadual por Alagoas. Nascido em 1º de outubro de",aceito
AL,al-sen-dr-wanderley,José Wanderley Neto,8,"José Wanderley Neto (Cacimbinhas, 8 de junho de 1949), é um médico cirurgião cardiologista e político brasileiro, filiado ao Movimento Democ",aceito
AL,al-sen-mariedson,Eleições estaduais em Alagoas em 2026,2,"(MDB, FE Brasil (PT, PCdoB e PV), PSD, PSB e Agir) 355 Mariedson José Mariedson da Silva Democrata Sem cargo político anterior Adriana Nunes",sem verbete localizado
AL,al-sen-marina-jhc,Eleições estaduais em Alagoas em 2026,3,Caldas (PSDB) – Senadora por Alagoas (2022–2026). Retirou sua pré-candidatura para ser primeira suplente de Marina JHC (PSDB). Desde as elei,sem verbete localizado
AL,al-sen-renan,Renan Calheiros,8,"José Renan Vasconcelos Calheiros GOMM (Murici, 16 de setembro de 1955) é um advogado, escritor e político brasileiro. Filiado ao Movimento D",aceito
AP,ap-sen-acacio-favacho,Acácio Favacho,9,"Acácio da Silva Favacho Neto (Macapá, 28 de setembro de 1983) ou simplesmente Acácio Favacho é um advogado e político brasileiro, filiado ao",aceito
AP,ap-sen-alliny-serrao,Alliny Serrão,9,"Alliny Sousa da Rocha Serrão (Laranjal do Jari, 11 de fevereiro de 1985) uma política brasileira, filiada ao União Brasil (UNIÃO). Atualment",aceito
AP,ap-sen-capi,João Capiberibe,7,"João Alberto Rodrigues Capiberibe ou Capi (Afuá, 6 de maio de 1947) é um político brasileiro. Foi prefeito de Macapá, entre 1989 e 1992, gov",aceito
AP,ap-sen-helio-silva,Pesquisas eleitorais para a eleição estadual de 2026 no Amapá,3,"lista de pesquisas eleitorais para a eleição estadual de 2026 no estado do Amapá. Desde as eleições de 2022, empresas de pesquisa de opinião",sem verbete localizado
AP,ap-sen-juiza-jo,Dias Toffoli,3,condenado a ressarcir cofres do Amapá». Terra. Consultado em 17 de julho de 2019  «G1 &gt; Política - NOTÍCIAS - Juiz do Amapá suspende cond,sem verbete localizado
AP,ap-sen-lucas-barreto,Lucas Barreto,8,"Luiz Cantuária Barreto (Macapá, 10 de novembro de 1964), conhecido como Lucas Barreto, é um político brasileiro, filiado ao Partido Social D",aceito
AP,ap-sen-professor-uzian-pinto,Eleições estaduais no Amapá em 2026,3,"Transformar o Amapá (PSD, PL, PODE e NOVO) 272 Professor Uzian Pinto Uzian Pinto Machado DC Sem cargo político anterior Hélio Flávio (DC) Gi",sem verbete localizado
AP,ap-sen-randolfe,Randolfe Rodrigues,7,"Randolph Frederich Rodrigues Alves, mais conhecido como Randolfe Rodrigues (Garanhuns, 6 de novembro de 1972), é um professor e político bra",aceito
AP,ap-sen-rayssa-furlan,Antônio Furlan,4,"Antônio Paulo de Oliveira Furlan (San José, 9 de julho de 1973) é um médico e político brasileiro-costarriquenho filiado ao Partido Social D",sem verbete localizado
AM,am-sen-capitao-alberto-neto,Capitão Alberto Neto,7,"Alberto Barros Cavalcante Neto (Fortaleza, 5 de maio de 1982), mais conhecido como Capitão Alberto Neto é um policial militar e político bra",aceito
AM,am-sen-dailson-correa,Eleições estaduais no Amazonas em 2026,3,Mário Bastos (PL) Mudar é Urgente (PL e NOVO) 277 Dailson Corrêa Dailson de Queiroz Corrêa DC Vice-prefeito de Novo Airão (2005–2008). Isaía,sem verbete localizado
AM,am-sen-eduardo-braga,Eduardo Braga,9,ministérios». O Globo. Consultado em 20 de abril de 2016  «Carlos Eduardo de Souza Braga». Senado Federal. Consultado em 13 de setembro de 2,aceito
AM,am-sen-evandro-de-oliveira,José Melo de Oliveira,6,"José Melo de Oliveira (Ipixuna, 26 de setembro de 1946) é um economista e político brasileiro filiado ao PDT. É ex-governador cassado do Ama",rejeitado: título sem token distintivo do nome
AM,am-sen-ismael-munduruku,Maria Evany do Nascimento,3,"senadora pelo Amazonas em 2026». Nexo Jornal. Consultado em 17 de agosto de 2026  Duarte, Camila (14 de agosto de 2026). «Ismael Munduruku e",sem verbete localizado
AM,am-sen-plinio-valerio,Plínio Valério,9,"Francisco Plínio Valério Tomaz (Eirunepé, 31 de janeiro de 1955), mais conhecido como Plínio Valério, é um jornalista e político brasileiro,",aceito
AM,am-sen-professora-evany,Maria Evany do Nascimento,7,"Maria Evany do Nascimento (Manaus, 5 de agosto de 1974), conhecida publicamente como Professora Evany, é uma arte-educadora, pesquisadora, p",aceito
AM,am-sen-wilson-lima,Wilson Miranda Lima,10," Nota: Para o ex-governador do Distrito Federal, veja Wilson Lima. Wilson Miranda Lima (Santarém, 26 de junho de 1976) é um jornalista, polí",aceito
AM,am-sen-xuxa-do-amazonas,Gilberto Gil,2,"o primogênito de José Gil Moreira (1913–1991), médico formado pela Universidade da Bahia, e de Claudina Passos Gil Moreira (1914–2013), prof",sem verbete localizado
BA,ba-sen-angelo-coronel,Angelo Coronel,7,"Angelo Mário Coronel de Azevedo Martins (Coração de Maria, 3 de maio de 1958), conhecido como Angelo Coronel, é um engenheiro civil, empresá",aceito
BA,ba-sen-carlos-sodre,Antônio Carlos Magalhães,5,"empresário e político brasileiro, filiado ao Democratas (DEM), atual UNIÃO. Era imortal da Academia de Letras da Bahia. Foi governador da Ba",sem verbete localizado
BA,ba-sen-gregorio-gould,Eleições estaduais na Bahia em 2026,2,Jeovane Marúsia (PSOL) Fed. PSOL REDE (PSOL e REDE) 800 Gregório Gould Gregório Motta Gould UP Sem cargo político anterior Arlania Gonçalves,sem verbete localizado
BA,ba-sen-jaques-wagner,Jaques Wagner,9,"Jaques Wagner GCMD (Rio de Janeiro, 16 de março de 1951) é um político e ex-sindicalista brasileiro, filiado ao Partido dos Trabalhadores (P",aceito
BA,ba-sen-joao-roma,João Roma,9,"João Inácio Ribeiro Roma Neto (Recife, 17 de novembro de 1972) é um político brasileiro, filiado ao Partido Liberal (PL), do qual é o atual ",aceito
BA,ba-sen-marcelo-carvalho,Marcelo Ramos (futebolista),4," Nota: Não confundir com Marcelo Ramos Rodrigues, político amazonense Marcelo Silva Ramos (Salvador, 25 de junho de 1973) é um ex-futebolist",sem verbete localizado
BA,ba-sen-marcelo-millet,Eleições estaduais na Bahia em 2026,3,"arquivada em 28 de agosto de 2026  «Eleições 2026: quem é Marcelo Millet, candidato a senador (Bahia)». Jornal Extra de Alagoas. 15 de agost",sem verbete localizado
BA,ba-sen-marcelo-santtana,Eleições estaduais na Bahia em 2026,3,"lado de ACM Neto». Bahia Econômica. Consultado em 28 de agosto de 2026. Cópia arquivada em 28 de agosto de 2026  «Quem é Marcelo Santtana, c",sem verbete localizado
BA,ba-sen-professora-delliana,Eleições estaduais na Bahia em 2026,2,Lilian Cardoso (MOBILIZA) Partido Isolado 500 Delliana Ricelli Delliana Ricelli Ribeiro da Silva PSOL Fed. PSOL REDE Sem cargo político ante,sem verbete localizado
BA,ba-sen-rui-costa,Rui Costa (político),9,"outras pessoas com o mesmo nome, veja Rui Costa (desambiguação). Rui Costa dos Santos (Salvador, 18 de janeiro de 1963) é um economista e po",aceito
CE,ce-sen-alcides-fernandes,Alcides Fernandes,9,"Alcides Fernandes da Silva (Cariús, 01 de outubro de 1967) é um pastor e político brasileiro filiado ao Partido Liberal (PL). Foi eleito dep",aceito
CE,ce-sen-capitao-wagner,Capitão Wagner,8,"Wagner Sousa Gomes, também conhecido como Capitão Wagner, (São Paulo, 21 de janeiro de 1979) é um capitão da Reserva da Polícia Militar do E",aceito
CE,ce-sen-catarina-matos,Eleições estaduais no Ceará em 2026,3,"2026, as eleições estaduais no Ceará seguem o calendário delas: Elmano de Freitas (PT) foi eleito governador do Ceará ainda no primeiro turn",sem verbete localizado
CE,ce-sen-cid-gomes,Cid Gomes,9,"Cid Ferreira Gomes (Sobral, 27 de abril e 1963) é um engenheiro civil e político brasileiro filiado ao Partido Socialista Brasileiro (PSB). ",aceito
CE,ce-sen-guilherme-theophilo,Eleições estaduais no Ceará em 2026,3,"2026, as eleições estaduais no Ceará seguem o calendário delas: Elmano de Freitas (PT) foi eleito governador do Ceará ainda no primeiro turn",sem verbete localizado
CE,ce-sen-lino-alves,Eleições estaduais no Ceará em 2026,3,"2026, as eleições estaduais no Ceará seguem o calendário delas: Elmano de Freitas (PT) foi eleito governador do Ceará ainda no primeiro turn",sem verbete localizado
CE,ce-sen-luizianne,Luizianne Lins,8,"Luizianne de Oliveira Lins (Fortaleza, 18 de novembro de 1968) ou simplesmente Luizianne Lins é Doutora pela PUC-SP, jornalista, professora ",aceito
CE,ce-sen-reginaldo,Eleições estaduais no Ceará em 2026,3,"2026, as eleições estaduais no Ceará seguem o calendário delas: Elmano de Freitas (PT) foi eleito governador do Ceará ainda no primeiro turn",sem verbete localizado
DF,df-sen-avenir-rosa,Avenir Rosa,9,"Avenir Ângelo Rosa Filho (Pompeia, 20 de abril de 1952) é um político brasileiro, que teve atuação eleitoral pelo estado de Roraima. Filho d",aceito
DF,df-sen-bia-kicis,Bia Kicis,8,"partido. Bia Kicis também perdeu a vice-liderança do governo na Câmara após seu voto. Em 27 de novembro de 2020, a deputada federal Bia Kici",aceito
DF,df-sen-david-horn,Eleições distritais no Distrito Federal em 2026,2,"Republicanos, MDB, PL, Democrata, DC, PODE e MOBILIZA) 290 David Horn David Horn Pureza PCO Sem cargo político anterior Mauro Sousa (PCO) Ri",sem verbete localizado
DF,df-sen-erika-kokay,Erika Kokay,9,"Erika Jucá Kokay (Fortaleza, 15 de agosto de 1957) é uma bancária, psicóloga, sindicalista e política brasileira, filiada ao Partido dos Tra",aceito
DF,df-sen-guto-felicio-dos-santos,Eleições distritais no Distrito Federal em 2026,2,Santos (Agir) Partido Isolado 456 Guto Felício dos Santos Paulo Augusto Pimenta Felicio dos Santos PSDB Fed. PSDB Cidadania Sem cargo políti,sem verbete localizado
DF,df-sen-leila-do-volei,Leila Barros,8,"Leila Gomes de Barros Rêgo GCRB (Taguatinga, 30 de setembro de 1971) é uma política e esportista brasileira, filiada ao Partido Democrático ",aceito
DF,df-sen-marley,Eleições distritais no Distrito Federal em 2026,2,Eunice Santos (PSD) Dr. Antonio (PSD) Partido Isolado 700 Marley Marley Mendonça Alves Avante Sem cargo político anterior Diego Marques (Ava,sem verbete localizado
DF,df-sen-michelle-bolsonaro,Michelle Bolsonaro,7,"Michelle de Paula Firmo Reinaldo Bolsonaro GOMD • GOMJT • GCRB (Ceilândia, 22 de março de 1982) é a terceira e atual esposa de Jair Bolsonar",aceito
DF,df-sen-professor-guilherme-amorim,Eleições distritais no Distrito Federal em 2026,2,Silva (Avante) Partido Isolado 800 Professor Guilherme Amorim Guilherme de Amorim Lino UP Sem cargo político anterior Tadeu Toniatti (UP) Iv,sem verbete localizado
DF,df-sen-ronaldo-fonseca,Ronaldo Fonseca,9,"Ronaldo Fonseca de Souza (Volta Redonda, Rio de Janeiro, 4 de abril de 1959) é um advogado, político e pastor evangélico brasileiro, filiado",aceito
DF,df-sen-sebastiao-coelho,Eleições distritais no Distrito Federal em 2026,3,(PCO) Ricardo Machado (PCO) Partido Isolado 300 Sebastião Coelho Sebastião Coelho da Silva NOVO Desembargador do Tribunal de Justiça do Dist,sem verbete localizado
DF,df-sen-tiago,Tiago Mitraud,4,"Tiago Lima Mitraud de Castro Leite (Brasília, 15 de agosto de 1985) é um administrador e político brasileiro, filiado ao Partido Novo (NOVO)",sem verbete localizado
DF,df-sen-zanata,Eleições distritais no Distrito Federal em 2026,2,"PCdoB e PV), Fed. PSOL REDE (PSOL e REDE) e PDT) 161 Prof. Zanata Eduardo Rennó Zanata PSTU Sem cargo político anterior Edson da Silva (PSTU",sem verbete localizado
ES,es-sen-callegari,Wellington Callegari,8,"Wellington Callegari, (São Paulo, 14 de outubro de 1981) ou simplesmente Callegari é um historiador, professor e político brasileiro filiado",aceito
ES,es-sen-evair-de-melo,Evair de Melo,10,"Evair Vieira de Melo (Conceição do Castelo, Espírito Santo, 2 de abril de 1972) é um técnico em agronomia e político brasileiro, filiado ao ",aceito
ES,es-sen-fabiano-contarato,Fabiano Contarato,9,"Fabiano Contarato (Nova Venécia, 20 de junho de 1966) é um professor de direito, delegado da Polícia Civil e político brasileiro, filiado ao",aceito
ES,es-sen-leonardo-monjardim,Eleições estaduais no Espírito Santo em 2026,2,Rodrigo Rodrigues (PRTB) Partido Isolado 300 Leonardo Monjardim Leonardo Passos Monjardim NOVO Vereador de São Mateus (2025–2026). Kítia Per,sem verbete localizado
ES,es-sen-maguinha-malta,Eleições estaduais no Espírito Santo em 2026,2,"Cidadania (PSDB e Cidadania), PDT, Agir e MOBILIZA) 222 Maguinha Malta Magda Santos Malta PL Sem cargo político anterior Cabo Cassotto (PL) ",sem verbete localizado
ES,es-sen-marcos-do-val,Marcos do Val,9,"Marcos Ribeiro do Val GORB • GOMA • GOMD (Vitória, 15 de junho de 1971) é um instrutor, consultor, palestrante, político e ex-militar brasil",aceito
ES,es-sen-professor-fabian,Eleições estaduais no Espírito Santo em 2026,2,"(PSDB e Cidadania), PDT, Agir e MOBILIZA) 500 Professor Fabian Carlos Fabian de Carvalho PSOL Fed. PSOL REDE Sem cargo político anterior Ton",sem verbete localizado
ES,es-sen-renato-casagrande,Renato Casagrande,9,"José Renato Casagrande (Castelo, 3 de dezembro de 1960) é um engenheiro florestal, bacharel em direito, político brasileiro filiado ao Parti",aceito
ES,es-sen-rodney-miranda,Rodney Miranda,9,"Rodney Rocha Miranda (Brasília, 15 de setembro de 1964) é delegado aposentado da Polícia Federal e político brasileiro, filiado ao PRTB. É g",aceito
ES,es-sen-rose-de-freitas,Rose de Freitas,8,"Rosilda de Freitas (Caratinga, 23 de janeiro de 1949), é uma jornalista, radialista, professora, produtora rural e política brasileira, fili",aceito
ES,es-sen-sergio-meneguelli,Sérgio Meneguelli,9,"Sergio Meneguelli (Colatina, 1 de junho de 1956), é um Bacharel em Direito e Político brasileiro, filiado ao Partido Social Democrático (PSD",aceito
GO,go-sen-cintia-dias,Eleições estaduais em Goiás em 2026,3,agosto de 2026). «Cíntia Dias retira pré-candidatura ao governo e se volta para o Senado em coligação que apoia Lula». Diário de Goiás. Cons,sem verbete localizado
GO,go-sen-dr-zacharias-calil,Zacharias Calil,8,"Zacharias Calil Hamu (Goiânia, 5 de novembro de 1953) é um médico e político brasileiro, filiado ao Movimento Democrático Brasileiro (MDB). ",aceito
GO,go-sen-ernesto-roller,Ernesto Roller,9,"Ernesto Guimarães Roller (Formosa, 11 de novembro de 1969) é um advogado e político brasileiro filiado ao PSDB, que serviu como deputado est",aceito
GO,go-sen-gracinha-caiado,Gracinha Caiado,8,"Maria das Graças Landim de Carvalho Caiado (Feira de Santana, 30 de abril de 1959), mais conhecida como Gracinha Caiado, é uma advogada, pec",aceito
GO,go-sen-guilherme-darques,Eleições estaduais em Goiás em 2026,2,(PSD) Samir Hajjar (PSD) Partido Isolado 800 Guilherme Darques Guilherme Darques Alves de Paula UP Sem cargo político anterior Augusto Cardo,sem verbete localizado
GO,go-sen-gustavo-gayer,Gustavo Gayer,9,"Gustavo Gayer Machado de Araújo (Goiânia, 13 de abril de 1981) é um professor, empresário, político, youtuber e influenciador digital brasil",aceito
GO,go-sen-gustavo-mendanha,Gustavo Mendanha,9,"Gustavo Mendanha Melo (Aparecida de Goiânia, 7 de outubro de 1982) é um educador físico e político brasileiro filiado ao Partido Renovação D",aceito
GO,go-sen-isaura-lemos,Isaura Lemos,10,"Maria Isaura Lemos (Jundiaí, 22 de maio de 1954) é uma técnica em enfermagem e política brasileira, ex-deputada estadual em Goiás e filiada ",aceito
GO,go-sen-iure-castro,Eleições estaduais em Goiás em 2026,3,(NOVO) Téo Gomes (PL) Goiás Que Cresce (PL e NOVO) 234 Iure Castro Iure de Castro Silva Cidadania Fed. PSDB Cidadania Sem cargo político ant,sem verbete localizado
GO,go-sen-oseias-varao,Eleições estaduais em Goiás em 2026,3,Emerson Lima (PL) Goiás Que Cresce (PL e NOVO) 227 Oséias Varão Oséias Mendes Pereira Varão PL Vereador de Goiânia (2022–2026). Telêmaco Bra,sem verbete localizado
GO,go-sen-vanderlan-cardoso,Vanderlan Cardoso,9,"Vanderlan Vieira Cardoso (Iporá, 15 de novembro de 1962) é um empresário e político brasileiro, filiado ao Partido Social Democrático (PSD).",aceito
MA,ma-sen-cidonio-goncalves,Pesquisas eleitorais para a eleição estadual de 2026 no Maranhão,3,"uma lista de pesquisas eleitorais para a eleição estadual no estado do Maranhão. Desde as eleições de 2022, empresas de pesquisa de opinião ",sem verbete localizado
MA,ma-sen-dr-hilton-goncalo,Eleições estaduais no Maranhão em 2026,3,Transformar o Maranhão (PSD e NOVO) 38 segundos 333 Dr. Hilton Gonçalo Hilton Goncalo de Sousa MOBILIZA Prefeito de Santa Rita (2005–2012; 2,sem verbete localizado
MA,ma-sen-eliziane-gama,Eliziane Gama,9,"Eliziane Pereira Gama Melo (Monção, 27 de fevereiro de 1977) é uma jornalista e política brasileira, filiada ao Partido dos Trabalhadores. A",aceito
MA,ma-sen-enilton-rodrigues,Eleições estaduais no Maranhão em 2026,3,projeto político para disputar uma vaga ao Senado Federal. Enilton Rodrigues (PSOL) – Anunciou a desistência de sua pré-candidatura ao Gover,sem verbete localizado
MA,ma-sen-fufuca,André Fufuca,7,"André Luiz Carvalho Ribeiro (Santa Inês, 27 de agosto de 1989), mais conhecido como André Fufuca é um médico e político brasileiro, filiado ",aceito
MA,ma-sen-lahesio-bonfim,Lahesio Bonfim,7,"Lahesio Rodrigues do Bonfim, nasceu em Marcos Parente, no Piauí, formado em medicina pela Universidade Estadual do Piauí. Ele é servidor con",aceito
MA,ma-sen-raimundo-moreira,Carlos Brandão (político),3,"(Colinas, 2 de junho de 1958) é um empresário e político brasileiro. Atualmente é governador do estado do Maranhão, atualmente filiado ao Mo",sem verbete localizado
MA,ma-sen-roseana-sarney,Roseana Sarney,7,"utilizado oficialmente, por ser de batismo, sendo o nome grafado como &quot;Roseana Sarney Murad&quot;, utilizando-se do sobrenome de casame",aceito
MA,ma-sen-simplicio-araujo,Simplício Araújo,9,"José Simplício Alves de Araújo (Bacabal, 18 de abril de 1969) é um empresário e político brasileiro, filiado ao Democracia Cristã (DC). Este",aceito
MA,ma-sen-weverton-rocha,Weverton Rocha,10,"Weverton Rocha Marques de Sousa, mais conhecido como Weverton (Imperatriz, Maranhão, 8 de outubro de 1979) é um político brasileiro, filiado",aceito
MA,ma-sen-wilson-leite,Wilson Braga,4,"Wilson Leite Braga (Conceição, 18 de julho de 1931 — João Pessoa, 17 de maio de 2020) foi um advogado, empresário e político brasileiro. Exe",sem verbete localizado
MT,mt-sen-beny-godoy,Eleições estaduais em Mato Grosso em 2026,2,Guedes (Agir) Itioma Barros (Agir) Partido Isolado 365 Beny Godoy Benival Alves da Silva Agir Sem cargo político anterior Geraldo (Agir) Jac,sem verbete localizado
MT,mt-sen-coronel-darwin,Eleições estaduais em Mato Grosso em 2026,2,Fed. Renovação Solidária (PRD e Solidariedade) 351 Coronel Darwin Darwin Salgado Germano Democrata Sem cargo político anterior Ten. Célio (D,sem verbete localizado
MT,mt-sen-favaro,Carlos Fávaro,8,"Carlos Henrique Baqueta Fávaro (Bela Vista do Paraíso, 19 de outubro de 1969) é um agropecuarista e político brasileiro, filiado ao Partido ",aceito
MT,mt-sen-galvan,Eleições estaduais em Mato Grosso em 2022,2,Consultado em 26 de setembro de 2022  «Oficialização da candidatura de Antônio Galvan ao Senado Federal». Divulgação de Candidaturas e Conta,sem verbete localizado
MT,mt-sen-janaina-riva,Janaína Riva,9,"Janaína Greyce Riva Fagundes, mais conhecida como Janaína Riva (Juara, 27 de janeiro de 1989), é uma empresária e política brasileira, filia",aceito
MT,mt-sen-margareth-buzetti,Margareth Buzetti,8,"Margareth Gettert Busetti (Concórdia, 31 de outubro de 1959), também conhecida como Margareth Buzetti, é uma empresária e política brasileir",aceito
MT,mt-sen-mauro-mendes,Mauro Mendes,9,"Mauro Mendes Ferreira (Anápolis, 12 de abril de 1964) é um empresário, engenheiro eletricista e político brasileiro filiado ao União Brasil ",aceito
MT,mt-sen-pedro-taques,Pedro Taques,9,"Para outros significados, veja Pedro Taques (desambiguação). José Pedro Gonçalves Taques (Cuiabá, 15 de março de 1968) é um jurista, profess",aceito
MT,mt-sen-professor-nelson-ferreira,Nelson Jobim,4,"Nelson Azevedo Jobim (Santa Maria, RS, 12 de abril de 1946) é um professor, advogado, filósofo, jurista e político brasileiro. Foi president",sem verbete localizado
MT,mt-sen-ze-medeiros,José Medeiros (político),8,"José Antonio dos Santos Medeiros, ou simplesmente José Medeiros, (Caicó, 19 de março de 1970) é policial rodoviário federal, professor e pol",aceito
MS,ms-sen-beto-do-movimento,Lista de prefeitos dos municípios da Bahia eleitos em 1996,2,"Esta é a lista de prefeitos dos municípios da Bahia eleitos em 1996. Nas eleições municipais brasileiras de 1996, todos os municípios baiano",sem verbete localizado
MS,ms-sen-capitao-contar,Renan Contar,8,"Renan Barbosa Contar (Campinas, 25 de dezembro de 1983), também conhecido como Capitão Contar, é um militar reformado e político brasileiro,",aceito
MS,ms-sen-daniel-junior,Eleições estaduais em Mato Grosso do Sul em 2026,2,(NOVO) Italívio Neto (NOVO) Partido Isolado 365 Daniel Junior Daniel Rodrigues Junior Agir Sem cargo político anterior Alessandro Garcia (Ag,sem verbete localizado
MS,ms-sen-luiz-lemes,Eleições estaduais em Mato Grosso do Sul em 2026,2,Fed.Renovação Solidária (PRD e Solidariedade) 277 Luiz Lemos Luiz Antonio Lemes de Oliveira DC Sem cargo político anterior Roberto Patzlaff ,sem verbete localizado
MS,ms-sen-reinaldo-azambuja,Reinaldo Azambuja,9,"Reinaldo Azambuja Silva (Campo Grande, 13 de maio de 1963) é um fazendeiro e político brasileiro filiado ao Partido Liberal (PL). Foi o 11.º",aceito
MS,ms-sen-roberto-oshiro,Eleições estaduais em Mato Grosso do Sul em 2026,2,(PCO) Thiago Assad (PCO) Partido Isolado 300 Roberto Oshiro Roberto Tarashigue Oshiro Júnior NOVO Sem cargo político anterior Augusto da Sol,sem verbete localizado
MS,ms-sen-soraya,Soraya Thronicke,8,"Soraya Vieira Thronicke (Dourados, 1 de junho de 1973) é uma advogada e política brasileira, filiada ao Partido Socialista Brasileiro (PSB).",aceito
MS,ms-sen-valderi-garcia,Eleições estaduais em Mato Grosso do Sul em 2026,2,Roberto Patzlaff (DC) Aldeci Teixeira (DC) Partido Isolado 290 Valderi Garcia Valderi Garcia PCO Sem cargo político anterior Luciano Lemes (,sem verbete localizado
MS,ms-sen-valter-da-comagran,Eleições estaduais em Mato Grosso do Sul em 2026,2,Cidadania (PSDB e Cidadania) e Avante) 258 Valter da Comagran Valter Juvenal de Oliveira PRD Fed. Renovação Solidária Sem Cargo político ant,sem verbete localizado
MS,ms-sen-vander-loubet,Vander Loubet,9,"Vander Luiz dos Santos Loubet (Porto Murtinho, 22 de janeiro de 1964), mais conhecido apenas como Vander Loubet, é um político brasileiro, f",aceito
MG,mg-sen-aecio-neves,Aécio Neves,9,"Aécio Neves da Cunha (Belo Horizonte, 10 de março de 1960) é um economista e político brasileiro filiado ao Partido da Social Democracia Bra",aceito
MG,mg-sen-ana-luiza-do-mlb,Eleições estaduais em Minas Gerais em 2026,2,(UP) Edson Violante (UP) Partido Isolado 808 Ana Luiza do MLB Ana Luiza Cardoso de Macedo UP Sem cargo político anterior Sandro Alberto (UP),sem verbete localizado
MG,mg-sen-arcanjo-pimenta,Eleições estaduais em Minas Gerais em 2026,2,(MDB) Ivanise Castro (MDB) Partido Isolado 155 Arcanjo Pimenta Arcanjo Carlos Pimenta MDB Sem cargo político anterior Placidino Stábile (MDB,sem verbete localizado
MG,mg-sen-aurea-carolina,Áurea Carolina,9,"Áurea Carolina de Freitas e Silva (Tucuruí, 20 de novembro de 1983) é uma ativista e política brasileira. Foi eleita vereadora de Belo Horiz",aceito
MG,mg-sen-carlin-moura,Carlin Moura,8,"Carlos Magno de Moura Soares ou simplesmente Carlin Moura (Virgolândia, 29 de fevereiro de 1968) é um advogado, jornalista e político brasil",aceito
MG,mg-sen-carlos-viana,Carlos Viana,9,"Carlos Alberto Dias Viana (Braúnas, 22 de março de 1963) ou simplesmente Carlos Viana é um jornalista e político brasileiro filiado ao Parti",aceito
MG,mg-sen-domingos-savio,Domingos Savio (político),9,"Domingos Sávio Campos Resende (São Tiago, 25 de março de 1957) é um médico veterinário e político brasileiro, ex-PSDB, atualmente é filiado ",aceito
MG,mg-sen-fidelis-alcantara,Pedro Alcântara Cerqueira Leite,4,"deputado, desembargador e posteriormente presidente da província de Minas Gerais, de 26 de setembro de 1864 a 18 de dezembro de 1865. Recebe",sem verbete localizado
MG,mg-sen-jordano-metalurgico,Eleições estaduais em Minas Gerais em 2026,2,Nena Marquese (MDB) Partido Isolado 160 Jordano Metalúrgico Jordano Carvalho dos Santos PSTU Sem cargo político anterior Orlando Soares Paiv,sem verbete localizado
MG,mg-sen-juiz-ramon-moreira,Eleições estaduais em Minas Gerais em 2026,3,2026. Cópia arquivada em 28 de julho de 2026  «DC lança candidatura de Ramon Moreira ao Senado por Minas Gerais». G1. 4 de agosto de 2026. C,sem verbete localizado
MG,mg-sen-manoel-carvalho,Pesquisas eleitorais para a eleição estadual de 2026 em Minas Gerais,2,"de pesquisas eleitorais para a eleição estadual de 2026 no estado de Minas Gerais. Desde as eleições de 2022, empresas de pesquisa de opiniã",sem verbete localizado
MG,mg-sen-marcelo-aro,Marcelo Aro,9,"Marcelo Guilherme de Aro Ferreira (Belo Horizonte, 12 de junho de 1987) é um jornalista, advogado, mestre em direito constitucional e políti",aceito
MG,mg-sen-marco-antonio-superman,Antônio Moreira da Costa,7,"Antônio Moreira da Costa, primeiro e único barão de Paraúna (18 de junho de 1822 — Diamantina, 3 de junho de 1898), foi um nobre brasileiro.",aceito
MG,mg-sen-marilia-campos,Marília Campos,9,"Marília Aparecida Campos (Ouro Branco, 14 de setembro de 1961) é uma política e psicóloga brasileira filiada ao Partido dos Trabalhadores (P",aceito
MG,mg-sen-tiao-pessoa,Tião Maia,3,"empresário, proprietário rural e pecuarista brasileiro. Nasceu em Minas Gerais. Tião Maia ganhou fama ao gerir seus negócios a partir da cid",sem verbete localizado
MG,mg-sen-victoria-mello-vic,Eleição municipal em Juiz de Fora em 2016,2,"Agora (PMDB, PSDB, PV, PRB, PP, PPL e PTB) 16 Victoria Mello Vic Victoria de Fátima de Mello PSTU Sem cargo político anterior Carneiro José ",sem verbete localizado
PA,pa-sen-breno-guimaraes,Pesquisas eleitorais para a eleição estadual de 2026 no Pará,3,"Esta é uma lista de pesquisas eleitorais para a eleição estadual de 2026 no estado do Pará. Desde as eleições de 2022, empresas de pesquisa ",sem verbete localizado
PA,pa-sen-celso-sabino,Celso Sabino,9,"Celso Sabino de Oliveira (Belém, 29 de agosto de 1978) é um administrador, advogado e político brasileiro, atualmente filiado ao Partido Dem",aceito
PA,pa-sen-chicao,Chicão Melo,7,"Francisco das Chagas Silva Melo Filho (Cruzeiro do Sul, 19 de abril de 1961), também conhecido como Chicão, é um servidor público e político",aceito
PA,pa-sen-conti,Eleições estaduais no Pará em 2026,3,"Gizelle Freitas e Marcelino Conti, ambos do PSOL. Ana Júlia Carepa (PT) – Governadora do Pará (2007–2011). Foi cotada para ser a primeira su",sem verbete localizado
PA,pa-sen-coronel-jonildo,Eleições estaduais no Pará em 2026,3,Lívia Noronha (Solidariedade) e nem Coronel Jonildo (DC) na segunda vaga. Embora o partido faça parte da coligação &quot;O Pará é do Povo!&q,sem verbete localizado
PA,pa-sen-delegado-eder-mauro,Éder Mauro,9,"Éder Mauro Cardoso Barra (Belém, 14 de dezembro de 1960), também conhecido como Delegado Éder Mauro, é um delegado de polícia e político bra",aceito
PA,pa-sen-edlaine-rodrigues,Pesquisas eleitorais para a eleição estadual de 2026 no Pará,3,"Esta é uma lista de pesquisas eleitorais para a eleição estadual de 2026 no estado do Pará. Desde as eleições de 2022, empresas de pesquisa ",sem verbete localizado
PA,pa-sen-fernanda-lopes,Helder Barbalho,3,"1979) é um administrador e político brasileiro. Filiado ao Movimento Democrático Brasileiro (MDB), foi governador do estado do Pará por dois",sem verbete localizado
PA,pa-sen-gizelle-freitas,Eleições estaduais no Pará em 2026,3,pontodepauta (11 de junho de 2026). «Gizelle Freitas e Marcelino Conti compõem chapa do PSOL ao Senado no Pará». PONTO DE PAUTA - PARÁ. Cons,sem verbete localizado
PA,pa-sen-helder,Helder Barbalho,8,"Helder Zahluth Barbalho GCRB • GCME • GOMA (Belém, 18 de maio de 1979) é um administrador e político brasileiro. Filiado ao Movimento Democr",aceito
PA,pa-sen-livia-noronha,Eleições estaduais no Pará em 2026,3,Senado no Pará». PONTO DE PAUTA - PARÁ. Consultado em 16 de junho de 2026  «Solidariedade lança Lívia Noronha como candidata ao Senado pelo ,sem verbete localizado
PA,pa-sen-zequinha-marinho,Zequinha Marinho,6,"José da Cruz Marinho, também conhecido como Zequinha Marinho (Araguacema, Tocantins, 18 de setembro de 1959), é um pedagogo, técnico em cont",aceito
PB,pb-sen-andre-gadelha,Lista de deputados estaduais da Paraíba da 18.ª legislatura,3,Edmilson de Araújo Soares PEN João Pessoa  Paraíba 15333 André Avelino de Paiva Gadêlha Neto PMDB Sousa  Paraíba 51456 Ricardo Luís Barbosa ,sem verbete localizado
PB,pb-sen-dr-marcelo-queiroga,Marcelo Queiroga,9,"Marcelo Antônio Cartaxo Queiroga Lopes (João Pessoa, 4 de dezembro de 1965) é um médico cardiologista brasileiro filiado ao Partido Liberal ",aceito
PB,pb-sen-joao-azevedo,João Azevêdo,9,"João Azevêdo Lins Filho (João Pessoa, 14 de agosto de 1953) é um engenheiro civil e político brasileiro, filiado ao Partido Socialista Brasi",aceito
PB,pb-sen-joao-batista,Eleição municipal em João Pessoa em 2020,4,Rafael Freire Rafael Freire Santana UP Sem cargo político anterior João Batista João Batista Domingos UP Sem cargo político anterior Partido,sem verbete localizado
PB,pb-sen-major-fabio,Major Fábio,7,"Fábio Rodrigues de Oliveira, mais conhecido como Major Fábio (Recife, 4 de novembro de 1969) é um policial militar e político brasileiro, fi",aceito
PB,pb-sen-nabor,Nabor Wanderley,8,"Nabor Wanderley da Nóbrega Filho (Patos, 14 de setembro de 1965) é um advogado, empresário e político brasileiro, filiado ao Republicanos. F",aceito
PB,pb-sen-rinaldo-junior,Eleições estaduais na Paraíba em 2026,2,(PL) Partido Isolado 1 minuto e 29 segundos 272 Rinaldo Júnior Rinaldo Elias Pereira Júnior DC Sem cargo político anterior Jamaika Suênia (D,sem verbete localizado
PB,pb-sen-rosilene-santana,Eleições estaduais na Paraíba em 2026,2,Isolado Sem direito ao horário eleitoral 800 Rosilene Santana Rosilene da Silva Santana UP Sem cargo político anterior Conceição Brito (UP) ,sem verbete localizado
PB,pb-sen-veneziano,Veneziano Vital do Rêgo,9,"Veneziano Vital do Rêgo Segundo Neto (Campina Grande, 17 de julho de 1970) é um advogado e político brasileiro, filiado ao Movimento Democrá",aceito
PR,pr-sen-alexandre-curi,Alexandre Curi,8,"Alexandre Maranhão Khury (Curitiba, 9 de Abril de 1979) mais conhecido como Alexandre Curi é um gestor público e político brasileiro filiado",aceito
PR,pr-sen-cristina-graeml,Cristina Graeml,9,"Cristina Reis Graeml (Curitiba, 7 de dezembro de 1969) é uma jornalista, repórter, apresentadora de televisão, vlogger, empreendedora, polít",aceito
PR,pr-sen-deltan-dallagnol,Deltan Dallagnol,9,"Deltan Martinazzo Dallagnol (Pato Branco, 15 de janeiro de 1980) é um jurista e político brasileiro, filiado ao Partido Novo (NOVO), sendo a",aceito
PR,pr-sen-dr-rosinha,Dr. Rosinha,6,"Florisvaldo Fier, mais conhecido como Dr. Rosinha (Rolândia, 12 de novembro de 1950), é um médico, servidor público e político brasileiro. F",aceito
PR,pr-sen-filipe-barros,Filipe Barros,9,"Filipe Barros Baptista de Toledo Ribeiro (Londrina, 29 de maio de 1991) é um advogado e político brasileiro filiado ao Partido Liberal (PL).",aceito
PR,pr-sen-gleisi,Gleisi Hoffmann,8,"Gleisi Helena Hoffmann (Curitiba, 6 de setembro de 1965) é uma advogada e política brasileira, filiada ao Partido dos Trabalhadores (PT), é ",aceito
PR,pr-sen-joaquim-do-mlb,Eleições estaduais no Paraná em 2026,2, PSDB Cidadania (PSDB e Cidadania) e Avante) 800 Joaquim do MLB Joaquim Silva Maciel UP Sem cargo político anterior Paty Cota (UP) Fernando ,sem verbete localizado
PR,pr-sen-karen-guerreiro,Pesquisas eleitorais para a eleição estadual de 2026 no Paraná,3,"comunicação e empresas privadas. O Paraná Pesquisas também realizou levantamentos por iniciativa própria em outros estados e, no Paraná, man",sem verbete localizado
PR,pr-sen-marcelo-marcelino,Eleições estaduais no Paraná em 2026,3,"Fortaleza do Paraná (PL, NOVO e PODE) 290 Marcelo Marcelino Marcelo Goncalves Marcelino PCO Sem cargo político anterior Zé Paulo (PCO) Alexa",sem verbete localizado
PE,pe-sen-carlos-sant-anna,Eleições estaduais em Pernambuco em 2026,3,"Beija, Pedro (24 de abril de 2026). «Novo lança Carlos Sant&#039;Anna como pré-candidato ao Senado em Pernambuco». JC. Consultado em 14 de m",sem verbete localizado
PE,pe-sen-eduardo-da-fonte,Eduardo da Fonte,10,"Eduardo Henrique da Fonte de Albuquerque Silva (Recife, 17 de outubro de 1972) é um empresário e político brasileiro. É deputado federal por",aceito
PE,pe-sen-gorett-bitu,Eleições estaduais em Pernambuco em 2026,3,"eleições estaduais em Pernambuco seguem o calendário delas: Raquel Lyra (à época do PSDB), foi eleita como a nova governadora de Pernambuco ",sem verbete localizado
PE,pe-sen-humberto-costa,Humberto Costa,9,"Humberto Sérgio Costa Lima GOMM (Campinas, 7 de julho de 1957) é um médico, jornalista e político brasileiro, filiado ao Partido dos Trabalh",aceito
PE,pe-sen-mailson-da-silva-neto,Eleições estaduais em Pernambuco em 2026,3,"eleições estaduais em Pernambuco seguem o calendário delas: Raquel Lyra (à época do PSDB), foi eleita como a nova governadora de Pernambuco ",sem verbete localizado
PE,pe-sen-mariano-macedo,Sérgio Teixeira de Macedo,3,brasileiro. Foi presidente da província de Pernambuco por alguns meses entre 1856 e 1857. «Sérgio Teixeira de Macedo». IHGB. Consultado em 1,sem verbete localizado
PE,pe-sen-marilia-arraes,Marília Arraes,9,"Marília Valença Rocha Arraes de Alencar (Recife, 12 de abril de 1984) é uma advogada e política brasileira, filiada ao Partido Democrático T",aceito
PE,pe-sen-mendonca-filho,Mendonça Filho (político),7,"José Mendonça Bezerra Filho GCRB • GCME • GOMA (Recife, 12 de junho de 1966) é um administrador e político brasileiro filiado ao Partido Lib",aceito
PE,pe-sen-pastor-gilvan-costa,Eleições estaduais em Pernambuco em 2026,3,anterior Sem direito ao horário eleitoral 355 Pastor Gilvan Costa Gilvan Oliveira Costa Democrata Deputado Estadual por Pernambuco (1999–200,sem verbete localizado
PE,pe-sen-paulo-rubem-santiago,Paulo Rubem,9,"Paulo Rubem Santiago Ferreira (Rio de Janeiro, 17 de julho de 1955) é um professor e político brasileiro, filiado à Rede Sustentabilidade (R",aceito
PE,pe-sen-samuel-timoteo,Eleições estaduais em Pernambuco em 2026,3,"eleições estaduais em Pernambuco seguem o calendário delas: Raquel Lyra (à época do PSDB), foi eleita como a nova governadora de Pernambuco ",sem verbete localizado
PE,pe-sen-tulio-gadelha,Túlio Gadêlha,9,"Túlio Gadêlha Sales de Melo (Recife, 12 de novembro de 1987) é um servidor público e político brasileiro. Filiado atualmente ao PSD, exerce ",aceito
PI,pi-sen-alexandre-mariano,Alexandre Padilha,4,"Alexandre Rocha Santos Padilha (São Paulo, 14 de setembro de 1971) é um médico e político brasileiro, filiado ao Partido dos Trabalhadores (",sem verbete localizado
PI,pi-sen-antonio-barros,Pesquisas eleitorais para a eleição estadual de 2026 no Piauí,3,"realizadas no Piauí em 2026 apresentaram um dos maiores volumes entre os estados brasileiros. Em 16 de julho, o Tribunal Regional Eleitoral ",sem verbete localizado
PI,pi-sen-antonio-jose-lira,Freitas Neto,6,"Antônio de Almendra Freitas Neto, ou apenas Freitas Neto, (Teresina, 13 de março de 1947) é um economista e político brasileiro filiado ao P",rejeitado: título sem token distintivo do nome
PI,pi-sen-ciro-nogueira,Ciro Nogueira,9,"Ciro Nogueira Lima Filho (Teresina, 21 de novembro de 1968) é um advogado, empresário e político brasileiro, filiado ao Progressistas (PP), ",aceito
PI,pi-sen-cloves-jose,Eleições estaduais no Piauí em 2026,3,"político-eleitoral e seu desempenho em pesquisas eleitorais, apoiado por conseguinte a candidatura de Joel Rodrigues. A eleição senatorial n",sem verbete localizado
PI,pi-sen-danniel-rocha,Eleições estaduais no Piauí em 2026,3,"político-eleitoral e seu desempenho em pesquisas eleitorais, apoiado por conseguinte a candidatura de Joel Rodrigues. A eleição senatorial n",sem verbete localizado
PI,pi-sen-dionisio-carvalho,Eleições estaduais no Piauí em 2026,3,entrevistas com candidatos ao Governo do Piauí». Rede Globo. 10 de setembro de 2018. Consultado em 30 de agosto de 2026  Portal da política ,sem verbete localizado
PI,pi-sen-francinaldo-leao,Eleições estaduais no Piauí em 2026,3,"político-eleitoral e seu desempenho em pesquisas eleitorais, apoiado por conseguinte a candidatura de Joel Rodrigues. A eleição senatorial n",sem verbete localizado
PI,pi-sen-irmao-evandro-marques,João Lustosa da Cunha Paranaguá,4,"do Livramento de Parnaguá, Piauí, 21 de agosto de 1821 – Rio de Janeiro, 9 de fevereiro de 1912) foi um magistrado e político brasileiro. Go",sem verbete localizado
PI,pi-sen-jardenya-bezerra,Eleições estaduais no Piauí em 2026,3,"político-eleitoral e seu desempenho em pesquisas eleitorais, apoiado por conseguinte a candidatura de Joel Rodrigues. A eleição senatorial n",sem verbete localizado
PI,pi-sen-jorge-lopes,Lista de políticos do Piauí por mandatos exercidos,3,oficiais segundo a mais recente divisão político-administrativa do estado do Piauí. Desde 19 de janeiro de 1947 o Piauí elegeu 14 governador,sem verbete localizado
PI,pi-sen-julio-cesar,"Júlio César (político, 1948)",9,"Júlio César de Carvalho Lima, mais conhecido como Júlio César, ComMM (Guadalupe, 25 de agosto de 1948) é um professor, professor, agricultor",aceito
PI,pi-sen-major-paulo-roberto,Eleição municipal em São Paulo em 2016,4,disputa pela Prefeitura de São Paulo . «Solidariedade aprova Major Olímpio como pré-candidato a prefeito de São Paulo». Solidariedade. 17 de,sem verbete localizado
PI,pi-sen-marcelo-castro,Marcelo Castro,10,"Marcelo Costa e Castro (São Raimundo Nonato, 9 de junho de 1950) é um médico e político brasileiro filiado ao MDB, com atuação política no P",aceito
PI,pi-sen-maria-madalena-nunes,Eleições estaduais no Piauí em 2022,3,de Madalena Nunes ao Governo do Piauí». G1. Consultado em 8 de agosto de 2022  «PT oficializa candidatura de Rafael Fonteles ao Governo do P,sem verbete localizado
PI,pi-sen-missionario-evandro-craveiro,Eleições estaduais no Piauí em 2026,3,"político-eleitoral e seu desempenho em pesquisas eleitorais, apoiado por conseguinte a candidatura de Joel Rodrigues. A eleição senatorial n",sem verbete localizado
PI,pi-sen-pastor-sena,Pesquisas eleitorais para a eleição estadual de 2026 no Piauí,3,"realizadas no Piauí em 2026 apresentaram um dos maiores volumes entre os estados brasileiros. Em 16 de julho, o Tribunal Regional Eleitoral ",sem verbete localizado
PI,pi-sen-pedro-laurentino,Eleições estaduais no Piauí em 2026,3,"político-eleitoral e seu desempenho em pesquisas eleitorais, apoiado por conseguinte a candidatura de Joel Rodrigues. A eleição senatorial n",sem verbete localizado
PI,pi-sen-tiago-junqueira,Eleições estaduais no Piauí em 2026,3,Cópia arquivada em 2 de agosto de 2026  «PL lança Tiago Junqueira como candidato ao Senado pelo Piauí». g1. 1 de agosto de 2026. Consultado ,sem verbete localizado
PI,pi-sen-toinho-dufrango,Eleições estaduais no Piauí em 2026,2,(MOBILIZA) Dyego Soares (MOBILIZA) Partido Isolado 338 Toinho Dufrango Antonio Almeida de Sousa MOBILIZA Sem cargo político anterior Gersild,sem verbete localizado
RJ,rj-sen-andre-monteiro,Gabriel Monteiro (político),4,"Gabriel Luiz Monteiro de Oliveira (Rio de Janeiro, 4 de junho de 1994) é um youtuber, ativista e político brasileiro, filiado ao Partido Lib",sem verbete localizado
RJ,rj-sen-benedita-da-silva,Benedita da Silva,4,"Benedita Sousa da Silva Sampaio (Rio de Janeiro, 26 de abril de 1942) é uma servidora pública, professora, auxiliar de enfermagem, assistent",sem verbete localizado
RJ,rj-sen-carlos-jordy,Carlos Jordy,8,"Carlos Roberto Jordy Coelho de Mattos (Niterói, 8 de fevereiro de 1982), ou simplesmente Carlos Jordy, é funcionário público e um político b",aceito
RJ,rj-sen-carlos-portinho,Carlos Portinho,10,"Carlos Francisco Portinho (Rio de Janeiro, 2 de julho de 1973), conhecido como Carlos Portinho ou simplesmente Portinho é um advogado e polí",aceito
RJ,rj-sen-helio-secco,Eleições estaduais no Rio de Janeiro em 2026,2,minutos e 36 segundos (dividido com Pedro Paulo) 144 Hélio Secco Hélio Kinast Cruz Secco MISSÃO Sem cargo político anterior Moisés Queiroz (,sem verbete localizado
RJ,rj-sen-luciano-mattos,Pompeo de Mattos,4,"Darci Pompeo de Mattos ComMM (Santo Augusto, 12 de julho de 1958) é um advogado, bancário e político brasileiro filiado ao Partido Democráti",sem verbete localizado
RJ,rj-sen-luiz-eugenio,Eugênio Aragão,4,"Eugênio José Guilherme de Aragão (Rio de Janeiro, 7 de maio de 1959) é um jurista e advogado brasileiro. Foi membro do Ministério Público Fe",sem verbete localizado
RJ,rj-sen-marcelo-crivella,Marcelo Crivella,10,"Marcelo Bezerra Crivella (Rio de Janeiro, 9 de outubro de 1957) é um engenheiro, escritor religioso e político brasileiro, filiado ao Republ",aceito
RJ,rj-sen-marcos-dias,Marcos Pereira,8," Nota: Para o pastor que não é político, veja Marcos Pereira da Silva. Marcos Antônio Pereira GCRB (Linhares, 4 de abril de 1972) é um advog",aceito
RJ,rj-sen-michelly-xavier,Eleições estaduais no Rio de Janeiro em 2026,2,segundos (dividido com Benedita da Silva) 800 Michelly Xavier Michelly Xavier de Souza UP Sem cargo político anterior Roberto Vasconcellos (,sem verbete localizado
RJ,rj-sen-monica-benicio,Monica Benicio,10,"Monica Tereza Azeredo Benicio (Rio de Janeiro, 31 de janeiro de 1986) é arquiteta e urbanista, lésbica feminista, militante dos direitos hum",aceito
RJ,rj-sen-o-clemente,Eleições estaduais no Rio de Janeiro em 2026,2,Isolado Sem direito ao horário eleitoral 355 Ó Clemente Clemente Sebastião de Almeida Campos Democrata Sem cargo político anterior Alberto B,sem verbete localizado
RJ,rj-sen-paula-falcao,Armando Falcão,4,"Armando Ribeiro Severo Falcão (Fortaleza, 11 de outubro de 1919 – Rio de Janeiro, 10 de fevereiro de 2010) foi um político brasileiro, mais ",sem verbete localizado
RJ,rj-sen-pedro-paulo,Pedro Paulo (político),10,"Pedro Paulo Carvalho Teixeira (Rio de Janeiro, ⁣29 de junho de 1972) é um economista e político brasileiro, filiado ao Partido Social Democr",aceito
RJ,rj-sen-vinicius-benevides,Eleições estaduais no Rio de Janeiro em 2026,2,Sem direito ao horário eleitoral 808 Vinícius Benevides Vinícius Benevides dos Santos Conceição UP Sem cargo político anterior Gabriela Gonç,sem verbete localizado
RJ,rj-sen-waguinho,Waguinho (político),6,"Wagner dos Santos Carneiro, mais conhecido como Waguinho (Belford Roxo, 29 de outubro de 1971) é um político brasileiro, filiado ao Republic",aceito
RN,rn-sen-clovis-costa-do-coletivo-nos,Eleições estaduais no Rio Grande do Norte em 2026,2,Costa (Agir) Partido Isolado 369 Clóvis Costa do Coletivo Nós Clóvis Ferreira da Costa Agir Sem cargo político anterior Gari Aldair (Agir) P,sem verbete localizado
RN,rn-sen-coronel-helio,Hélio Lopes,4,"Hélio Fernando Barbosa Lopes (Queimados, 28 de março de 1969), também conhecido como Hélio Negão ou Hélio Bolsonaro, é um militar da reserva",sem verbete localizado
RN,rn-sen-gari-wendell-batista,Eleições estaduais no Rio Grande do Norte em 2026,2,Agente Judiciário (DC) Partido Isolado 360 Gari Wendell Batista Wendell Batista dos Santos Agir Sem cargo político anterior José Neto (Agir),sem verbete localizado
RN,rn-sen-linhares-jiboia,Eleições estaduais no Rio Grande do Norte em 2026,2,"Cidadania (PSDB e Cidadania), PODE e NOVO) 277 Linhares Jibóia Gladyer Linhares Godeiro DC Sem cargo político anterior Wilka Nóbrega (DC) Al",sem verbete localizado
RN,rn-sen-luciana-mandu,Eleições estaduais no Rio Grande do Norte em 2026,2,"Cuida (FE Brasil (PT, PCdoB e PV), PDT e PSB) 161 Luciana Lima Luciana Lima da Silva PSTU Sem cargo político anterior Kelly Jane (PSTU) Mári",sem verbete localizado
RN,rn-sen-professor-guilherme,Guilherme Boulos,4,"Guilherme Castro Boulos (São Paulo, 19 de junho de 1982) é um professor, psicanalista, escritor, ativista e político brasileiro, filiado ao ",sem verbete localizado
RN,rn-sen-rafael-motta,Rafael Motta,9,"Rafael Huete da Motta (Natal, 15 de agosto de 1986) é um político brasileiro, filiado ao Partido Democrático Trabalhista (PDT). É graduado e",aceito
RN,rn-sen-rosalia-fernandes,Eleições estaduais no Rio Grande do Norte em 2026,2,(PSTU) Mário Roberto (PSTU) Partido Isolado 166 Rosália Fernandes Rosália Maria Fernandes PSTU Sem cargo político anterior Nazareno Godeiro ,sem verbete localizado
RN,rn-sen-samanda-de-lula,Eleições estaduais no Rio Grande do Norte em 2026,2,"Cuida (FE Brasil (PT, PCdoB e PV), PDT e PSB) 131 Samanda de Lula Samanda Alves de Freitas PT FE Brasil Vereadora de Natal (2025–2026). Plúv",sem verbete localizado
RN,rn-sen-sandro-pimentel,Sandro Pimentel,9,"Sandro de Oliveira Pimentel (Ceará-Mirim, 28 de maio de 1966), é um servidor público, sindicalista e político brasileiro, eleito para a Asse",aceito
RN,rn-sen-sonia-godeiro,Eleições estaduais no Rio Grande do Norte em 2026,2,Wesley de Lima (PSOL) Fed. PSOL REDE (PSOL e REDE) 501 Sonia Godeiro Sonia Maria Godeiro PSOL Fed. PSOL REDE Sem cargo político anterior Mod,sem verbete localizado
RN,rn-sen-styvenson-valentim,Styvenson Valentim,9,"Eann Styvenson Valentim Mendes (Rio Branco, 7 de fevereiro de 1977) é um policial militar e político brasileiro, filiado ao Podemos (PODE). ",aceito
RN,rn-sen-tercio-tinoco,Eleições estaduais no Rio Grande do Norte em 2026,2,(Agir) Priscila Dutra (Agir) Partido Isolado 444 Tércio Tinoco Tércio Barreto Ramos Tinoco UNIÃO UPB Vereador de Natal (2021–2026); Marcos S,sem verbete localizado
RN,rn-sen-zenaide-maia,Zenaide Maia,9,"Zenaide Maia Calado Pereira dos Santos (Brejo do Cruz, 27 de novembro de 1954), mais conhecida como Zenaide Maia, é uma médica infectologist",aceito
RS,rs-sen-daniela-mulheres-socialistas,Eleições estaduais no Rio Grande do Sul em 2026,2,Solidária (PRD e Solidariedade)) 160 Daniela Mulheres Socialistas Daniela Maidana da Silva PSTU Sem cargo político anterior Aitana Godoy (PS,sem verbete localizado
RS,rs-sen-frederico-antunes,Frederico Antunes,9,"Frederico Cantori Antunes (Uruguaiana, 25 de outubro de 1968) é um engenheiro agrônomo e político brasileiro filiado ao Partido Social Democ",aceito
RS,rs-sen-luciano-do-mlb,Eleição municipal de Porto Alegre em 2024,2,"lançou o coordenador nacional do Movimento de Luta nos Bairros (MLB), Luciano Schafer como pré-candidato. Na eleição de 2024, a regra para o",sem verbete localizado
RS,rs-sen-manuela-d-avila,Manuela d'Ávila,9,"Manuela Pinto Vieira d&#039;Ávila (Porto Alegre, 18 de agosto de 1981) é uma jornalista, escritora e política brasileira, filiada ao Partido",aceito
RS,rs-sen-marcel-van-hattem,Marcel van Hattem,10,"Marcel van Hattem OOMM • GORB (Dois Irmãos, 8 de novembro de 1985) é um jornalista e político brasileiro filiado ao Partido Novo (NOVO). Atu",aceito
RS,rs-sen-milton-cardoso,Maurício Cardoso,4,"Maurício Cardoso (Soledade, Rio Grande do Sul, 9 de agosto de 1888 — Santos, 2 de maio de 1938) foi um advogado, professor universitário e p",sem verbete localizado
RS,rs-sen-pimenta,Paulo Pimenta,8,"Paulo Roberto Severo Pimenta (Santa Maria, 19 de março de 1965) é um jornalista, técnico agrícola e político brasileiro, filiado ao Partido ",aceito
RS,rs-sen-regis-ethur,Eleições estaduais no Rio Grande do Sul em 2026,2,Godoy (PSTU) Marcela Azevedo (PSTU) Partido Isolado 161 Regis Ethur Regis Batista Ethur PSTU Sem cargo político anterior Denior Machado (PST,sem verbete localizado
RS,rs-sen-renato-jaguarao,Eleições estaduais no Rio Grande do Sul em 2026,2,"PP), NOVO, PODE, Republicanos e DC) 234 Renato Jaguarão Paulo Renato Jaguarão Silva da Rosa Cidadania Fed. PSDB Cidadania Sem cargo político",sem verbete localizado
RS,rs-sen-ric-jones,Eleições estaduais no Rio Grande do Sul em 2026,2,(Cidadania) Fed. PSDB Cidadania (PSDB e Cidadania) 290 Ric Jones Ricardo Herbert Jones PCO Sem cargo político anterior Domingos Alessandrett,sem verbete localizado
RS,rs-sen-rigotto,Germano Rigotto,8,"Germano Antônio Rigotto GOMM (Caxias do Sul, 24 de setembro de 1949) é um advogado, cirurgião-dentista e político brasileiro filiado ao Movi",aceito
RS,rs-sen-sanderson,Ubiratan Sanderson,8,"Ubiratan Antunes Sanderson (Erechim, 1 de dezembro de 1969) é um policial federal e político brasileiro filiado ao Partido Liberal (PL). Atu",aceito
RS,rs-sen-tania-peres,Pesquisas eleitorais para a eleição estadual de 2026 no Rio Grande do Sul,2,"de pesquisas eleitorais para a eleição estadual de 2026 no estado do Rio Grande do Sul. Desde as eleições de 2022, empresas de pesquisa de o",sem verbete localizado
RO,ro-sen-acir-gurgacz,Acir Gurgacz,9,"Acir Marcos Gurgacz (Cascavel, 25 de fevereiro de 1962) é um ex-Senador da república, filiado ao Partido Democrático Trabalhista (PDT). Em 2",aceito
RO,ro-sen-aires-mota,Eleições estaduais em Rondônia em 2026,3,"Juntos por Rondônia (PL, PODE, NOVO e MOBILIZA) 432 Aires Mota Aires Mota de Almeida PV FE Brasil Sem cargo político anterior Toco do Sticce",sem verbete localizado
RO,ro-sen-bruno-bolsonaro-scheid,Eleições estaduais em Rondônia em 2026,3,julho de 2026. Cópia arquivada em 11 de julho de 2026  «PL oficializa Bruno Scheid e Dr. Fernando Máximo como candidatos ao Senado em Rondôn,sem verbete localizado
RO,ro-sen-dr-fernando-maximo,Fernando Máximo,10,"de testes de Covid-19 em Rondônia». Ministério Público de Rondônia. 11 de dezembro de 2025  «Deputado federal Fernando Máximo, ex-secretário",aceito
RO,ro-sen-engenheiro-thulio,Eleições estaduais em Rondônia em 2026,3,MDB de Rondônia». Tudo Rondônia. 30 de julho de 2026. Consultado em 31 de julho de 2026. Cópia arquivada em 31 de julho de 2026  Portal da p,sem verbete localizado
RO,ro-sen-luciana-oliveira,Eleições estaduais em Rondônia em 2026,3,Autoridade: Rondônia Forte de Verdade (MDB e PDT) 133 Luciana Oliveira Luciana de Oliveira e Silva PT FE Brasil Sem cargo político anterior ,sem verbete localizado
RO,ro-sen-luis-fernando,Fernando Dueire,4,"Fernando Antônio Caminha Dueire (Recife, 14 de abril de 1959) é um economista, servidor público e político brasileiro filiado ao Partido Soc",sem verbete localizado
RO,ro-sen-mariana-carvalho,Mariana Carvalho,9,"Mariana Fonseca Ribeiro Carvalho de Moraes (São Paulo, 26 de novembro de 1986), é uma médica, bacharel em direito e política brasileira, fil",aceito
RO,ro-sen-neidinha,Eleições estaduais em Rondônia em 2026,3,Confúcio Moura (MDB) – Senador por Rondônia (2019–2026). Retirou sua pré-candidatura em 30 de julho por decisão própria. Neidinha (PSB) – At,sem verbete localizado
RO,ro-sen-silvia-cristina,Silvia Cristina,9,"Silvia Cristina Amancio Chagas (Linhares, 15 de janeiro de 1974) é uma jornalista, professora e política brasileira filiada ao Progressistas",aceito
RR,rr-sen-barto-macuxi,Eleição suplementar para governador de Roraima em 2026,3,Nelita Frank Nelita Frank PT FE Brasil Socióloga Bartô Macuxi Bartolomeu da Silva Tomaz PSOL Fed. PSOL REDE Ativista Roraima da Esperança FE,sem verbete localizado
RR,rr-sen-chico-rodrigues,Chico Rodrigues,8,"Francisco de Assis Rodrigues GOMM (Recife, 23 de abril de 1951), conhecido como Chico Rodrigues, é um engenheiro agrônomo, empresário e polí",aceito
RR,rr-sen-helena-da-asatur,Helena Lima,8,"Maria Helena Teixeira Lima (Araguatins, 30 de março de 1976), mais conhecida como Helena da Asatur, é uma empresária e política brasileira f",aceito
RR,rr-sen-helio-bolsonaro,Hélio Lopes,8,"Hélio Fernando Barbosa Lopes (Queimados, 28 de março de 1969), também conhecido como Hélio Negão ou Hélio Bolsonaro, é um militar da reserva",aceito
RR,rr-sen-hilton-xavier,Câmara dos Deputados do Brasil,3,"São Paulo cada deputado representava, em 2018, 650 mil habitantes, em Roraima cada deputado representava apenas 72 mil habitantes. Foi criad",sem verbete localizado
RR,rr-sen-hiperion-de-oliveira,Pesquisas eleitorais para a eleição estadual de 2026 em Roraima,3,Hipérion de Oliveira (PV): 0% Helena de Asatur (MDB) Helena de Asatur (MDB) «TSE cassa mandato do governador e determina eleições diretas em,sem verbete localizado
RR,rr-sen-marcio-junqueira,Márcio Junqueira,9,"Marcio Henrique Junqueira Pereira (Sobradinho, 27 de janeiro de 1968) é um radialista e político brasileiro. Atualmente é filiado ao Partido",aceito
RR,rr-sen-mario-rocha,Adelmar Rocha,5,"militar, político e revolucionário brasileiro, outrora deputado federal pelo Piauí e governador de Roraima. Filho de Bertolino Alves da Roch",sem verbete localizado
RR,rr-sen-nicoletti,Antonio Carlos Nicoletti,9,"Antonio Carlos Nicoletti, (Ijuí, 21 de julho de 1981) é um servidor público e político brasileiro, filiado ao Partido Liberal (PL). Atualmen",aceito
RR,rr-sen-pastor-isamar,Eleições estaduais em Roraima em 2022,3,de Roraima. Representação eleita   Republicanos: 3   UNIÃO: 2   MDB: 2   PSD: 1 Esses são os 24 deputados estaduais eleitos pelo estado de R,sem verbete localizado
RR,rr-sen-regina-tio-ivo,2020 na televisão brasileira,3,arquivada em 28 de setembro de 2025  «Jornalista de afiliada da Record TV em Roraima é sequestrado». R7. 27 de outubro de 2020. Consultado e,sem verbete localizado
RR,rr-sen-rogerio-miranda,Eleições estaduais em Roraima em 2026,3,"2026  Côrtes, Tiago (27 de julho de 2026). «Rogério Miranda: DC confirma candidatura ao Senado em Roraima». g1. Consultado em 28 de julho de",sem verbete localizado
RR,rr-sen-teresa-surita,Teresa Surita,9,"Maria Teresa Sáenz Surita Guimarães (São Manuel, 14 de agosto de 1956) é uma turismóloga e política brasileira, filiada ao Movimento Democrá",aceito
SC,sc-sen-afranio-boppre,Afrânio Boppré,9,"Afrânio Tadeu Boppré (Florianópolis, 30 de outubro de 1960) é um economista, professor e político brasileiro filiado ao Partido Socialismo e",aceito
SC,sc-sen-ana-lucia-da-silveira-machado,Eleições estaduais em Santa Catarina em 2026,2, PCdoB e PV) e Fed. PSOL REDE (PSOL e REDE)) 800 Ana Lúcia Ana Lúcia da Silveira Machado UP Sem cargo político anterior Jaqueline Almeida Ca,sem verbete localizado
SC,sc-sen-carlos-bolsonaro,Carlos Bolsonaro,9,"Carlos Nantes Bolsonaro (Resende, 7 de dezembro de 1982) é um gestor aeronáutico e político brasileiro, filiado ao Partido Liberal (PL). Foi",aceito
SC,sc-sen-carol,Caroline De Toni,3,"Consultado em 29 de agosto de 2023  «Quem é Carol de Toni, deputada federal mais votada em Santa Catarina». G1. 3 de outubro de 2022. Consul",sem verbete localizado
SC,sc-sen-carol-de-toni,Caroline De Toni,8,"Caroline Rodrigues De Toni (Chapecó, 1 de setembro de 1986) é uma advogada e política brasileira filiada ao Partido Liberal (PL) . Foi eleit",aceito
SC,sc-sen-decio-lima,Décio Lima,9,"Décio Nery de Lima (Itajaí, 1 de outubro de 1960) é um político, advogado e professor brasileiro, filiado ao Partido dos Trabalhadores (PT).",aceito
SC,sc-sen-esperidiao-amin,Esperidião Amin,9,"Esperidião Amin Helou Filho (Florianópolis, 21 de dezembro de 1947) é um administrador empresarial, advogado, professor universitário e polí",aceito
SC,sc-sen-jeferson-rocha,Eleições estaduais em Santa Catarina em 2026,2,"PSDB Cidadania (PSDB e Cidadania), DC, Agir e Avante) 250 Jeferson da Rocha Jeferson da Rocha PRD Fed. Renovação Solidária Sem cargo polític",sem verbete localizado
SC,sc-sen-joaninha-de-oliveira,Eleição municipal em Florianópolis em 1996,2,de Educação de Florianópolis (1989). Partido Isolado 16 Joaninha Joaninha de Oliveira Johnson PSTU Sem cargo político anterior Diego de Stur,sem verbete localizado
SC,sc-sen-lunelli,Antídio Lunelli,8,"Antídio Aleixo Lunelli (Corupá, 16 de Junho de 1963) é um empresário e político brasileiro. Foi Prefeito de Jaraguá do Sul e atualmente exer",aceito
SC,sc-sen-marcos-dorval,Dorval Rodolfo Pamplona,4,"Dorval Rodolfo Pamplona (Gaspar, 8 de março de 1922 — Gaspar, 23 de julho de 2014) foi um político brasileiro. Pertencia aos quadros da Uniã",sem verbete localizado
SC,sc-sen-marlene-soccas,Eleições estaduais em Santa Catarina em 2026,2,Camargo (UP) Jorge Luiz Adão (UP) Partido Isolado 808 Marlene Soccas Marlene de Souza Soccas Sazan UP Sem cargo político anterior Adriana Ri,sem verbete localizado
SC,sc-sen-tulio-pfuetzenreiter,Eleições estaduais em Santa Catarina em 2026,2,PCdoB e PV) e Fed. PSOL REDE (PSOL e REDE)) 144 Túlio de Amorim Túlio de Amorim Pfuetzenreiter MISSÃO Sem cargo político anterior Comandante,sem verbete localizado
SP,sp-sen-andre-do-prado,André do Prado,9,"André Luis do Prado, mais conhecido como André do Prado (Guararema, 7 de junho de 1969), é um analista de sistemas e político brasileiro, fi",aceito
SP,sp-sen-dra-eliana-ferreira,Eleições estaduais em São Paulo em 2010,2,Grabois PCB Wagner Farias PCB 21 — Candidaturas indeferidas Luiz Carlos Prates PSTU Eliana Lúcia Ferreira PSTU 16 — Paulo Bufalo PSOL Aldo S,sem verbete localizado
SP,sp-sen-ednelson-cesaretti,Eleições estaduais em São Paulo em 2026,2,Gomes Ferreira (Cidadania) Partido Isolado 24 segundos 290 Ednelson Cesaretti Ednelson Cesaretti PCO Sem cargo político anterior Carlos Augu,sem verbete localizado
SP,sp-sen-geraldo-rufino,Eleições estaduais em São Paulo em 2026,2,24 segundos (compartilhado com Simone Tebet) 200 Geraldo Rufino Geraldo Aristides Rufino PODE Sem cargo político anterior Ana Estima (PODE) ,sem verbete localizado
SP,sp-sen-guilherme-derrite,Guilherme Derrite,9,"Guilherme Muraro Derrite (Sorocaba, 10 de outubro de 1984), também conhecido como Capitão Derrite, é um policial militar e político brasilei",aceito
SP,sp-sen-guto-schiavetto,Eleições estaduais em São Paulo em 2026,2,segundos (compartilhado com André do Prado) 144 Guto Schiavetto Ricardo Augusto Mangue Schiavetto MISSÃO Sem cargo político anterior Medon (,sem verbete localizado
SP,sp-sen-maira-de-souza,Eleições estaduais em São Paulo em 2026,2,"estaduais em São Paulo em 2026 ocorrerão inicialmente em turno único, a ser realizado em 4 de outubro do referido ano, com objetivo de elege",sem verbete localizado
SP,sp-sen-marcio-alves,Márcio Moreira Alves,6,"Márcio Emanuel Moreira Alves OMM (Rio de Janeiro, 14 de julho de 1936 — Rio de Janeiro, 3 de abril de 2009) foi um acadêmico, advogado, cien",aceito
SP,sp-sen-marina-silva,Marina Silva,4,"Maria Osmarina Marina da Silva Vaz de Lima (nascida Maria Osmarina da Silva; Rio Branco, 8 de fevereiro de 1958), mais conhecida por Marina ",sem verbete localizado
SP,sp-sen-petter-maahs,Eleições estaduais em São Paulo em 2026,2,Albuquerque (PODE) Partido Isolado 27 segundos 211 Petter Maahs Petter Maahs da Silva PCB Sem cargo político anterior Olga Soares Gallati (P,sem verbete localizado
SP,sp-sen-salles,Ricardo Salles (político),9,"Ricardo de Aquino Salles (São Paulo, 8 de junho de 1975) é um advogado, administrador e político brasileiro, filiado ao Partido Novo (NOVO).",aceito
SP,sp-sen-simone-tebet,Simone Tebet,9,"Simone Nassar Tebet (Três Lagoas, 22 de fevereiro de 1970) é uma advogada, professora e política brasileira, filiada ao Partido Socialista B",aceito
SP,sp-sen-soninha-francine,Soninha Francine,9,"Sonia Francine Gaspar Marmo (São Paulo, 25 de agosto de 1967) é uma jornalista, comunicadora, consultora e política brasileira, filiada ao C",aceito
SP,sp-sen-weller-goncalves,Eleições estaduais em São Paulo em 2026,2,julho de 2026). «São José dos Campos: PSTU oficializa candidatura de Weller Gonçalves ao Senado nas eleições de 2026». 012 News. Consultado ,sem verbete localizado
SP,sp-sen-william-teixeira,Teixeira Lott,4,"Batista Duffles Teixeira Lott GCC • GCA (Barbacena, 16 de novembro de 1894 – Rio de Janeiro, 19 de maio de 1984) foi um militar e político b",sem verbete localizado
SE,se-sen-andre-moura,André Moura,8,"André Luis Dantas Ferreira, mais conhecido como André Moura (Salvador, 23 de fevereiro de 1972), é um político brasileiro filiado ao UNIÃO, ",aceito
SE,se-sen-coronel-rocha,Joaquim da Rocha Alves,5,"Joaquim da Rocha Alves (Angra do Heroísmo, 15 de janeiro de 1903 — Angra do Heroísmo, 29 de novembro de 1961), foi um médico e político, que",sem verbete localizado
SE,se-sen-delegado-alessandro,Alessandro Vieira,8,"Alessandro Vieira (Passo Fundo, 3 de abril de 1975) é um policial civil e político brasileiro, filiado ao Movimento Democrático Brasileiro (",aceito
SE,se-sen-delegado-andre-david,André David,9,"André David Caldas Rosa Rodrigues (Salvador, 29 de setembro de 1973), conhecido como Delegado André David, é um delegado de polícia e políti",aceito
SE,se-sen-eduardo-amorim,Eduardo Amorim,9,"procura o ex-futebolista brasileiro, veja Eduardo Fernandes Amorim. Eduardo Alves do Amorim (Itabaiana, 17 de maio de 1963) é um político br",aceito
SE,se-sen-edvaldo,Edvaldo Nogueira,8," Nota: Não confundir com Etevaldo Nogueira. Edvaldo Nogueira Filho (Pão de Açúcar, 25 de janeiro de 1961) é um político brasileiro filiado a",aceito
SE,se-sen-iran-barbosa,"Iran Barbosa (político, 1966)",9,"José Iran Barbosa Filho (Aracaju, 21 de junho de 1966) é um professor e político brasileiro filiado ao Partido Socialismo e Liberdade (PSOL)",aceito
SE,se-sen-paulinho-da-uniao-tur,Eleições estaduais em Sergipe em 2010,3,As eleições estaduais em Sergipe em 2010 ocorreram em 3 de outubro como parte das eleições em 26 estados e no Distrito Federal. Foram eleito,sem verbete localizado
SE,se-sen-renatinha,Lista de deputados estaduais de Sergipe da 13.ª legislatura,3,é a lista de deputados estaduais de Sergipe para a legislatura 1995–1999. «Resultados das Eleições 1994 - Sergipe - deputado estadual». Cópi,sem verbete localizado
SE,se-sen-rodrigo-valadares,Rodrigo Valadares,9,"Rodrigo Santana Valadares (Aracaju, 6 de agosto de 1989) é um empresário e político brasileiro filiado ao Partido Liberal (PL). Em 2018, foi",aceito
SE,se-sen-rogerio-carvalho,Rogério Carvalho,9,"Rogério Carvalho Santos (Lagarto, 2 de agosto de 1968) é um médico e político brasileiro, filiado ao Partido dos Trabalhadores (PT). Atualme",aceito
TO,to-sen-alexandre-guimaraes,José Alexandre Guimarães,10,"José Alexandre Domingues Guimarães, (Araguaína, 19 de fevereiro de 1986) é um advogado, produtor rural e político brasileiro filiado ao Movi",aceito
TO,to-sen-apostolo-flavio-braga,Eleições estaduais no Tocantins em 2026,2,Lusinete Araujo (PL) Candidatura Avulsa 277 Apóstolo Flávio Braga Flávio Alves Braga DC Sem cargo político anterior Advar Júnior (DC) Neriva,sem verbete localizado
TO,to-sen-coronel-nilton-santos,Nilton Neves,4,"Milton Neves (jornalista esportivo). Nilton Silva das Neves (Belém, 21 de maio de 1958) é um delegado de polícia e político brasileiro filia",sem verbete localizado
TO,to-sen-eduardo-gomes,Eduardo Gomes (desambiguação),9,"a: Eduardo Gomes (1896–1981), militar e político brasileiro Carlos Eduardo Torres Gomes (1966–), empresário e político brasileiro Eduardo Go",rejeitado: título sem token distintivo do nome
TO,to-sen-eli-borges,Eli Borges,9,"Eli Dias Borges (Ipameri, 19 de setembro de 1961), mais conhecido como Eli Borges é um contador e político brasileiro, filiado ao Republican",aceito
TO,to-sen-fabio-ribeiro,Pesquisas eleitorais para a eleição estadual de 2026 no Tocantins,3,"de pesquisas eleitorais para a eleição estadual de 2026 no estado de Tocantins. Desde as eleições de 2022, empresas de pesquisa de opinião p",sem verbete localizado
TO,to-sen-gaguim,Carlos Gaguim,7,"Carlos Henrique Amorim, mais conhecido como Gaguim, (Ceres, 21 de abril de 1961) é um administrador de empresas e político brasileiro filiad",aceito
TO,to-sen-helio-rodrigues-bolsonaro,Chico Rodrigues,4,"Francisco de Assis Rodrigues GOMM (Recife, 23 de abril de 1951), conhecido como Chico Rodrigues, é um engenheiro agrônomo, empresário e polí",sem verbete localizado
TO,to-sen-osvany-luz,Eleições estaduais no Tocantins em 2026,2,(DEMOCRATA) Vanda Rodrigues (DEMOCRATA) Partido Isolado 355 Osvany Luz Osvani Pereira da Luz DEMOCRATA Sem cargo político anterior Zuleica N,sem verbete localizado
TO,to-sen-paulo-mourao,Paulo Mourão,9,"Paulo Sardinha Mourão (Cristalândia, 9 de março de 1956) é um engenheiro agrônomo e político brasileiro, filiado ao Partido dos Trabalhadore",aceito
TO,to-sen-professor-osvaldo,Pesquisas eleitorais para a eleição estadual de 2026 no Tocantins,3,"de pesquisas eleitorais para a eleição estadual de 2026 no estado de Tocantins. Desde as eleições de 2022, empresas de pesquisa de opinião p",sem verbete localizado
TO,to-sen-ronaldo-dimas,Ronaldo Dimas,9,"Ronaldo Dimas Nogueira Pereira (Frutal, 27 de abril de 1961) é engenheiro civil, formado pela Universidade de Uberaba, e empresário filiado ",aceito
TO,to-sen-vanderlei-luxemburgo,Vanderlei Luxemburgo,9,"Vanderlei Luxemburgo da Silva (Nova Iguaçu, 10 de maio de 1952) é um ex-treinador, político e ex-futebolista brasileiro que atuava como late",aceito
